"","OQ818319","PP766459","OQ818340","KX759619.1","KX759623.1","KX759621.1","KX759622.1","NC_033776.1","OR951138.1","OQ818347","PP712001.1","PP712004.1","OR951145.1","PP766470","PP712015.1","OP963623.1","PP712008.1","PV788824","OQ709197.1","OP963622.1","ON872527.1","OR951128.1","OR951137.1","OR951149.1","OR951129.1","OR951148.1","OR951136.1","JN899072.1","JN899074.1","NC_017936.1","OP930875.1","OR951107.1","OR951109.1","OR951153.1","OR951157.1","OP930874.1","OR951112.1","OR951116.1","OR951118.1","OR951119.1","OR951151.1","OR951113.1","OR951115.1","OR951120.1","OR951099.1","OR951104.1","OR951106.1","OR951100.1","OR951147.1","OR951142.1","OR951143.1","OR951121.1","OR951144.1","OR951139.1","OR951140.1","DQ058829.1","MN102395.1","OR837777.1","OR837779.1","AB455793.2","NC_006554.1","AB630068.3","LC715150.1","MF944258.1","MG515473.1","MG515474.1","MG515475.1","AB689846.2","NC_010624.1","AY646855.2","AB522397.2","KX274477.1","OR837774.1","OR837780.1","KP067444.1","MZ488272.1","AB689845.2","LC504404.1","AY237419.2","LC190463.1","MN102403.1","MK599471.1","MN102407.1","MN102408.1","OR837776.1","AB522390.3","OP255973.1","OR837781.1","AB614356.1","LC504371.1","JX993277.1","MG515476.1","MG515478.1","MG515477.1","MG515479.1","LC504350.1","LC504354.1","LC504385.1","OR517473.1","LC504364.1","LC504365.1","LC504367.1","MK250983.1","MK250984.1","MK250985.1","MK250988.1","MK250986.1","MK250987.1","MN102397.1","AB623037.2","AY237422.3","AY237423.2","KP298674.1","LC504315.1","LC504342.1","LC504312.1","AY646853.2","LC504334.1","LC504341.1","NC_006269.1","AY646854.2","KT327081.1","MZ576278.1","KX980412.1","LC715151.1","OR672551.1","OR672556.1","OR672552.1","OR672554.1","OR672558.1","OR672555.1","OR672557.1","OR672553.1","MN187064.1","LC671561.1","MK111628.1","MK111630.1","MK111629.1","LC504326.1","NC_075724.1","LC380411.1","MN509083.1","OR672559.1","OR951108.1","KX000383.1","MW285639.1","OK484997.1","LC483440.1","LC215885.1","AY646856.2","KX431437.1","KY040366.1","NC_027026.1","OR951126.1","OR951127.1","LC215895.1","FJ387164.1","JX678943.1","KF204570.1","KX688105.1","KX688107.1","LC215877.1","LC215878.1","LC215879.1","MK965900.1","MW316750.1","KT922089.1","MK965901.1","MK965904.1","MW316743.1","MW316752.1","MW316755.1","MW316759.1","MW316751.1","MK965898.1","PP388958.1","MW285642.1","OK485000.1","MW285640.1","OK484998.1","MW285641.1","OK484999.1","MW316744.1","MK962337.1","MK962338.1","MK962339.1","MK962340.1","LC215881.1","LC215884.1","LC215883.1","KT922087.1","KT922088.1","NC_000940.1","KT945133.1","LC215875.1","LC215876.1","LC215874.1","LC215880.1","MW316756.1","LC215882.1","OR951101.1","LC215896.2","PP105600.1","LC215897.2","LC215889.1","LC215890.1","LC215892.1","LC215894.1","KX000384.1","LC215891.1","LC215893.1","LC215898.1","LC215899.2","LC469052.1","MF766258.1","AY974192.2","KJ508818.1","LC215886.1","LC215887.1","LC215888.1","LC483441.1","MH003837.1"
"OQ818319",0,6.65366808182267e-05,0.0612417177247722,0.120080018039827,0.118223788298016,0.184386991002693,0.187025381653849,0.187044216840809,0.211530876289402,0.192452450619121,0.194250326456155,0.194294826829569,0.190911058035281,0.193406864764946,0.188483680881349,0.180019430143085,0.375140225355874,0.372173910444892,0.383741122083247,0.365260470263929,0.350171652937675,0.413376809225464,0.413425058336942,0.409818339297618,0.378568037327173,0.377979916335487,0.377435075819421,0.388724322684256,0.38879221654367,0.388701710984747,0.362544114928957,0.381611603618151,0.379435785560879,0.439627590984711,0.439110305868635,0.407377831537555,0.41108708531228,0.415352423164566,0.417479815727329,0.422884014534093,0.422787032788479,0.436883413000993,0.439902160445819,0.440605133432586,0.418210622346452,0.416583352577022,0.412022194829306,0.406137750683448,0.410096392915075,0.379447062331308,0.379498787024462,0.426748086223893,0.41236760962971,0.383213800900307,0.56947671022682,0.331228602943072,0.331125698966191,0.329897901589273,0.330030936278847,0.35658678131632,0.355514769803141,0.354157384224659,0.355044656644678,0.355788378986906,0.355538538552967,0.355519501789496,0.355500581888208,0.355168829911558,0.354881226488627,0.351018273908366,0.374592280564416,0.376087194319604,0.376932166085293,0.377247201665213,0.358267869619416,0.36064319001953,0.361048356740545,0.362769212971854,0.358892634906383,0.366067343466927,0.36600334701148,0.377891454316151,0.377696654435833,0.377734980342072,0.378115536518397,0.355573376173249,0.360337084617417,0.36155437624187,0.351354650960399,0.351354650960399,0.352104344157164,0.353617131287704,0.353617133667964,0.353579278479729,0.353598200087348,0.352323878570797,0.352537790680311,0.352379508640356,0.353921798840468,0.352404121637001,0.352422820188411,0.350957326652526,0.35365396054069,0.35365396054069,0.353750029657184,0.353264851830643,0.353226606236685,0.353207447535055,0.351205883853669,0.356827334232273,0.359317942975084,0.359527734423677,0.362342638547264,0.362994620276536,0.362024936903627,0.361962415851156,0.36473729149405,0.364540922147453,0.366896475603371,0.363520135386711,0.364751742900941,0.367427105706742,0.367505382749549,0.367742300692414,0.368516140254413,0.369787889412079,0.369483560702288,0.369629539247924,0.369662422502349,0.369543835634937,0.369119442274498,0.369447004404947,0.369579169367445,0.3678788725063,0.369509296493574,0.367154704146658,0.367604434002531,0.366739076726058,0.365320787482047,0.361466052349332,0.348014194818262,0.350793463963011,0.352575679923477,0.39210449593748,0.39910856383061,0.402387255584982,0.402387255584982,0.407158872817145,0.38941719119318,0.375294478159849,0.379080139297175,0.379098683561826,0.379712444044624,0.529369170689941,0.48529861514993,0.360663100768735,0.385240499945123,0.385188327203796,0.395845857905091,0.398369257172544,0.397806360675004,0.398047548446556,0.398402155554528,0.404592147447636,0.398393000227029,0.398904348715564,0.401013339614215,0.398497209389588,0.400132764859814,0.400132764859814,0.400234181532417,0.400272461926929,0.400226445055201,0.4012921957379,0.398906791493648,0.400928901582816,0.399028266448584,0.399028266448584,0.402681068748827,0.402681068748827,0.399364915897043,0.399364915897043,0.392909338663644,0.385249091222601,0.386613272803002,0.386065876245738,0.385987026420509,0.38597604903235,0.385760245175035,0.385788453942166,0.3759275838936,0.376074804777437,0.376095073755833,0.377203215858214,0.377827821395294,0.377848452890217,0.38289011331759,0.396203728278379,0.398045773675648,0.382304995755686,0.789593719291307,0.558439853269897,0.556641888087064,0.550197678561512,0.529513031420393,0.529513108821873,0.521873799112026,0.521934446584105,0.536822050002563,0.543365727097244,0.545692779257762,0.537740270267201,0.542983092164948,0.545178438738886,0.516127095344522,0.538347014817754,0.538225940692934,0.543415684805523,0.527124537096278,0.529339204946499,0.530000853644546,0.524504131477628
"PP766459",6.65366808182267e-05,0,0.0611757784606368,0.120014078775692,0.11815784903388,0.184321051738557,0.186959442389714,0.186978277576674,0.211464937025267,0.192386511354985,0.19418438719202,0.194228887565433,0.190845118771145,0.19334092550081,0.188417741617214,0.179953490878949,0.375074286091739,0.372107971180757,0.383675182819112,0.365194530999794,0.350105713673539,0.413310869961328,0.413359119072807,0.409752400033482,0.378502098063037,0.377913977071352,0.377369136555286,0.388658383420121,0.388726277279535,0.388635771720611,0.362478175664821,0.381545664354016,0.379369846296744,0.439561651720576,0.4390443666045,0.40731189227342,0.411021146048145,0.415286483900431,0.417413876463194,0.422818075269957,0.422721093524344,0.436817473736858,0.439836221181684,0.440539194168451,0.418144683082317,0.416517413312886,0.411956255565171,0.406071811419312,0.410030453650939,0.379381123067172,0.379432847760326,0.426682146959757,0.412301670365574,0.383147861636172,0.569410770962685,0.331162663678936,0.331059759702056,0.329831962325137,0.329964997014712,0.356520842052184,0.355448830539006,0.354091444960524,0.354978717380543,0.35572243972277,0.355472599288832,0.355453562525361,0.355434642624073,0.355102890647422,0.354815287224491,0.35095233464423,0.374526341300281,0.376021255055468,0.376866226821158,0.377181262401078,0.358201930355281,0.360577250755394,0.360982417476409,0.362703273707719,0.358826695642248,0.366001404202791,0.365937407747344,0.377825515052016,0.377630715171698,0.377669041077936,0.378049597254262,0.355507436909113,0.360271145353281,0.361488436977735,0.351288711696263,0.351288711696263,0.352038404893029,0.353551192023569,0.353551194403829,0.353513339215593,0.353532260823213,0.352257939306661,0.352471851416176,0.352313569376221,0.353855859576332,0.352338182372865,0.352356880924275,0.350891387388391,0.353588021276555,0.353588021276555,0.353684090393049,0.353198912566507,0.353160666972549,0.353141508270919,0.351139944589534,0.356761394968138,0.359252003710949,0.359461795159541,0.362276699283128,0.362928681012401,0.361958997639492,0.361896476587021,0.364671352229914,0.364474982883318,0.366830536339235,0.363454196122576,0.364685803636806,0.367361166442606,0.367439443485414,0.367676361428279,0.368450200990278,0.369721950147943,0.369417621438153,0.369563599983789,0.369596483238214,0.369477896370801,0.369053503010362,0.369381065140811,0.36951323010331,0.367812933242165,0.369443357229439,0.367088764882522,0.367538494738395,0.366673137461923,0.365254848217912,0.361400113085197,0.347948255554126,0.350727524698875,0.352509740659342,0.392038556673345,0.399042624566474,0.402321316320847,0.402321316320847,0.40709293355301,0.389351251929045,0.375228538895713,0.37901420003304,0.379032744297691,0.379646504780488,0.529303231425805,0.485232675885795,0.360597161504599,0.385174560680987,0.38512238793966,0.395779918640956,0.398303317908409,0.397740421410868,0.39798160918242,0.398336216290392,0.404526208183501,0.398327060962893,0.398838409451428,0.40094740035008,0.398431270125453,0.400066825595679,0.400066825595679,0.400168242268281,0.400206522662794,0.400160505791065,0.401226256473765,0.398840852229512,0.40086296231868,0.398962327184448,0.398962327184448,0.402615129484692,0.402615129484692,0.399298976632908,0.399298976632908,0.392843399399508,0.385183151958466,0.386547333538866,0.385999936981602,0.385921087156373,0.385910109768215,0.385694305910899,0.385722514678031,0.375861644629465,0.376008865513302,0.376029134491697,0.377137276594079,0.377761882131159,0.377782513626082,0.382824174053455,0.396137789014243,0.397979834411513,0.382239056491551,0.789527780027172,0.558373914005762,0.556575948822929,0.550131739297376,0.529447092156258,0.529447169557737,0.521807859847891,0.52186850731997,0.536756110738427,0.543299787833109,0.545626839993627,0.537674331003065,0.542917152900813,0.545112499474751,0.516061156080386,0.538281075553619,0.538160001428799,0.543349745541388,0.527058597832142,0.529273265682364,0.52993491438041,0.524438192213493
"OQ818340",0.0612417177247722,0.0611757784606368,0,0.116203731642289,0.114347501900477,0.180510704605154,0.183149095256311,0.183167930443271,0.207654589891864,0.188576164221582,0.190374040058617,0.190418540432031,0.187034771637743,0.189530578367407,0.184607394483811,0.176143143745547,0.371263938958336,0.368297624047354,0.379864835685709,0.361384183866391,0.346295366540136,0.409500522827925,0.409548771939404,0.40594205290008,0.374691750929634,0.374103629937949,0.373558789421883,0.384848036286718,0.384915930146132,0.384825424587208,0.358667828531418,0.377735317220613,0.375559499163341,0.435751304587173,0.435234019471097,0.403501545140017,0.407210798914742,0.411476136767028,0.413603529329791,0.419007728136554,0.418910746390941,0.433007126603455,0.436025874048281,0.436728847035048,0.414334335948914,0.412707066179483,0.408145908431768,0.402261464285909,0.406220106517536,0.37557077593377,0.375622500626923,0.422871799826354,0.408491323232171,0.379337514502769,0.565600423829282,0.327352316545533,0.327249412568653,0.326021615191735,0.326154649881309,0.352710494918781,0.351638483405603,0.350281097827121,0.35116837024714,0.351912092589367,0.351662252155429,0.351643215391958,0.35162429549067,0.351292543514019,0.351004940091088,0.347141987510828,0.370715994166878,0.372210907922065,0.373055879687755,0.373370915267675,0.354391583221878,0.356766903621991,0.357172070343006,0.358892926574316,0.355016348508845,0.362191057069388,0.362127060613941,0.374015167918613,0.373820368038295,0.373858693944533,0.374239250120859,0.35169708977571,0.356460798219878,0.357678089844332,0.34747836456286,0.34747836456286,0.348228057759626,0.349740844890166,0.349740847270426,0.34970299208219,0.34972191368981,0.348447592173258,0.348661504282773,0.348503222242818,0.35004551244293,0.348527835239462,0.348546533790872,0.347081040254988,0.349777674143152,0.349777674143152,0.349873743259646,0.349388565433104,0.349350319839146,0.349331161137516,0.347329597456131,0.352951047834735,0.355441656577546,0.355651448026138,0.358466352149725,0.359118333878998,0.358148650506089,0.358086129453618,0.360861005096512,0.360664635749915,0.363020189205832,0.359643848989173,0.360875456503403,0.363550819309203,0.363629096352011,0.363866014294876,0.364639853856875,0.36591160301454,0.36560727430475,0.365753252850386,0.365786136104811,0.365667549237399,0.36524315587696,0.365570718007408,0.365702882969907,0.364002586108762,0.365633010096036,0.363278417749119,0.363728147604993,0.36286279032852,0.361444501084509,0.357589765951794,0.344137908420723,0.346917177565472,0.348699393525939,0.388228209539942,0.395232277433072,0.398510969187444,0.398510969187444,0.403282586419607,0.385540904795642,0.37141819176231,0.375203852899637,0.375222397164288,0.375836157647085,0.525492884292402,0.481422328752392,0.356786814371197,0.381364213547584,0.381312040806258,0.391969571507553,0.394492970775006,0.393930074277465,0.394171262049017,0.394525869156989,0.400715861050098,0.39451671382949,0.395028062318025,0.397137053216677,0.39462092299205,0.396256478462276,0.396256478462276,0.396357895134878,0.396396175529391,0.396350158657662,0.397415909340362,0.395030505096109,0.397052615185277,0.395151980051046,0.395151980051046,0.398804782351289,0.398804782351289,0.395488629499505,0.395488629499505,0.389033052266105,0.381372804825063,0.382736986405463,0.382189589848199,0.38211074002297,0.382099762634812,0.381883958777496,0.381912167544628,0.372051297496062,0.372198518379899,0.372218787358295,0.373326929460676,0.373951534997756,0.373972166492679,0.379013826920052,0.392327441880841,0.39416948727811,0.378428709358148,0.785717432893769,0.554563566872359,0.552765601689526,0.546321392163973,0.525636745022855,0.525636822424334,0.517997512714488,0.518058160186567,0.532945763605025,0.539489440699706,0.541816492860224,0.533863983869662,0.53910680576741,0.541302152341348,0.512250808946983,0.534470728420216,0.534349654295396,0.539539398407985,0.523248250698739,0.525462918548961,0.526124567247007,0.52062784508009
"KX759619.1",0.120080018039827,0.120014078775692,0.116203731642289,0,0.0568381560001537,0.175219131203256,0.177857521854413,0.177876357041373,0.202363016489966,0.183284590819684,0.185082466656719,0.185126967030132,0.181743198235844,0.184239004965509,0.179315821081912,0.170851570343648,0.365972365556437,0.363006050645456,0.374573262283811,0.356092610464493,0.341003793138238,0.404208949426027,0.404257198537505,0.400650479498181,0.369400177527736,0.368812056536051,0.368267216019984,0.379556462884819,0.379624356744234,0.37953385118531,0.35337625512952,0.372443743818715,0.370267925761442,0.430459731185274,0.429942446069198,0.398209971738119,0.401919225512844,0.40618456336513,0.408311955927892,0.413716154734656,0.413619172989043,0.427715553201556,0.430734300646383,0.431437273633149,0.409042762547015,0.407415492777585,0.402854335029869,0.396969890884011,0.400928533115638,0.370279202531871,0.370330927225025,0.417580226424456,0.403199749830273,0.37404594110087,0.560308850427383,0.322060743143635,0.321957839166755,0.320730041789836,0.320863076479411,0.347418921516883,0.346346910003704,0.344989524425222,0.345876796845242,0.346620519187469,0.34637067875353,0.34635164199006,0.346332722088771,0.346000970112121,0.34571336668919,0.341850414108929,0.365424420764979,0.366919334520167,0.367764306285856,0.368079341865777,0.349100009819979,0.351475330220093,0.351880496941108,0.353601353172417,0.349724775106946,0.35689948366749,0.356835487212043,0.368723594516715,0.368528794636397,0.368567120542635,0.368947676718961,0.346405516373812,0.35116922481798,0.352386516442433,0.342186791160962,0.342186791160962,0.342936484357728,0.344449271488267,0.344449273868528,0.344411418680292,0.344430340287912,0.34315601877136,0.343369930880874,0.34321164884092,0.344753939041031,0.343236261837564,0.343254960388974,0.34178946685309,0.344486100741253,0.344486100741253,0.344582169857748,0.344096992031206,0.344058746437248,0.344039587735618,0.342038024054233,0.347659474432837,0.350150083175647,0.35035987462424,0.353174778747827,0.3538267604771,0.35285707710419,0.352794556051719,0.355569431694613,0.355373062348017,0.357728615803934,0.354352275587274,0.355583883101505,0.358259245907305,0.358337522950112,0.358574440892977,0.359348280454977,0.360620029612642,0.360315700902851,0.360461679448487,0.360494562702912,0.3603759758355,0.359951582475061,0.36027914460551,0.360411309568008,0.358711012706864,0.360341436694137,0.357986844347221,0.358436574203094,0.357571216926622,0.356152927682611,0.352298192549895,0.338846335018825,0.341625604163574,0.34340782012404,0.382936636138043,0.389940704031173,0.393219395785546,0.393219395785546,0.397991013017708,0.380249331393744,0.366126618360412,0.369912279497738,0.36993082376239,0.370544584245187,0.520201310890504,0.476130755350494,0.351495240969298,0.376072640145686,0.376020467404359,0.386677998105655,0.389201397373107,0.388638500875567,0.388879688647119,0.389234295755091,0.395424287648199,0.389225140427592,0.389736488916127,0.391845479814779,0.389329349590152,0.390964905060377,0.390964905060377,0.39106632173298,0.391104602127492,0.391058585255764,0.392124335938464,0.389738931694211,0.391761041783379,0.389860406649147,0.389860406649147,0.39351320894939,0.39351320894939,0.390197056097607,0.390197056097607,0.383741478864207,0.376081231423165,0.377445413003565,0.376898016446301,0.376819166621072,0.376808189232914,0.376592385375598,0.376620594142729,0.366759724094163,0.366906944978,0.366927213956396,0.368035356058777,0.368659961595858,0.36868059309078,0.373722253518154,0.387035868478942,0.388877913876211,0.373137135956249,0.78042585949187,0.54927199347046,0.547474028287627,0.541029818762075,0.520345171620956,0.520345249022436,0.512705939312589,0.512766586784669,0.527654190203126,0.534197867297808,0.536524919458326,0.528572410467764,0.533815232365511,0.53601057893945,0.506959235545085,0.529179155018318,0.529058080893497,0.534247825006086,0.517956677296841,0.520171345147063,0.520832993845109,0.515336271678192
"KX759623.1",0.118223788298016,0.11815784903388,0.114347501900477,0.0568381560001537,0,0.173362901461444,0.176001292112601,0.176020127299561,0.200506786748154,0.181428361077872,0.183226236914907,0.183270737288321,0.179886968494033,0.182382775223697,0.177459591340101,0.168995340601836,0.364116135814626,0.361149820903644,0.372717032541999,0.354236380722681,0.339147563396426,0.402352719684215,0.402400968795694,0.39879424975637,0.367543947785924,0.366955826794239,0.366410986278173,0.377700233143008,0.377768127002422,0.377677621443498,0.351520025387708,0.370587514076903,0.368411696019631,0.428603501443463,0.428086216327387,0.396353741996307,0.400062995771032,0.404328333623318,0.406455726186081,0.411859924992844,0.411762943247231,0.425859323459745,0.428878070904571,0.429581043891338,0.407186532805204,0.405559263035773,0.400998105288058,0.395113661142199,0.399072303373826,0.36842297279006,0.368474697483213,0.415723996682644,0.401343520088461,0.372189711359059,0.558452620685572,0.320204513401823,0.320101609424943,0.318873812048025,0.319006846737599,0.345562691775071,0.344490680261893,0.343133294683411,0.34402056710343,0.344764289445657,0.344514449011719,0.344495412248248,0.34447649234696,0.344144740370309,0.343857136947378,0.339994184367118,0.363568191023168,0.365063104778355,0.365908076544045,0.366223112123965,0.347243780078168,0.349619100478281,0.350024267199296,0.351745123430606,0.347868545365135,0.355043253925678,0.354979257470231,0.366867364774903,0.366672564894585,0.366710890800823,0.367091446977149,0.344549286632,0.349312995076168,0.350530286700622,0.34033056141915,0.34033056141915,0.341080254615916,0.342593041746456,0.342593044126716,0.34255518893848,0.3425741105461,0.341299789029548,0.341513701139063,0.341355419099108,0.342897709299219,0.341380032095752,0.341398730647162,0.339933237111278,0.342629870999442,0.342629870999442,0.342725940115936,0.342240762289394,0.342202516695436,0.342183357993806,0.340181794312421,0.345803244691025,0.348293853433836,0.348503644882428,0.351318549006015,0.351970530735288,0.351000847362379,0.350938326309908,0.353713201952801,0.353516832606205,0.355872386062122,0.352496045845463,0.353727653359693,0.356403016165493,0.356481293208301,0.356718211151166,0.357492050713165,0.35876379987083,0.35845947116104,0.358605449706676,0.358638332961101,0.358519746093688,0.358095352733249,0.358422914863698,0.358555079826197,0.356854782965052,0.358485206952326,0.356130614605409,0.356580344461283,0.35571498718481,0.354296697940799,0.350441962808084,0.336990105277013,0.339769374421762,0.341551590382229,0.381080406396232,0.388084474289361,0.391363166043734,0.391363166043734,0.396134783275897,0.378393101651932,0.3642703886186,0.368056049755927,0.368074594020578,0.368688354503375,0.518345081148692,0.474274525608682,0.349639011227486,0.374216410403874,0.374164237662547,0.384821768363843,0.387345167631296,0.386782271133755,0.387023458905307,0.387378066013279,0.393568057906388,0.38736891068578,0.387880259174315,0.389989250072967,0.38747311984834,0.389108675318566,0.389108675318566,0.389210091991168,0.389248372385681,0.389202355513952,0.390268106196652,0.387882701952399,0.389904812041567,0.388004176907336,0.388004176907336,0.391656979207579,0.391656979207579,0.388340826355795,0.388340826355795,0.381885249122395,0.374225001681353,0.375589183261753,0.375041786704489,0.37496293687926,0.374951959491102,0.374736155633786,0.374764364400918,0.364903494352352,0.365050715236189,0.365070984214585,0.366179126316966,0.366803731854046,0.366824363348969,0.371866023776342,0.38517963873713,0.3870216841344,0.371280906214438,0.778569629750059,0.547415763728649,0.545617798545816,0.539173589020263,0.518488941879145,0.518489019280624,0.510849709570778,0.510910357042857,0.525797960461314,0.532341637555996,0.534668689716514,0.526716180725952,0.5319590026237,0.534154349197638,0.505103005803273,0.527322925276506,0.527201851151686,0.532391595264275,0.516100447555029,0.518315115405251,0.518976764103297,0.51348004193638
"KX759621.1",0.184386991002693,0.184321051738557,0.180510704605154,0.175219131203256,0.173362901461444,0,0.0733169682429638,0.073335803429924,0.172340848617252,0.178856676779951,0.180654552616986,0.1806990529904,0.177315284196112,0.179811090925776,0.17488790704218,0.166423656303916,0.380696299688706,0.377729984777724,0.389297196416079,0.370816544596761,0.355727727270507,0.418932883558296,0.418981132669774,0.41537441363045,0.384124111660005,0.383535990668319,0.382991150152253,0.394280397017088,0.394348290876502,0.394257785317579,0.368100189261789,0.387167677950983,0.384991859893711,0.445183665317543,0.444666380201467,0.412933905870387,0.416643159645112,0.420908497497398,0.423035890060161,0.428440088866925,0.428343107121311,0.442439487333825,0.445458234778651,0.446161207765418,0.423766696679284,0.422139426909854,0.417578269162138,0.41169382501628,0.415652467247907,0.38500313666414,0.385054861357294,0.432304160556725,0.417923683962542,0.388769875233139,0.575032784559652,0.336784677275904,0.336681773299023,0.335453975922105,0.335587010611679,0.362142855649152,0.361070844135973,0.359713458557491,0.36060073097751,0.361344453319738,0.361094612885799,0.361075576122328,0.36105665622104,0.36072490424439,0.360437300821459,0.356574348241198,0.380148354897248,0.381643268652435,0.382488240418125,0.382803275998045,0.363823943952248,0.366199264352361,0.366604431073377,0.368325287304686,0.364448709239215,0.371623417799759,0.371559421344312,0.383447528648983,0.383252728768665,0.383291054674904,0.383671610851229,0.361129450506081,0.365893158950248,0.367110450574702,0.356910725293231,0.356910725293231,0.357660418489996,0.359173205620536,0.359173208000796,0.359135352812561,0.35915427442018,0.357879952903629,0.358093865013143,0.357935582973188,0.3594778731733,0.357960195969833,0.357978894521243,0.356513400985358,0.359210034873522,0.359210034873522,0.359306103990016,0.358820926163475,0.358782680569517,0.358763521867887,0.356761958186501,0.362383408565105,0.364874017307916,0.365083808756509,0.367898712880096,0.368550694609368,0.367581011236459,0.367518490183988,0.370293365826882,0.370096996480285,0.372452549936203,0.369076209719543,0.370307817233773,0.372983180039574,0.373061457082381,0.373298375025246,0.374072214587245,0.375343963744911,0.37503963503512,0.375185613580756,0.375218496835181,0.375099909967769,0.37467551660733,0.375003078737779,0.375135243700277,0.373434946839132,0.375065370826406,0.37271077847949,0.373160508335363,0.37229515105889,0.37087686181488,0.367022126682164,0.353570269151094,0.356349538295843,0.358131754256309,0.397660570270312,0.404664638163442,0.407943329917814,0.407943329917814,0.412714947149977,0.394973265526012,0.38085055249268,0.384636213630007,0.384654757894658,0.385268518377456,0.534925245022773,0.490854689482762,0.366219175101567,0.390796574277955,0.390744401536628,0.401401932237923,0.403925331505376,0.403362435007836,0.403603622779388,0.40395822988736,0.410148221780468,0.403949074559861,0.404460423048396,0.406569413947047,0.40405328372242,0.405688839192646,0.405688839192646,0.405790255865249,0.405828536259761,0.405782519388033,0.406848270070732,0.40446286582648,0.406484975915648,0.404584340781416,0.404584340781416,0.408237143081659,0.408237143081659,0.404920990229875,0.404920990229875,0.398465412996476,0.390805165555433,0.392169347135834,0.39162195057857,0.391543100753341,0.391532123365182,0.391316319507867,0.391344528274998,0.381483658226432,0.381630879110269,0.381651148088665,0.382759290191046,0.383383895728126,0.383404527223049,0.388446187650422,0.401759802611211,0.40360184800848,0.387861070088518,0.795149793624139,0.563995927602729,0.562197962419896,0.555753752894344,0.535069105753225,0.535069183154705,0.527429873444858,0.527490520916937,0.542378124335395,0.548921801430076,0.551248853590595,0.543296344600033,0.54853916649778,0.550734513071718,0.521683169677354,0.543903089150586,0.543782015025766,0.548971759138355,0.53268061142911,0.534895279279331,0.535556927977378,0.53006020581046
"KX759622.1",0.187025381653849,0.186959442389714,0.183149095256311,0.177857521854413,0.176001292112601,0.0733169682429638,0,1.94225950782944e-05,0.174979239268409,0.181495067431108,0.183292943268143,0.183337443641556,0.179953674847268,0.182449481576933,0.177526297693336,0.169062046955072,0.383334690339863,0.380368375428881,0.391935587067236,0.373454935247918,0.358366117921663,0.421571274209452,0.42161952332093,0.418012804281606,0.386762502311161,0.386174381319476,0.38562954080341,0.396918787668245,0.396986681527659,0.396896175968735,0.370738579912945,0.38980606860214,0.387630250544868,0.4478220559687,0.447304770852624,0.415572296521544,0.419281550296269,0.423546888148555,0.425674280711318,0.431078479518081,0.430981497772468,0.445077877984982,0.448096625429808,0.448799598416575,0.426405087330441,0.42477781756101,0.420216659813295,0.414332215667436,0.418290857899063,0.387641527315297,0.38769325200845,0.434942551207881,0.420562074613698,0.391408265884296,0.577671175210809,0.33942306792706,0.33932016395018,0.338092366573261,0.338225401262836,0.364781246300308,0.36370923478713,0.362351849208648,0.363239121628667,0.363982843970894,0.363733003536956,0.363713966773485,0.363695046872197,0.363363294895546,0.363075691472615,0.359212738892355,0.382786745548405,0.384281659303592,0.385126631069282,0.385441666649202,0.366462334603405,0.368837655003518,0.369242821724533,0.370963677955843,0.367087099890372,0.374261808450915,0.374197811995468,0.38608591930014,0.385891119419822,0.38592944532606,0.386310001502386,0.363767841157237,0.368531549601405,0.369748841225859,0.359549115944387,0.359549115944387,0.360298809141153,0.361811596271693,0.361811598651953,0.361773743463717,0.361792665071337,0.360518343554785,0.3607322556643,0.360573973624345,0.362116263824456,0.360598586620989,0.360617285172399,0.359151791636515,0.361848425524679,0.361848425524679,0.361944494641173,0.361459316814631,0.361421071220673,0.361401912519043,0.359400348837658,0.365021799216262,0.367512407959073,0.367722199407665,0.370537103531252,0.371189085260525,0.370219401887616,0.370156880835145,0.372931756478038,0.372735387131442,0.375090940587359,0.3717146003707,0.37294620788493,0.37562157069073,0.375699847733538,0.375936765676403,0.376710605238402,0.377982354396067,0.377678025686277,0.377824004231913,0.377856887486338,0.377738300618925,0.377313907258486,0.377641469388935,0.377773634351434,0.376073337490289,0.377703761477563,0.375349169130646,0.37579889898652,0.374933541710047,0.373515252466036,0.369660517333321,0.35620865980225,0.358987928946999,0.360770144907466,0.400298960921469,0.407303028814599,0.410581720568971,0.410581720568971,0.415353337801134,0.397611656177169,0.383488943143837,0.387274604281164,0.387293148545815,0.387906909028612,0.537563635673929,0.493493080133919,0.368857565752723,0.393434964929111,0.393382792187784,0.40404032288908,0.406563722156533,0.406000825658992,0.406242013430544,0.406596620538516,0.412786612431625,0.406587465211017,0.407098813699552,0.409207804598204,0.406691674373577,0.408327229843803,0.408327229843803,0.408428646516405,0.408466926910918,0.408420910039189,0.409486660721889,0.407101256477636,0.409123366566804,0.407222731432572,0.407222731432572,0.410875533732816,0.410875533732816,0.407559380881032,0.407559380881032,0.401103803647632,0.39344355620659,0.39480773778699,0.394260341229726,0.394181491404497,0.394170514016339,0.393954710159023,0.393982918926155,0.384122048877589,0.384269269761426,0.384289538739821,0.385397680842203,0.386022286379283,0.386042917874206,0.391084578301579,0.404398193262367,0.406240238659637,0.390499460739675,0.797788184275296,0.566634318253886,0.564836353071053,0.5583921435455,0.537707496404382,0.537707573805861,0.530068264096015,0.530128911568094,0.545016514986551,0.551560192081233,0.553887244241751,0.545934735251189,0.551177557148937,0.553372903722875,0.52432156032851,0.546541479801743,0.546420405676923,0.551610149789512,0.535319002080266,0.537533669930488,0.538195318628534,0.532698596461617
"NC_033776.1",0.187044216840809,0.186978277576674,0.183167930443271,0.177876357041373,0.176020127299561,0.073335803429924,1.94225950782944e-05,0,0.174998074455369,0.181513902618068,0.183311778455103,0.183356278828517,0.179972510034229,0.182468316763893,0.177545132880297,0.169080882142033,0.383353525526823,0.380387210615841,0.391954422254196,0.373473770434878,0.358384953108624,0.421590109396412,0.421638358507891,0.418031639468567,0.386781337498121,0.386193216506436,0.38564837599037,0.396937622855205,0.397005516714619,0.396915011155695,0.370757415099906,0.3898249037891,0.387649085731828,0.44784089115566,0.447323606039584,0.415591131708504,0.419300385483229,0.423565723335515,0.425693115898278,0.431097314705042,0.431000332959428,0.445096713171942,0.448115460616768,0.448818433603535,0.426423922517401,0.424796652747971,0.420235495000255,0.414351050854397,0.418309693086024,0.387660362502257,0.387712087195411,0.434961386394842,0.420580909800658,0.391427101071256,0.577690010397769,0.339441903114021,0.33933899913714,0.338111201760222,0.338244236449796,0.364800081487269,0.36372806997409,0.362370684395608,0.363257956815627,0.364001679157855,0.363751838723916,0.363732801960445,0.363713882059157,0.363382130082507,0.363094526659576,0.359231574079315,0.382805580735365,0.384300494490552,0.385145466256242,0.385460501836162,0.366481169790365,0.368856490190478,0.369261656911494,0.370982513142803,0.367105935077332,0.374280643637876,0.374216647182429,0.3861047544871,0.385909954606782,0.385948280513021,0.386328836689346,0.363786676344198,0.368550384788365,0.369767676412819,0.359567951131347,0.359567951131347,0.360317644328113,0.361830431458653,0.361830433838913,0.361792578650678,0.361811500258297,0.360537178741746,0.36075109085126,0.360592808811305,0.362135099011417,0.36061742180795,0.36063612035936,0.359170626823475,0.361867260711639,0.361867260711639,0.361963329828133,0.361478152001592,0.361439906407633,0.361420747706003,0.359419184024618,0.365040634403222,0.367531243146033,0.367741034594625,0.370555938718213,0.371207920447485,0.370238237074576,0.370175716022105,0.372950591664999,0.372754222318402,0.37510977577432,0.37173343555766,0.37296504307189,0.37564040587769,0.375718682920498,0.375955600863363,0.376729440425362,0.378001189583027,0.377696860873237,0.377842839418873,0.377875722673298,0.377757135805886,0.377332742445447,0.377660304575896,0.377792469538394,0.376092172677249,0.377722596664523,0.375368004317607,0.37581773417348,0.374952376897007,0.373534087652996,0.369679352520281,0.356227494989211,0.35900676413396,0.360788980094426,0.400317796108429,0.407321864001559,0.410600555755931,0.410600555755931,0.415372172988094,0.397630491364129,0.383507778330797,0.387293439468124,0.387311983732775,0.387925744215572,0.53758247086089,0.493511915320879,0.368876400939684,0.393453800116072,0.393401627374745,0.40405915807604,0.406582557343493,0.406019660845953,0.406260848617504,0.406615455725477,0.412805447618585,0.406606300397978,0.407117648886513,0.409226639785164,0.406710509560537,0.408346065030763,0.408346065030763,0.408447481703366,0.408485762097878,0.408439745226149,0.409505495908849,0.407120091664597,0.409142201753765,0.407241566619533,0.407241566619533,0.410894368919776,0.410894368919776,0.407578216067992,0.407578216067992,0.401122638834593,0.39346239139355,0.39482657297395,0.394279176416686,0.394200326591457,0.394189349203299,0.393973545345984,0.394001754113115,0.384140884064549,0.384288104948386,0.384308373926782,0.385416516029163,0.386041121566243,0.386061753061166,0.391103413488539,0.404417028449328,0.406259073846597,0.390518295926635,0.797807019462256,0.566653153440846,0.564855188258013,0.55841097873246,0.537726331591342,0.537726408992822,0.530087099282975,0.530147746755054,0.545035350173512,0.551579027268193,0.553906079428711,0.54595357043815,0.551196392335897,0.553391738909835,0.52434039551547,0.546560314988703,0.546439240863883,0.551628984976472,0.535337837267227,0.537552505117448,0.538214153815495,0.532717431648577
"OR951138.1",0.211530876289402,0.211464937025267,0.207654589891864,0.202363016489966,0.200506786748154,0.172340848617252,0.174979239268409,0.174998074455369,0,0.206000562066661,0.207798437903696,0.20784293827711,0.204459169482822,0.206954976212486,0.20203179232889,0.193567541590626,0.407840184975416,0.404873870064434,0.416441081702789,0.397960429883471,0.382871612557216,0.446076768845005,0.446125017956484,0.44251829891716,0.411267996946714,0.410679875955029,0.410135035438963,0.421424282303798,0.421492176163212,0.421401670604288,0.395244074548499,0.414311563237693,0.412135745180421,0.472327550604253,0.471810265488177,0.440077791157097,0.443787044931822,0.448052382784108,0.450179775346871,0.455583974153634,0.455486992408021,0.469583372620535,0.472602120065361,0.473305093052128,0.450910581965994,0.449283312196564,0.444722154448848,0.43883771030299,0.442796352534616,0.41214702195085,0.412198746644004,0.459448045843435,0.445067569249251,0.415913760519849,0.602176669846362,0.363928562562614,0.363825658585733,0.362597861208815,0.362730895898389,0.389286740935861,0.388214729422683,0.386857343844201,0.38774461626422,0.388488338606448,0.388238498172509,0.388219461409038,0.38820054150775,0.3878687895311,0.387581186108168,0.383718233527908,0.407292240183958,0.408787153939145,0.409632125704835,0.409947161284755,0.390967829238958,0.393343149639071,0.393748316360087,0.395469172591396,0.391592594525925,0.398767303086469,0.398703306631022,0.410591413935693,0.410396614055375,0.410434939961614,0.410815496137939,0.388273335792791,0.393037044236958,0.394254335861412,0.38405461057994,0.38405461057994,0.384804303776706,0.386317090907246,0.386317093287506,0.386279238099271,0.38629815970689,0.385023838190339,0.385237750299853,0.385079468259898,0.38662175846001,0.385104081256543,0.385122779807953,0.383657286272068,0.386353920160232,0.386353920160232,0.386449989276726,0.385964811450185,0.385926565856226,0.385907407154596,0.383905843473211,0.389527293851815,0.392017902594626,0.392227694043218,0.395042598166806,0.395694579896078,0.394724896523169,0.394662375470698,0.397437251113592,0.397240881766995,0.399596435222913,0.396220095006253,0.397451702520483,0.400127065326283,0.400205342369091,0.400442260311956,0.401216099873955,0.40248784903162,0.40218352032183,0.402329498867466,0.402362382121891,0.402243795254479,0.40181940189404,0.402146964024489,0.402279128986987,0.400578832125842,0.402209256113116,0.3998546637662,0.400304393622073,0.3994390363456,0.398020747101589,0.394166011968874,0.380714154437804,0.383493423582553,0.385275639543019,0.424804455557022,0.431808523450152,0.435087215204524,0.435087215204524,0.439858832436687,0.422117150812722,0.40799443777939,0.411780098916717,0.411798643181368,0.412412403664165,0.562069130309482,0.517998574769472,0.393363060388277,0.417940459564665,0.417888286823338,0.428545817524633,0.431069216792086,0.430506320294546,0.430747508066097,0.43110211517407,0.437292107067178,0.431092959846571,0.431604308335106,0.433713299233757,0.43119716900913,0.432832724479356,0.432832724479356,0.432934141151958,0.432972421546471,0.432926404674742,0.433992155357442,0.431606751113189,0.433628861202357,0.431728226068126,0.431728226068126,0.435381028368369,0.435381028368369,0.432064875516585,0.432064875516585,0.425609298283186,0.417949050842143,0.419313232422543,0.418765835865279,0.41868698604005,0.418676008651892,0.418460204794577,0.418488413561708,0.408627543513142,0.408774764396979,0.408795033375375,0.409903175477756,0.410527781014836,0.410548412509759,0.415590072937132,0.428903687897921,0.43074573329519,0.415004955375228,0.822293678910849,0.591139812889439,0.589341847706606,0.582897638181053,0.562212991039935,0.562213068441414,0.554573758731568,0.554634406203647,0.569522009622105,0.576065686716786,0.578392738877304,0.570440229886742,0.57568305178449,0.577878398358428,0.548827054964063,0.571046974437296,0.570925900312476,0.576115644425065,0.559824496715819,0.562039164566041,0.562700813264087,0.55720409109717
"OQ818347",0.192452450619121,0.192386511354985,0.188576164221582,0.183284590819684,0.181428361077872,0.178856676779951,0.181495067431108,0.181513902618068,0.206000562066661,0,0.0586069157319989,0.0586514161054125,0.0705941628754883,0.0930716697272858,0.0881484858436892,0.101956762706893,0.388761759305134,0.385795444394152,0.397362656032507,0.378882004213189,0.363793186886935,0.426998343174724,0.427046592286202,0.423439873246878,0.392189571276433,0.391601450284747,0.391056609768681,0.402345856633516,0.40241375049293,0.402323244934007,0.376165648878217,0.395233137567412,0.393057319510139,0.453249124933971,0.452731839817895,0.420999365486815,0.42470861926154,0.428973957113826,0.431101349676589,0.436505548483353,0.436408566737739,0.450504946950253,0.453523694395079,0.454226667381846,0.431832156295712,0.430204886526282,0.425643728778566,0.419759284632708,0.423717926864335,0.393068596280568,0.393120320973722,0.440369620173153,0.42598914357897,0.396835334849567,0.58309824417608,0.344850136892332,0.344747232915451,0.343519435538533,0.343652470228107,0.37020831526558,0.369136303752401,0.367778918173919,0.368666190593939,0.369409912936166,0.369160072502227,0.369141035738757,0.369122115837468,0.368790363860818,0.368502760437887,0.364639807857626,0.388213814513676,0.389708728268864,0.390553700034553,0.390868735614473,0.371889403568676,0.37426472396879,0.374669890689805,0.376390746921114,0.372514168855643,0.379688877416187,0.37962488096074,0.391512988265411,0.391318188385093,0.391356514291332,0.391737070467657,0.369194910122509,0.373958618566677,0.37517591019113,0.364976184909659,0.364976184909659,0.365725878106424,0.367238665236964,0.367238667617224,0.367200812428989,0.367219734036608,0.365945412520057,0.366159324629571,0.366001042589616,0.367543332789728,0.366025655586261,0.366044354137671,0.364578860601786,0.36727549448995,0.36727549448995,0.367371563606444,0.366886385779903,0.366848140185945,0.366828981484315,0.364827417802929,0.370448868181533,0.372939476924344,0.373149268372937,0.375964172496524,0.376616154225796,0.375646470852887,0.375583949800416,0.37835882544331,0.378162456096713,0.380518009552631,0.377141669335971,0.378373276850201,0.381048639656002,0.381126916698809,0.381363834641674,0.382137674203673,0.383409423361339,0.383105094651548,0.383251073197184,0.383283956451609,0.383165369584197,0.382740976223758,0.383068538354207,0.383200703316705,0.38150040645556,0.383130830442834,0.380776238095918,0.381225967951791,0.380360610675318,0.378942321431308,0.375087586298592,0.361635728767522,0.364414997912271,0.366197213872737,0.40572602988674,0.41273009777987,0.416008789534243,0.416008789534243,0.420780406766405,0.40303872514244,0.388916012109109,0.392701673246435,0.392720217511086,0.393333977993884,0.542990704639201,0.49892014909919,0.374284634717995,0.398862033894383,0.398809861153056,0.409467391854351,0.411990791121804,0.411427894624264,0.411669082395816,0.412023689503788,0.418213681396896,0.412014534176289,0.412525882664824,0.414634873563475,0.412118743338849,0.413754298809074,0.413754298809074,0.413855715481677,0.413893995876189,0.413847979004461,0.41491372968716,0.412528325442908,0.414550435532076,0.412649800397844,0.412649800397844,0.416302602698087,0.416302602698087,0.412986449846303,0.412986449846303,0.406530872612904,0.398870625171861,0.400234806752262,0.399687410194998,0.399608560369769,0.39959758298161,0.399381779124295,0.399409987891426,0.38954911784286,0.389696338726697,0.389716607705093,0.390824749807474,0.391449355344555,0.391469986839477,0.39651164726685,0.409825262227639,0.411667307624908,0.395926529704946,0.803215253240567,0.572061387219157,0.570263422036324,0.563819212510772,0.543134565369653,0.543134642771133,0.535495333061286,0.535555980533366,0.550443583951823,0.556987261046504,0.559314313207023,0.551361804216461,0.556604626114208,0.558799972688147,0.529748629293782,0.551968548767014,0.551847474642194,0.557037218754783,0.540746071045538,0.542960738895759,0.543622387593806,0.538125665426888
"PP712001.1",0.194250326456155,0.19418438719202,0.190374040058617,0.185082466656719,0.183226236914907,0.180654552616986,0.183292943268143,0.183311778455103,0.207798437903696,0.0586069157319989,0,0.0396842854034819,0.072392038712523,0.0948695455643206,0.089946361680724,0.103754638543928,0.390559635142169,0.387593320231187,0.399160531869542,0.380679880050224,0.365591062723969,0.428796219011758,0.428844468123237,0.425237749083913,0.393987447113467,0.393399326121782,0.392854485605716,0.404143732470551,0.404211626329965,0.404121120771041,0.377963524715252,0.397031013404446,0.394855195347174,0.455047000771006,0.45452971565493,0.42279724132385,0.426506495098575,0.430771832950861,0.432899225513624,0.438303424320387,0.438206442574774,0.452302822787288,0.455321570232114,0.456024543218881,0.433630032132747,0.432002762363316,0.427441604615601,0.421557160469742,0.425515802701369,0.394866472117603,0.394918196810756,0.442167496010187,0.427787019416004,0.398633210686602,0.584896120013115,0.346648012729367,0.346545108752486,0.345317311375568,0.345450346065142,0.372006191102614,0.370934179589436,0.369576794010954,0.370464066430973,0.371207788773201,0.370957948339262,0.370938911575791,0.370919991674503,0.370588239697852,0.370300636274921,0.366437683694661,0.390011690350711,0.391506604105898,0.392351575871588,0.392666611451508,0.373687279405711,0.376062599805824,0.376467766526839,0.378188622758149,0.374312044692678,0.381486753253222,0.381422756797775,0.393310864102446,0.393116064222128,0.393154390128367,0.393534946304692,0.370992785959543,0.375756494403711,0.376973786028165,0.366774060746693,0.366774060746693,0.367523753943459,0.369036541073999,0.369036543454259,0.368998688266024,0.369017609873643,0.367743288357091,0.367957200466606,0.367798918426651,0.369341208626763,0.367823531423296,0.367842229974705,0.366376736438821,0.369073370326985,0.369073370326985,0.369169439443479,0.368684261616938,0.368646016022979,0.368626857321349,0.366625293639964,0.372246744018568,0.374737352761379,0.374947144209971,0.377762048333558,0.378414030062831,0.377444346689922,0.377381825637451,0.380156701280345,0.379960331933748,0.382315885389666,0.378939545173006,0.380171152687236,0.382846515493036,0.382924792535844,0.383161710478709,0.383935550040708,0.385207299198373,0.384902970488583,0.385048949034219,0.385081832288644,0.384963245421232,0.384538852060793,0.384866414191241,0.38499857915374,0.383298282292595,0.384928706279869,0.382574113932952,0.383023843788826,0.382158486512353,0.380740197268342,0.376885462135627,0.363433604604557,0.366212873749306,0.367995089709772,0.407523905723775,0.414527973616905,0.417806665371277,0.417806665371277,0.42257828260344,0.404836600979475,0.390713887946143,0.39449954908347,0.394518093348121,0.395131853830918,0.544788580476235,0.500718024936225,0.37608251055503,0.400659909731418,0.400607736990091,0.411265267691386,0.413788666958839,0.413225770461299,0.41346695823285,0.413821565340822,0.420011557233931,0.413812410013323,0.414323758501859,0.41643274940051,0.413916619175883,0.415552174646109,0.415552174646109,0.415653591318711,0.415691871713224,0.415645854841495,0.416711605524195,0.414326201279942,0.41634831136911,0.414447676234879,0.414447676234879,0.418100478535122,0.418100478535122,0.414784325683338,0.414784325683338,0.408328748449939,0.400668501008896,0.402032682589296,0.401485286032032,0.401406436206803,0.401395458818645,0.40117965496133,0.401207863728461,0.391346993679895,0.391494214563732,0.391514483542128,0.392622625644509,0.393247231181589,0.393267862676512,0.398309523103885,0.411623138064674,0.413465183461943,0.397724405541981,0.805013129077602,0.573859263056192,0.572061297873359,0.565617088347806,0.544932441206688,0.544932518608167,0.537293208898321,0.5373538563704,0.552241459788858,0.558785136883539,0.561112189044057,0.553159680053495,0.558402501951243,0.560597848525181,0.531546505130816,0.553766424604049,0.553645350479229,0.558835094591818,0.542543946882572,0.544758614732794,0.54542026343084,0.539923541263923
"PP712004.1",0.194294826829569,0.194228887565433,0.190418540432031,0.185126967030132,0.183270737288321,0.1806990529904,0.183337443641556,0.183356278828517,0.20784293827711,0.0586514161054125,0.0396842854034819,0,0.0724365390859366,0.0949140459377341,0.0899908620541375,0.103799138917341,0.390604135515582,0.387637820604601,0.399205032242956,0.380724380423638,0.365635563097383,0.428840719385172,0.42888896849665,0.425282249457326,0.394031947486881,0.393443826495196,0.39289898597913,0.404188232843964,0.404256126703379,0.404165621144455,0.378008025088665,0.39707551377786,0.394899695720587,0.45509150114442,0.454574216028343,0.422841741697264,0.426550995471989,0.430816333324274,0.432943725887037,0.438347924693801,0.438250942948188,0.452347323160701,0.455366070605528,0.456069043592294,0.43367453250616,0.43204726273673,0.427486104989014,0.421601660843156,0.425560303074783,0.394910972491016,0.39496269718417,0.442211996383601,0.427831519789418,0.398677711060015,0.584940620386528,0.34669251310278,0.3465896091259,0.345361811748981,0.345494846438556,0.372050691476028,0.370978679962849,0.369621294384367,0.370508566804387,0.371252289146614,0.371002448712675,0.370983411949205,0.370964492047916,0.370632740071266,0.370345136648335,0.366482184068074,0.390056190724124,0.391551104479312,0.392396076245001,0.392711111824922,0.373731779779125,0.376107100179238,0.376512266900253,0.378233123131562,0.374356545066091,0.381531253626635,0.381467257171188,0.39335536447586,0.393160564595542,0.39319889050178,0.393579446678106,0.371037286332957,0.375800994777125,0.377018286401578,0.366818561120107,0.366818561120107,0.367568254316873,0.369081041447412,0.369081043827673,0.369043188639437,0.369062110247057,0.367787788730505,0.368001700840019,0.367843418800065,0.369385709000176,0.367868031796709,0.367886730348119,0.366421236812235,0.369117870700399,0.369117870700399,0.369213939816893,0.368728761990351,0.368690516396393,0.368671357694763,0.366669794013378,0.372291244391982,0.374781853134792,0.374991644583385,0.377806548706972,0.378458530436245,0.377488847063336,0.377426326010864,0.380201201653758,0.380004832307162,0.382360385763079,0.378984045546419,0.38021565306065,0.38289101586645,0.382969292909257,0.383206210852122,0.383980050414122,0.385251799571787,0.384947470861996,0.385093449407632,0.385126332662058,0.385007745794645,0.384583352434206,0.384910914564655,0.385043079527153,0.383342782666009,0.384973206653282,0.382618614306366,0.383068344162239,0.382202986885767,0.380784697641756,0.37692996250904,0.36347810497797,0.366257374122719,0.368039590083186,0.407568406097188,0.414572473990318,0.417851165744691,0.417851165744691,0.422622782976853,0.404881101352889,0.390758388319557,0.394544049456883,0.394562593721535,0.395176354204332,0.544833080849649,0.500762525309639,0.376127010928443,0.400704410104831,0.400652237363504,0.4113097680648,0.413833167332252,0.413270270834712,0.413511458606264,0.413866065714236,0.420056057607344,0.413856910386737,0.414368258875272,0.416477249773924,0.413961119549297,0.415596675019522,0.415596675019522,0.415698091692125,0.415736372086637,0.415690355214909,0.416756105897609,0.414370701653356,0.416392811742524,0.414492176608292,0.414492176608292,0.418144978908535,0.418144978908535,0.414828826056752,0.414828826056752,0.408373248823352,0.40071300138231,0.40207718296271,0.401529786405446,0.401450936580217,0.401439959192059,0.401224155334743,0.401252364101874,0.391391494053308,0.391538714937145,0.391558983915541,0.392667126017922,0.393291731555003,0.393312363049925,0.398354023477299,0.411667638438087,0.413509683835356,0.397768905915394,0.805057629451015,0.573903763429606,0.572105798246772,0.56566158872122,0.544976941580101,0.544977018981581,0.537337709271735,0.537398356743814,0.552285960162271,0.558829637256953,0.561156689417471,0.553204180426909,0.558447002324656,0.560642348898595,0.53159100550423,0.553810924977463,0.553689850852642,0.558879594965232,0.542588447255986,0.544803115106207,0.545464763804254,0.539968041637337
"OR951145.1",0.190911058035281,0.190845118771145,0.187034771637743,0.181743198235844,0.179886968494033,0.177315284196112,0.179953674847268,0.179972510034229,0.204459169482822,0.0705941628754883,0.072392038712523,0.0724365390859366,0,0.091530277143446,0.0866070932598494,0.100415370123053,0.387220366721294,0.384254051810313,0.395821263448668,0.37734061162935,0.362251794303095,0.425456950590884,0.425505199702362,0.421898480663038,0.390648178692593,0.390060057700908,0.389515217184841,0.400804464049676,0.400872357909091,0.400781852350167,0.374624256294377,0.393691744983572,0.391515926926299,0.451707732350131,0.451190447234055,0.419457972902976,0.423167226677701,0.427432564529986,0.429559957092749,0.434964155899513,0.4348671741539,0.448963554366413,0.45198230181124,0.452685274798006,0.430290763711872,0.428663493942442,0.424102336194726,0.418217892048868,0.422176534280495,0.391527203696728,0.391578928389882,0.438828227589313,0.42444775099513,0.395293942265727,0.58155685159224,0.343308744308492,0.343205840331612,0.341978042954693,0.342111077644268,0.36866692268174,0.367594911168561,0.366237525590079,0.367124798010099,0.367868520352326,0.367618679918387,0.367599643154917,0.367580723253628,0.367248971276978,0.366961367854047,0.363098415273786,0.386672421929836,0.388167335685024,0.389012307450713,0.389327343030634,0.370348010984836,0.37272333138495,0.373128498105965,0.374849354337274,0.370972776271803,0.378147484832347,0.3780834883769,0.389971595681572,0.389776795801254,0.389815121707492,0.390195677883818,0.367653517538669,0.372417225982837,0.37363451760729,0.363434792325819,0.363434792325819,0.364184485522585,0.365697272653124,0.365697275033385,0.365659419845149,0.365678341452769,0.364404019936217,0.364617932045731,0.364459650005777,0.366001940205888,0.364484263002421,0.364502961553831,0.363037468017947,0.36573410190611,0.36573410190611,0.365830171022605,0.365344993196063,0.365306747602105,0.365287588900475,0.36328602521909,0.368907475597694,0.371398084340504,0.371607875789097,0.374422779912684,0.375074761641957,0.374105078269047,0.374042557216576,0.37681743285947,0.376621063512874,0.378976616968791,0.375600276752131,0.376831884266362,0.379507247072162,0.379585524114969,0.379822442057834,0.380596281619834,0.381868030777499,0.381563702067708,0.381709680613344,0.381742563867769,0.381623977000357,0.381199583639918,0.381527145770367,0.381659310732865,0.379959013871721,0.381589437858994,0.379234845512078,0.379684575367951,0.378819218091479,0.377400928847468,0.373546193714752,0.360094336183682,0.362873605328431,0.364655821288897,0.4041846373029,0.41118870519603,0.414467396950403,0.414467396950403,0.419239014182565,0.4014973325586,0.387374619525269,0.391160280662595,0.391178824927246,0.391792585410044,0.541449312055361,0.497378756515351,0.372743242134155,0.397320641310543,0.397268468569216,0.407925999270512,0.410449398537964,0.409886502040424,0.410127689811976,0.410482296919948,0.416672288813056,0.410473141592449,0.410984490080984,0.413093480979636,0.410577350755009,0.412212906225234,0.412212906225234,0.412314322897837,0.412352603292349,0.412306586420621,0.41337233710332,0.410986932859068,0.413009042948236,0.411108407814004,0.411108407814004,0.414761210114247,0.414761210114247,0.411445057262464,0.411445057262464,0.404989480029064,0.397329232588022,0.398693414168422,0.398146017611158,0.398067167785929,0.398056190397771,0.397840386540455,0.397868595307586,0.38800772525902,0.388154946142857,0.388175215121253,0.389283357223634,0.389907962760715,0.389928594255637,0.394970254683011,0.408283869643799,0.410125915041068,0.394385137121106,0.801673860656727,0.570519994635318,0.568722029452484,0.562277819926932,0.541593172785813,0.541593250187293,0.533953940477446,0.534014587949526,0.548902191367983,0.555445868462665,0.557772920623183,0.549820411632621,0.555063233530368,0.557258580104307,0.528207236709942,0.550427156183175,0.550306082058354,0.555495826170944,0.539204678461698,0.541419346311919,0.542080995009966,0.536584272843049
"PP766470",0.193406864764946,0.19334092550081,0.189530578367407,0.184239004965509,0.182382775223697,0.179811090925776,0.182449481576933,0.182468316763893,0.206954976212486,0.0930716697272858,0.0948695455643206,0.0949140459377341,0.091530277143446,0,0.0499752838205009,0.102911176852718,0.389716173450959,0.386749858539977,0.398317070178332,0.379836418359014,0.36474760103276,0.427952757320549,0.428001006432027,0.424394287392703,0.393143985422258,0.392555864430572,0.392011023914506,0.403300270779341,0.403368164638755,0.403277659079832,0.377120063024042,0.396187551713236,0.394011733655964,0.454203539079796,0.45368625396372,0.42195377963264,0.425663033407365,0.429928371259651,0.432055763822414,0.437459962629178,0.437362980883564,0.451459361096078,0.454478108540904,0.455181081527671,0.432786570441537,0.431159300672107,0.426598142924391,0.420713698778533,0.42467234101016,0.394023010426393,0.394074735119547,0.441324034318978,0.426943557724795,0.397789748995392,0.584052658321905,0.345804551038157,0.345701647061276,0.344473849684358,0.344606884373932,0.371162729411405,0.370090717898226,0.368733332319744,0.369620604739763,0.370364327081991,0.370114486648052,0.370095449884581,0.370076529983293,0.369744778006643,0.369457174583712,0.365594222003451,0.389168228659501,0.390663142414688,0.391508114180378,0.391823149760298,0.372843817714501,0.375219138114614,0.37562430483563,0.377345161066939,0.373468583001468,0.380643291562012,0.380579295106565,0.392467402411236,0.392272602530918,0.392310928437157,0.392691484613482,0.370149324268334,0.374913032712501,0.376130324336955,0.365930599055484,0.365930599055484,0.366680292252249,0.368193079382789,0.368193081763049,0.368155226574814,0.368174148182433,0.366899826665882,0.367113738775396,0.366955456735441,0.368497746935553,0.366980069732086,0.366998768283496,0.365533274747611,0.368229908635775,0.368229908635775,0.368325977752269,0.367840799925728,0.367802554331769,0.36778339563014,0.365781831948754,0.371403282327358,0.373893891070169,0.374103682518762,0.376918586642349,0.377570568371621,0.376600884998712,0.376538363946241,0.379313239589135,0.379116870242538,0.381472423698456,0.378096083481796,0.379327690996026,0.382003053801827,0.382081330844634,0.382318248787499,0.383092088349498,0.384363837507164,0.384059508797373,0.384205487343009,0.384238370597434,0.384119783730022,0.383695390369583,0.384022952500032,0.38415511746253,0.382454820601385,0.384085244588659,0.381730652241743,0.382180382097616,0.381315024821143,0.379896735577132,0.376042000444417,0.362590142913347,0.365369412058096,0.367151628018562,0.406680444032565,0.413684511925695,0.416963203680068,0.416963203680068,0.42173482091223,0.403993139288265,0.389870426254933,0.39365608739226,0.393674631656911,0.394288392139709,0.543945118785026,0.499874563245015,0.37523904886382,0.399816448040208,0.399764275298881,0.410421806000176,0.412945205267629,0.412382308770089,0.412623496541641,0.412978103649613,0.419168095542721,0.412968948322114,0.413480296810649,0.4155892877093,0.413073157484673,0.414708712954899,0.414708712954899,0.414810129627502,0.414848410022014,0.414802393150286,0.415868143832985,0.413482739588733,0.415504849677901,0.413604214543669,0.413604214543669,0.417257016843912,0.417257016843912,0.413940863992128,0.413940863992128,0.407485286758729,0.399825039317686,0.401189220898087,0.400641824340823,0.400562974515594,0.400551997127435,0.40033619327012,0.400364402037251,0.390503531988685,0.390650752872522,0.390671021850918,0.391779163953299,0.39240376949038,0.392424400985302,0.397466061412675,0.410779676373464,0.412621721770733,0.396880943850771,0.804169667386392,0.573015801364982,0.571217836182149,0.564773626656597,0.544088979515478,0.544089056916958,0.536449747207111,0.53651039467919,0.551397998097648,0.557941675192329,0.560268727352847,0.552316218362286,0.557559040260033,0.559754386833971,0.530703043439607,0.552922962912839,0.552801888788019,0.557991632900608,0.541700485191362,0.543915153041584,0.544576801739631,0.539080079572713
"PP712015.1",0.188483680881349,0.188417741617214,0.184607394483811,0.179315821081912,0.177459591340101,0.17488790704218,0.177526297693336,0.177545132880297,0.20203179232889,0.0881484858436892,0.089946361680724,0.0899908620541375,0.0866070932598494,0.0499752838205009,0,0.0979879929691214,0.384792989567362,0.381826674656381,0.393393886294736,0.374913234475418,0.359824417149163,0.423029573436952,0.42307782254843,0.419471103509106,0.388220801538661,0.387632680546976,0.38708784003091,0.398377086895744,0.398444980755159,0.398354475196235,0.372196879140445,0.39126436782964,0.389088549772368,0.4492803551962,0.448763070080124,0.417030595749044,0.420739849523769,0.425005187376055,0.427132579938817,0.432536778745581,0.432439796999968,0.446536177212481,0.449554924657308,0.450257897644074,0.42786338655794,0.42623611678851,0.421674959040794,0.415790514894936,0.419749157126563,0.389099826542796,0.38915155123595,0.436400850435381,0.422020373841198,0.392866565111796,0.579129474438308,0.34088136715456,0.34077846317768,0.339550665800761,0.339683700490336,0.366239545527808,0.36516753401463,0.363810148436147,0.364697420856167,0.365441143198394,0.365191302764455,0.365172266000985,0.365153346099697,0.364821594123046,0.364533990700115,0.360671038119854,0.384245044775904,0.385739958531092,0.386584930296781,0.386899965876702,0.367920633830905,0.370295954231018,0.370701120952033,0.372421977183342,0.368545399117871,0.375720107678415,0.375656111222968,0.38754421852764,0.387349418647322,0.38738774455356,0.387768300729886,0.365226140384737,0.369989848828905,0.371207140453358,0.361007415171887,0.361007415171887,0.361757108368653,0.363269895499192,0.363269897879453,0.363232042691217,0.363250964298837,0.361976642782285,0.362190554891799,0.362032272851845,0.363574563051956,0.362056885848489,0.362075584399899,0.360610090864015,0.363306724752179,0.363306724752179,0.363402793868673,0.362917616042131,0.362879370448173,0.362860211746543,0.360858648065158,0.366480098443762,0.368970707186572,0.369180498635165,0.371995402758752,0.372647384488025,0.371677701115116,0.371615180062644,0.374390055705538,0.374193686358942,0.376549239814859,0.373172899598199,0.37440450711243,0.37707986991823,0.377158146961037,0.377395064903902,0.378168904465902,0.379440653623567,0.379136324913776,0.379282303459412,0.379315186713838,0.379196599846425,0.378772206485986,0.379099768616435,0.379231933578933,0.377531636717789,0.379162060705062,0.376807468358146,0.377257198214019,0.376391840937547,0.374973551693536,0.37111881656082,0.35766695902975,0.360446228174499,0.362228444134966,0.401757260148968,0.408761328042098,0.412040019796471,0.412040019796471,0.416811637028633,0.399069955404669,0.384947242371337,0.388732903508663,0.388751447773315,0.389365208256112,0.539021934901429,0.494951379361419,0.370315864980223,0.394893264156611,0.394841091415284,0.40549862211658,0.408022021384032,0.407459124886492,0.407700312658044,0.408054919766016,0.414244911659124,0.408045764438517,0.408557112927052,0.410666103825704,0.408149973601077,0.409785529071302,0.409785529071302,0.409886945743905,0.409925226138417,0.409879209266689,0.410944959949389,0.408559555705136,0.410581665794304,0.408681030660072,0.408681030660072,0.412333832960316,0.412333832960316,0.409017680108532,0.409017680108532,0.402562102875132,0.39490185543409,0.39626603701449,0.395718640457226,0.395639790631997,0.395628813243839,0.395413009386523,0.395441218153654,0.385580348105088,0.385727568988925,0.385747837967321,0.386855980069702,0.387480585606783,0.387501217101705,0.392542877529079,0.405856492489867,0.407698537887137,0.391957759967174,0.799246483502795,0.568092617481386,0.566294652298552,0.559850442773,0.539165795631881,0.539165873033361,0.531526563323514,0.531587210795594,0.546474814214051,0.553018491308733,0.555345543469251,0.547393034478689,0.552635856376436,0.554831202950375,0.52577985955601,0.547999779029243,0.547878704904422,0.553068449017012,0.536777301307766,0.538991969157988,0.539653617856034,0.534156895689117
"OP963623.1",0.180019430143085,0.179953490878949,0.176143143745547,0.170851570343648,0.168995340601836,0.166423656303916,0.169062046955072,0.169080882142033,0.193567541590626,0.101956762706893,0.103754638543928,0.103799138917341,0.100415370123053,0.102911176852718,0.0979879929691214,0,0.376328738829098,0.373362423918117,0.384929635556472,0.366448983737154,0.351360166410899,0.414565322698688,0.414613571810166,0.411006852770842,0.379756550800397,0.379168429808712,0.378623589292645,0.38991283615748,0.389980730016895,0.389890224457971,0.363732628402181,0.382800117091376,0.380624299034103,0.440816104457935,0.440298819341859,0.40856634501078,0.412275598785505,0.41654093663779,0.418668329200553,0.424072528007317,0.423975546261704,0.438071926474217,0.441090673919044,0.44179364690581,0.419399135819676,0.417771866050246,0.41321070830253,0.407326264156672,0.411284906388299,0.380635575804532,0.380687300497686,0.427936599697117,0.413556123102934,0.384402314373531,0.570665223700044,0.332417116416296,0.332314212439416,0.331086415062497,0.331219449752071,0.357775294789544,0.356703283276365,0.355345897697883,0.356233170117903,0.35697689246013,0.356727052026191,0.356708015262721,0.356689095361432,0.356357343384782,0.356069739961851,0.35220678738159,0.37578079403764,0.377275707792828,0.378120679558517,0.378435715138437,0.35945638309264,0.361831703492754,0.362236870213769,0.363957726445078,0.360081148379607,0.367255856940151,0.367191860484704,0.379079967789376,0.378885167909058,0.378923493815296,0.379304049991622,0.356761889646473,0.361525598090641,0.362742889715094,0.352543164433623,0.352543164433623,0.353292857630389,0.354805644760928,0.354805647141189,0.354767791952953,0.354786713560573,0.353512392044021,0.353726304153535,0.35356802211358,0.355110312313692,0.353592635110225,0.353611333661635,0.352145840125751,0.354842474013914,0.354842474013914,0.354938543130409,0.354453365303867,0.354415119709909,0.354395961008279,0.352394397326894,0.358015847705498,0.360506456448308,0.360716247896901,0.363531152020488,0.36418313374976,0.363213450376851,0.36315092932438,0.365925804967274,0.365729435620678,0.368084989076595,0.364708648859935,0.365940256374166,0.368615619179966,0.368693896222773,0.368930814165638,0.369704653727638,0.370976402885303,0.370672074175512,0.370818052721148,0.370850935975573,0.370732349108161,0.370307955747722,0.370635517878171,0.370767682840669,0.369067385979525,0.370697809966798,0.368343217619882,0.368792947475755,0.367927590199283,0.366509300955272,0.362654565822556,0.349202708291486,0.351981977436235,0.353764193396701,0.393293009410704,0.400297077303834,0.403575769058207,0.403575769058207,0.408347386290369,0.390605704666404,0.376482991633073,0.380268652770399,0.38028719703505,0.380900957517848,0.530557684163165,0.486487128623155,0.361851614241959,0.386429013418347,0.38637684067702,0.397034371378316,0.399557770645768,0.398994874148228,0.39923606191978,0.399590669027752,0.40578066092086,0.399581513700253,0.400092862188788,0.40220185308744,0.399685722862813,0.401321278333038,0.401321278333038,0.401422695005641,0.401460975400153,0.401414958528425,0.402480709211124,0.400095304966872,0.40211741505604,0.400216779921808,0.400216779921808,0.403869582222051,0.403869582222051,0.400553429370267,0.400553429370267,0.394097852136868,0.386437604695825,0.387801786276226,0.387254389718962,0.387175539893733,0.387164562505575,0.386948758648259,0.38697696741539,0.377116097366824,0.377263318250661,0.377283587229057,0.378391729331438,0.379016334868519,0.379036966363441,0.384078626790815,0.397392241751603,0.399234287148872,0.38349350922891,0.790782232764531,0.559628366743121,0.557830401560288,0.551386192034736,0.530701544893617,0.530701622295097,0.52306231258525,0.52312296005733,0.538010563475787,0.544554240570469,0.546881292730987,0.538928783740425,0.544171605638172,0.546366952212111,0.517315608817746,0.539535528290979,0.539414454166158,0.544604198278747,0.528313050569502,0.530527718419723,0.53118936711777,0.525692644950852
"PP712008.1",0.375140225355874,0.375074286091739,0.371263938958336,0.365972365556437,0.364116135814626,0.380696299688706,0.383334690339863,0.383353525526823,0.407840184975416,0.388761759305134,0.390559635142169,0.390604135515582,0.387220366721294,0.389716173450959,0.384792989567362,0.376328738829098,0,0.228592839052657,0.240160050691012,0.291879715300873,0.392825504157306,0.48365395200043,0.483702201111909,0.480095482072585,0.44884518010214,0.448257059110454,0.447712218594388,0.459001465459223,0.459069359318637,0.458978853759713,0.432821257703924,0.451888746393118,0.449712928335846,0.509904733759678,0.509387448643602,0.477654974312522,0.481364228087247,0.485629565939533,0.487756958502296,0.493161157309059,0.493064175563446,0.50716055577596,0.510179303220786,0.510882276207553,0.488487765121419,0.486860495351989,0.482299337604273,0.476414893458415,0.480373535690041,0.449724205106275,0.449775929799429,0.49702522899886,0.482644752404676,0.453490943675274,0.639753853001787,0.401505745718039,0.401402841741158,0.40017504436424,0.400308079053814,0.426863924091286,0.425791912578108,0.424434526999626,0.425321799419645,0.426065521761873,0.425815681327934,0.425796644564463,0.425777724663175,0.425445972686525,0.425158369263594,0.421295416683333,0.444869423339383,0.44636433709457,0.44720930886026,0.44752434444018,0.428545012394383,0.430920332794496,0.431325499515512,0.433046355746821,0.42916977768135,0.436344486241894,0.436280489786447,0.448168597091118,0.4479737972108,0.448012123117039,0.448392679293364,0.425850518948216,0.430614227392383,0.431831519016837,0.421631793735366,0.421631793735366,0.422381486932131,0.423894274062671,0.423894276442931,0.423856421254696,0.423875342862315,0.422601021345764,0.422814933455278,0.422656651415323,0.424198941615435,0.422681264411968,0.422699962963378,0.421234469427493,0.423931103315657,0.423931103315657,0.424027172432151,0.42354199460561,0.423503749011651,0.423484590310022,0.421483026628636,0.42710447700724,0.429595085750051,0.429804877198644,0.432619781322231,0.433271763051503,0.432302079678594,0.432239558626123,0.435014434269017,0.43481806492242,0.437173618378338,0.433797278161678,0.435028885675908,0.437704248481709,0.437782525524516,0.438019443467381,0.43879328302938,0.440065032187046,0.439760703477255,0.439906682022891,0.439939565277316,0.439820978409904,0.439396585049465,0.439724147179914,0.439856312142412,0.438156015281267,0.439786439268541,0.437431846921625,0.437881576777498,0.437016219501025,0.435597930257014,0.431743195124299,0.418291337593229,0.421070606737978,0.422852822698444,0.462381638712447,0.469385706605577,0.472664398359949,0.472664398359949,0.477436015592112,0.459694333968147,0.445571620934815,0.449357282072142,0.449375826336793,0.44998958681959,0.599646313464907,0.555575757924897,0.430940243543702,0.45551764272009,0.455465469978763,0.466123000680058,0.468646399947511,0.468083503449971,0.468324691221522,0.468679298329495,0.474869290222603,0.468670143001996,0.469181491490531,0.471290482389182,0.468774352164555,0.470409907634781,0.470409907634781,0.470511324307384,0.470549604701896,0.470503587830167,0.471569338512867,0.469183934268615,0.471206044357783,0.469305409223551,0.469305409223551,0.472958211523794,0.472958211523794,0.46964205867201,0.46964205867201,0.463186481438611,0.455526233997568,0.456890415577969,0.456343019020704,0.456264169195475,0.456253191807317,0.456037387950002,0.456065596717133,0.446204726668567,0.446351947552404,0.4463722165308,0.447480358633181,0.448104964170261,0.448125595665184,0.453167256092557,0.466480871053346,0.468322916450615,0.452582138530653,0.859870862066274,0.628716996044864,0.626919030862031,0.620474821336478,0.59979017419536,0.59979025159684,0.592150941886993,0.592211589359072,0.60709919277753,0.613642869872211,0.61596992203273,0.608017413042167,0.613260234939915,0.615455581513853,0.586404238119488,0.608624157592721,0.608503083467901,0.61369282758049,0.597401679871244,0.599616347721466,0.600277996419513,0.594781274252595
"PV788824",0.372173910444892,0.372107971180757,0.368297624047354,0.363006050645456,0.361149820903644,0.377729984777724,0.380368375428881,0.380387210615841,0.404873870064434,0.385795444394152,0.387593320231187,0.387637820604601,0.384254051810313,0.386749858539977,0.381826674656381,0.373362423918117,0.228592839052657,0,0.16002223864101,0.288913400389892,0.389859189246324,0.480687637089449,0.480735886200927,0.477129167161603,0.445878865191158,0.445290744199473,0.444745903683406,0.456035150548241,0.456103044407656,0.456012538848732,0.429854942792942,0.448922431482137,0.446746613424864,0.506938418848697,0.50642113373262,0.474688659401541,0.478397913176266,0.482663251028552,0.484790643591314,0.490194842398078,0.490097860652465,0.504194240864978,0.507212988309805,0.507915961296571,0.485521450210437,0.483894180441007,0.479333022693291,0.473448578547433,0.47740722077906,0.446757890195293,0.446809614888447,0.494058914087878,0.479678437493695,0.450524628764292,0.636787538090805,0.398539430807057,0.398436526830177,0.397208729453258,0.397341764142833,0.423897609180305,0.422825597667126,0.421468212088644,0.422355484508664,0.423099206850891,0.422849366416952,0.422830329653482,0.422811409752193,0.422479657775543,0.422192054352612,0.418329101772351,0.441903108428401,0.443398022183589,0.444242993949278,0.444558029529198,0.425578697483401,0.427954017883515,0.42835918460453,0.430080040835839,0.426203462770368,0.433378171330912,0.433314174875465,0.445202282180137,0.445007482299819,0.445045808206057,0.445426364382383,0.422884204037234,0.427647912481402,0.428865204105855,0.418665478824384,0.418665478824384,0.41941517202115,0.420927959151689,0.42092796153195,0.420890106343714,0.420909027951334,0.419634706434782,0.419848618544296,0.419690336504342,0.421232626704453,0.419714949500986,0.419733648052396,0.418268154516512,0.420964788404675,0.420964788404675,0.42106085752117,0.420575679694628,0.42053743410067,0.42051827539904,0.418516711717655,0.424138162096259,0.426628770839069,0.426838562287662,0.429653466411249,0.430305448140522,0.429335764767612,0.429273243715141,0.432048119358035,0.431851750011439,0.434207303467356,0.430830963250696,0.432062570764927,0.434737933570727,0.434816210613534,0.435053128556399,0.435826968118399,0.437098717276064,0.436794388566273,0.436940367111909,0.436973250366334,0.436854663498922,0.436430270138483,0.436757832268932,0.43688999723143,0.435189700370286,0.436820124357559,0.434465532010643,0.434915261866516,0.434049904590044,0.432631615346033,0.428776880213317,0.415325022682247,0.418104291826996,0.419886507787462,0.459415323801465,0.466419391694595,0.469698083448968,0.469698083448968,0.47446970068113,0.456728019057165,0.442605306023834,0.44639096716116,0.446409511425811,0.447023271908609,0.596679998553926,0.552609443013916,0.42797392863272,0.452551327809108,0.452499155067781,0.463156685769077,0.465680085036529,0.465117188538989,0.465358376310541,0.465712983418513,0.471902975311621,0.465703828091014,0.466215176579549,0.468324167478201,0.465808037253574,0.467443592723799,0.467443592723799,0.467545009396402,0.467583289790914,0.467537272919186,0.468603023601885,0.466217619357633,0.468239729446801,0.466339094312569,0.466339094312569,0.469991896612812,0.469991896612812,0.466675743761029,0.466675743761029,0.460220166527629,0.452559919086587,0.453924100666987,0.453376704109723,0.453297854284494,0.453286876896336,0.45307107303902,0.453099281806151,0.443238411757585,0.443385632641422,0.443405901619818,0.444514043722199,0.44513864925928,0.445159280754202,0.450200941181576,0.463514556142364,0.465356601539633,0.449615823619671,0.856904547155292,0.625750681133882,0.623952715951049,0.617508506425497,0.596823859284378,0.596823936685858,0.589184626976011,0.589245274448091,0.604132877866548,0.61067655496123,0.613003607121748,0.605051098131186,0.610293920028933,0.612489266602872,0.583437923208507,0.60565784268174,0.605536768556919,0.610726512669508,0.594435364960263,0.596650032810484,0.597311681508531,0.591814959341614
"OQ709197.1",0.383741122083247,0.383675182819112,0.379864835685709,0.374573262283811,0.372717032541999,0.389297196416079,0.391935587067236,0.391954422254196,0.416441081702789,0.397362656032507,0.399160531869542,0.399205032242956,0.395821263448668,0.398317070178332,0.393393886294736,0.384929635556472,0.240160050691012,0.16002223864101,0,0.300480612028247,0.40142640088468,0.492254848727804,0.492303097839282,0.488696378799958,0.457446076829513,0.456857955837828,0.456313115321762,0.467602362186596,0.467670256046011,0.467579750487087,0.441422154431297,0.460489643120492,0.45831382506322,0.518505630487052,0.517988345370975,0.486255871039896,0.489965124814621,0.494230462666907,0.496357855229669,0.501762054036433,0.50166507229082,0.515761452503333,0.51878019994816,0.519483172934926,0.497088661848792,0.495461392079362,0.490900234331647,0.485015790185788,0.488974432417415,0.458325101833648,0.458376826526802,0.505626125726233,0.49124564913205,0.462091840402648,0.64835474972916,0.410106642445412,0.410003738468532,0.408775941091613,0.408908975781188,0.43546482081866,0.434392809305482,0.433035423726999,0.433922696147019,0.434666418489246,0.434416578055308,0.434397541291837,0.434378621390549,0.434046869413898,0.433759265990967,0.429896313410706,0.453470320066756,0.454965233821944,0.455810205587633,0.456125241167554,0.437145909121757,0.43952122952187,0.439926396242885,0.441647252474195,0.437770674408724,0.444945382969267,0.44488138651382,0.456769493818492,0.456574693938174,0.456613019844412,0.456993576020738,0.434451415675589,0.439215124119757,0.440432415744211,0.430232690462739,0.430232690462739,0.430982383659505,0.432495170790045,0.432495173170305,0.432457317982069,0.432476239589689,0.431201918073137,0.431415830182652,0.431257548142697,0.432799838342808,0.431282161139341,0.431300859690751,0.429835366154867,0.432532000043031,0.432532000043031,0.432628069159525,0.432142891332983,0.432104645739025,0.432085487037395,0.43008392335601,0.435705373734614,0.438195982477425,0.438405773926017,0.441220678049604,0.441872659778877,0.440902976405968,0.440840455353496,0.44361533099639,0.443418961649794,0.445774515105711,0.442398174889051,0.443629782403282,0.446305145209082,0.44638342225189,0.446620340194755,0.447394179756754,0.448665928914419,0.448361600204629,0.448507578750265,0.44854046200469,0.448421875137277,0.447997481776838,0.448325043907287,0.448457208869785,0.446756912008641,0.448387335995915,0.446032743648998,0.446482473504871,0.445617116228399,0.444198826984388,0.440344091851673,0.426892234320602,0.429671503465351,0.431453719425818,0.47098253543982,0.47798660333295,0.481265295087323,0.481265295087323,0.486036912319486,0.468295230695521,0.454172517662189,0.457958178799515,0.457976723064167,0.458590483546964,0.608247210192281,0.564176654652271,0.439541140271075,0.464118539447463,0.464066366706136,0.474723897407432,0.477247296674884,0.476684400177344,0.476925587948896,0.477280195056868,0.483470186949977,0.477271039729369,0.477782388217904,0.479891379116556,0.477375248891929,0.479010804362154,0.479010804362154,0.479112221034757,0.47915050142927,0.479104484557541,0.480170235240241,0.477784830995988,0.479806941085156,0.477906305950924,0.477906305950924,0.481559108251168,0.481559108251168,0.478242955399384,0.478242955399384,0.471787378165984,0.464127130724942,0.465491312305342,0.464943915748078,0.464865065922849,0.464854088534691,0.464638284677375,0.464666493444507,0.45480562339594,0.454952844279778,0.454973113258173,0.456081255360554,0.456705860897635,0.456726492392558,0.461768152819931,0.475081767780719,0.476923813177989,0.461183035258027,0.868471758793647,0.637317892772238,0.635519927589404,0.629075718063852,0.608391070922733,0.608391148324213,0.600751838614367,0.600812486086446,0.615700089504903,0.622243766599585,0.624570818760103,0.616618309769541,0.621861131667288,0.624056478241227,0.595005134846862,0.617225054320095,0.617103980195275,0.622293724307864,0.606002576598618,0.60821724444884,0.608878893146886,0.603382170979969
"OP963622.1",0.365260470263929,0.365194530999794,0.361384183866391,0.356092610464493,0.354236380722681,0.370816544596761,0.373454935247918,0.373473770434878,0.397960429883471,0.378882004213189,0.380679880050224,0.380724380423638,0.37734061162935,0.379836418359014,0.374913234475418,0.366448983737154,0.291879715300873,0.288913400389892,0.300480612028247,0,0.382945749065361,0.473774196908486,0.473822446019964,0.47021572698064,0.438965425010195,0.43837730401851,0.437832463502444,0.449121710367278,0.449189604226693,0.449099098667769,0.422941502611979,0.442008991301174,0.439833173243901,0.500024978667734,0.499507693551657,0.467775219220578,0.471484472995303,0.475749810847589,0.477877203410351,0.483281402217115,0.483184420471502,0.497280800684015,0.500299548128842,0.501002521115608,0.478608010029474,0.476980740260044,0.472419582512328,0.46653513836647,0.470493780598097,0.43984445001433,0.439896174707484,0.487145473906915,0.472764997312732,0.44361118858333,0.629874097909843,0.391625990626094,0.391523086649214,0.390295289272295,0.39042832396187,0.416984168999342,0.415912157486163,0.414554771907681,0.415442044327701,0.416185766669928,0.415935926235989,0.415916889472519,0.41589796957123,0.41556621759458,0.415278614171649,0.411415661591388,0.434989668247438,0.436484582002626,0.437329553768315,0.437644589348236,0.418665257302438,0.421040577702552,0.421445744423567,0.423166600654876,0.419290022589405,0.426464731149949,0.426400734694502,0.438288841999174,0.438094042118856,0.438132368025094,0.43851292420142,0.415970763856271,0.420734472300439,0.421951763924892,0.411752038643421,0.411752038643421,0.412501731840187,0.414014518970726,0.414014521350987,0.413976666162751,0.413995587770371,0.412721266253819,0.412935178363333,0.412776896323379,0.41431918652349,0.412801509320023,0.412820207871433,0.411354714335549,0.414051348223713,0.414051348223713,0.414147417340207,0.413662239513665,0.413623993919707,0.413604835218077,0.411603271536692,0.417224721915296,0.419715330658106,0.419925122106699,0.422740026230286,0.423392007959559,0.42242232458665,0.422359803534178,0.425134679177072,0.424938309830476,0.427293863286393,0.423917523069733,0.425149130583964,0.427824493389764,0.427902770432571,0.428139688375436,0.428913527937436,0.430185277095101,0.42988094838531,0.430026926930946,0.430059810185372,0.429941223317959,0.42951682995752,0.429844392087969,0.429976557050467,0.428276260189323,0.429906684176596,0.42755209182968,0.428001821685553,0.427136464409081,0.42571817516507,0.421863440032354,0.408411582501284,0.411190851646033,0.4129730676065,0.452501883620502,0.459505951513632,0.462784643268005,0.462784643268005,0.467556260500167,0.449814578876203,0.435691865842871,0.439477526980197,0.439496071244849,0.440109831727646,0.589766558372963,0.545696002832953,0.421060488451757,0.445637887628145,0.445585714886818,0.456243245588114,0.458766644855566,0.458203748358026,0.458444936129578,0.45879954323755,0.464989535130658,0.458790387910051,0.459301736398586,0.461410727297238,0.458894597072611,0.460530152542836,0.460530152542836,0.460631569215439,0.460669849609951,0.460623832738223,0.461689583420923,0.45930417917667,0.461326289265838,0.459425654131606,0.459425654131606,0.46307845643185,0.46307845643185,0.459762303580066,0.459762303580066,0.453306726346666,0.445646478905624,0.447010660486024,0.44646326392876,0.446384414103531,0.446373436715373,0.446157632858057,0.446185841625188,0.436324971576622,0.43647219246046,0.436492461438855,0.437600603541236,0.438225209078317,0.438245840573239,0.443287501000613,0.456601115961401,0.45844316135867,0.442702383438708,0.849991106974329,0.61883724095292,0.617039275770086,0.610595066244534,0.589910419103415,0.589910496504895,0.582271186795049,0.582331834267128,0.597219437685585,0.603763114780267,0.606090166940785,0.598137657950223,0.60338047984797,0.605575826421909,0.576524483027544,0.598744402500777,0.598623328375956,0.603813072488545,0.5875219247793,0.589736592629521,0.590398241327568,0.584901519160651
"ON872527.1",0.350171652937675,0.350105713673539,0.346295366540136,0.341003793138238,0.339147563396426,0.355727727270507,0.358366117921663,0.358384953108624,0.382871612557216,0.363793186886935,0.365591062723969,0.365635563097383,0.362251794303095,0.36474760103276,0.359824417149163,0.351360166410899,0.392825504157306,0.389859189246324,0.40142640088468,0.382945749065361,0,0.458685379582231,0.45873362869371,0.455126909654385,0.42387660768394,0.423288486692255,0.422743646176189,0.434032893041023,0.434100786900438,0.434010281341514,0.407852685285724,0.426920173974919,0.424744355917647,0.484936161341479,0.484418876225403,0.452686401894323,0.456395655669048,0.460660993521334,0.462788386084097,0.46819258489086,0.468095603145247,0.482191983357761,0.485210730802587,0.485913703789354,0.46351919270322,0.461891922933789,0.457330765186074,0.451446321040215,0.455404963271842,0.424755632688075,0.424807357381229,0.47205665658066,0.457676179986477,0.428522371257075,0.614785280583588,0.376537173299839,0.376434269322959,0.37520647194604,0.375339506635615,0.401895351673087,0.400823340159909,0.399465954581427,0.400353227001446,0.401096949343673,0.400847108909735,0.400828072146264,0.400809152244976,0.400477400268325,0.400189796845394,0.396326844265134,0.419900850921184,0.421395764676371,0.422240736442061,0.422555772021981,0.403576439976184,0.405951760376297,0.406356927097312,0.408077783328622,0.404201205263151,0.411375913823694,0.411311917368247,0.423200024672919,0.423005224792601,0.423043550698839,0.423424106875165,0.400881946530016,0.405645654974184,0.406862946598638,0.396663221317166,0.396663221317166,0.397412914513932,0.398925701644472,0.398925704024732,0.398887848836496,0.398906770444116,0.397632448927564,0.397846361037079,0.397688078997124,0.399230369197235,0.397712691993768,0.397731390545178,0.396265897009294,0.398962530897458,0.398962530897458,0.399058600013952,0.39857342218741,0.398535176593452,0.398516017891822,0.396514454210437,0.402135904589041,0.404626513331852,0.404836304780444,0.407651208904031,0.408303190633304,0.407333507260395,0.407270986207924,0.410045861850817,0.409849492504221,0.412205045960138,0.408828705743479,0.410060313257709,0.412735676063509,0.412813953106317,0.413050871049182,0.413824710611181,0.415096459768846,0.414792131059056,0.414938109604692,0.414970992859117,0.414852405991704,0.414428012631265,0.414755574761714,0.414887739724213,0.413187442863068,0.414817866850342,0.412463274503425,0.412913004359298,0.412047647082826,0.410629357838815,0.4067746227061,0.393322765175029,0.396102034319778,0.397884250280245,0.437413066294248,0.444417134187377,0.44769582594175,0.44769582594175,0.452467443173913,0.434725761549948,0.420603048516616,0.424388709653942,0.424407253918594,0.425021014401391,0.574677741046708,0.530607185506698,0.405971671125502,0.43054907030189,0.430496897560563,0.441154428261859,0.443677827529312,0.443114931031771,0.443356118803323,0.443710725911295,0.449900717804404,0.443701570583796,0.444212919072331,0.446321909970983,0.443805779746356,0.445441335216582,0.445441335216582,0.445542751889184,0.445581032283697,0.445535015411968,0.446600766094668,0.444215361850415,0.446237471939583,0.444336836805351,0.444336836805351,0.447989639105595,0.447989639105595,0.444673486253811,0.444673486253811,0.438217909020411,0.430557661579369,0.431921843159769,0.431374446602505,0.431295596777276,0.431284619389118,0.431068815531802,0.431097024298934,0.421236154250368,0.421383375134205,0.4214036441126,0.422511786214981,0.423136391752062,0.423157023246985,0.428198683674358,0.441512298635146,0.443354344032416,0.427613566112454,0.834902289648075,0.603748423626665,0.601950458443832,0.595506248918279,0.57482160177716,0.57482167917864,0.567182369468794,0.567243016940873,0.58213062035933,0.588674297454012,0.59100134961453,0.583048840623968,0.588291662521715,0.590487009095654,0.561435665701289,0.583655585174522,0.583534511049702,0.588724255162291,0.572433107453045,0.574647775303267,0.575309424001313,0.569812701834396
"OR951128.1",0.413376809225464,0.413310869961328,0.409500522827925,0.404208949426027,0.402352719684215,0.418932883558296,0.421571274209452,0.421590109396412,0.446076768845005,0.426998343174724,0.428796219011758,0.428840719385172,0.425456950590884,0.427952757320549,0.423029573436952,0.414565322698688,0.48365395200043,0.480687637089449,0.492254848727804,0.473774196908486,0.458685379582231,0,0.00222211555596656,0.0306452041585996,0.18467558832773,0.184087467336045,0.183542626819979,0.338749888831802,0.338817782691216,0.338727277132293,0.312569681076503,0.331637169765698,0.329461351708425,0.428402010005906,0.42788472488983,0.42342728174105,0.427136535515775,0.431401873368061,0.433529265930824,0.438933464737588,0.438836482991974,0.452932863204488,0.455951610649314,0.456654583636081,0.434260072549947,0.432632802780517,0.428071645032801,0.422187200886943,0.42614584311857,0.395496512534803,0.395548237227957,0.442797536427388,0.428417059833204,0.399263251103802,0.585526160430315,0.385534982650408,0.385432078673528,0.384204281296609,0.384337315986184,0.410893161023656,0.409821149510478,0.408463763931995,0.409351036352015,0.410094758694242,0.409844918260303,0.409825881496833,0.409806961595545,0.409475209618894,0.409187606195963,0.405324653615702,0.428898660271752,0.43039357402694,0.431238545792629,0.43155358137255,0.412574249326752,0.414949569726866,0.415354736447881,0.41707559267919,0.413199014613719,0.420373723174263,0.420309726718816,0.432197834023488,0.43200303414317,0.432041360049408,0.432421916225734,0.409879755880585,0.414643464324753,0.415860755949207,0.405661030667735,0.405661030667735,0.406410723864501,0.40792351099504,0.407923513375301,0.407885658187065,0.407904579794685,0.406630258278133,0.406844170387647,0.406685888347693,0.408228178547804,0.406710501344337,0.406729199895747,0.405263706359863,0.407960340248026,0.407960340248026,0.408056409364521,0.407571231537979,0.407532985944021,0.407513827242391,0.405512263561006,0.41113371393961,0.413624322682421,0.413834114131013,0.4166490182546,0.417300999983873,0.416331316610964,0.416268795558492,0.419043671201386,0.41884730185479,0.421202855310707,0.417826515094047,0.419058122608278,0.421733485414078,0.421811762456885,0.42204868039975,0.42282251996175,0.424094269119415,0.423789940409625,0.42393591895526,0.423968802209686,0.423850215342273,0.423425821981834,0.423753384112283,0.423885549074781,0.422185252213637,0.42381567620091,0.421461083853994,0.421910813709867,0.421045456433395,0.419627167189384,0.415772432056668,0.402320574525598,0.405099843670347,0.406882059630814,0.446410875644816,0.453414943537946,0.456693635292319,0.456693635292319,0.461465252524482,0.443723570900517,0.429600857867185,0.433386519004511,0.433405063269163,0.43401882375196,0.583675550397277,0.539604994857267,0.414969480476071,0.439546879652459,0.439494706911132,0.450152237612428,0.45267563687988,0.45211274038234,0.452353928153892,0.452708535261864,0.458898527154973,0.452699379934365,0.4532107284229,0.455319719321552,0.452803589096925,0.454439144567151,0.454439144567151,0.454540561239753,0.454578841634266,0.454532824762537,0.455598575445237,0.453213171200984,0.455235281290152,0.45333464615592,0.45333464615592,0.456987448456164,0.456987448456164,0.45367129560438,0.45367129560438,0.44721571837098,0.439555470929938,0.440919652510338,0.440372255953074,0.440293406127845,0.440282428739687,0.440066624882371,0.440094833649502,0.430233963600936,0.430381184484774,0.430401453463169,0.43150959556555,0.432134201102631,0.432154832597554,0.437196493024927,0.450510107985715,0.452352153382985,0.436611375463022,0.843900098998644,0.612746232977234,0.6109482677944,0.604504058268848,0.583819411127729,0.583819488529209,0.576180178819363,0.576240826291442,0.591128429709899,0.597672106804581,0.599999158965099,0.592046649974537,0.597289471872285,0.599484818446223,0.570433475051858,0.592653394525091,0.592532320400271,0.59772206451286,0.581430916803614,0.583645584653836,0.584307233351882,0.578810511184965
"OR951137.1",0.413425058336942,0.413359119072807,0.409548771939404,0.404257198537505,0.402400968795694,0.418981132669774,0.42161952332093,0.421638358507891,0.446125017956484,0.427046592286202,0.428844468123237,0.42888896849665,0.425505199702362,0.428001006432027,0.42307782254843,0.414613571810166,0.483702201111909,0.480735886200927,0.492303097839282,0.473822446019964,0.45873362869371,0.00222211555596656,0,0.030693453270078,0.184723837439209,0.184135716447523,0.183590875931457,0.33879813794328,0.338866031802695,0.338775526243771,0.312617930187981,0.331685418877176,0.329509600819904,0.428450259117384,0.427932974001308,0.423475530852529,0.427184784627254,0.43145012247954,0.433577515042302,0.438981713849066,0.438884732103453,0.452981112315966,0.455999859760793,0.456702832747559,0.434308321661425,0.432681051891995,0.428119894144279,0.422235449998421,0.426194092230048,0.395544761646281,0.395596486339435,0.442845785538866,0.428465308944683,0.39931150021528,0.585574409541793,0.385583231761886,0.385480327785006,0.384252530408088,0.384385565097662,0.410941410135134,0.409869398621956,0.408512013043474,0.409399285463493,0.41014300780572,0.409893167371782,0.409874130608311,0.409855210707023,0.409523458730372,0.409235855307441,0.405372902727181,0.428946909383231,0.430441823138418,0.431286794904108,0.431601830484028,0.412622498438231,0.414997818838344,0.415402985559359,0.417123841790669,0.413247263725198,0.420421972285741,0.420357975830294,0.432246083134966,0.432051283254648,0.432089609160887,0.432470165337212,0.409928004992063,0.414691713436231,0.415909005060685,0.405709279779213,0.405709279779213,0.406458972975979,0.407971760106519,0.407971762486779,0.407933907298544,0.407952828906163,0.406678507389611,0.406892419499126,0.406734137459171,0.408276427659282,0.406758750455816,0.406777449007225,0.405311955471341,0.408008589359505,0.408008589359505,0.408104658475999,0.407619480649457,0.407581235055499,0.407562076353869,0.405560512672484,0.411181963051088,0.413672571793899,0.413882363242491,0.416697267366079,0.417349249095351,0.416379565722442,0.416317044669971,0.419091920312865,0.418895550966268,0.421251104422186,0.417874764205526,0.419106371719756,0.421781734525556,0.421860011568364,0.422096929511229,0.422870769073228,0.424142518230893,0.423838189521103,0.423984168066739,0.424017051321164,0.423898464453752,0.423474071093313,0.423801633223761,0.42393379818626,0.422233501325115,0.423863925312389,0.421509332965472,0.421959062821346,0.421093705544873,0.419675416300862,0.415820681168147,0.402368823637076,0.405148092781825,0.406930308742292,0.446459124756295,0.453463192649425,0.456741884403797,0.456741884403797,0.46151350163596,0.443771820011995,0.429649106978663,0.43343476811599,0.433453312380641,0.434067072863438,0.583723799508755,0.539653243968745,0.41501772958755,0.439595128763937,0.43954295602261,0.450200486723906,0.452723885991359,0.452160989493819,0.45240217726537,0.452756784373342,0.458946776266451,0.452747629045844,0.453258977534379,0.45536796843303,0.452851838208403,0.454487393678629,0.454487393678629,0.454588810351232,0.454627090745744,0.454581073874015,0.455646824556715,0.453261420312463,0.45528353040163,0.453382895267399,0.453382895267399,0.457035697567642,0.457035697567642,0.453719544715858,0.453719544715858,0.447263967482459,0.439603720041416,0.440967901621816,0.440420505064552,0.440341655239323,0.440330677851165,0.440114873993849,0.440143082760981,0.430282212712415,0.430429433596252,0.430449702574648,0.431557844677029,0.432182450214109,0.432203081709032,0.437244742136405,0.450558357097194,0.452400402494463,0.436659624574501,0.843948348110122,0.612794482088712,0.610996516905879,0.604552307380327,0.583867660239208,0.583867737640687,0.576228427930841,0.57628907540292,0.591176678821377,0.597720355916059,0.600047408076577,0.592094899086016,0.597337720983763,0.599533067557701,0.570481724163336,0.592701643636569,0.592580569511749,0.597770313624338,0.581479165915092,0.583693833765314,0.58435548246336,0.578858760296443
"OR951149.1",0.409818339297618,0.409752400033482,0.40594205290008,0.400650479498181,0.39879424975637,0.41537441363045,0.418012804281606,0.418031639468567,0.44251829891716,0.423439873246878,0.425237749083913,0.425282249457326,0.421898480663038,0.424394287392703,0.419471103509106,0.411006852770842,0.480095482072585,0.477129167161603,0.488696378799958,0.47021572698064,0.455126909654385,0.0306452041585996,0.030693453270078,0,0.181117118399885,0.180528997408199,0.179984156892133,0.335191418903956,0.335259312763371,0.335168807204447,0.309011211148657,0.328078699837852,0.325902881780579,0.42484354007806,0.424326254961984,0.419868811813205,0.42357806558793,0.427843403440216,0.429970796002978,0.435374994809742,0.435278013064129,0.449374393276642,0.452393140721469,0.453096113708235,0.430701602622101,0.429074332852671,0.424513175104955,0.418628730959097,0.422587373190724,0.391938042606957,0.391989767300111,0.439239066499542,0.424858589905359,0.395704781175956,0.581967690502469,0.381976512722562,0.381873608745682,0.380645811368764,0.380778846058338,0.40733469109581,0.406262679582632,0.40490529400415,0.405792566424169,0.406536288766396,0.406286448332458,0.406267411568987,0.406248491667699,0.405916739691048,0.405629136268117,0.401766183687857,0.425340190343907,0.426835104099094,0.427680075864784,0.427995111444704,0.409015779398907,0.41139109979902,0.411796266520035,0.413517122751345,0.409640544685874,0.416815253246417,0.41675125679097,0.428639364095642,0.428444564215324,0.428482890121562,0.428863446297888,0.406321285952739,0.411084994396907,0.412302286021361,0.402102560739889,0.402102560739889,0.402852253936655,0.404365041067195,0.404365043447455,0.40432718825922,0.404346109866839,0.403071788350287,0.403285700459802,0.403127418419847,0.404669708619958,0.403152031416491,0.403170729967901,0.401705236432017,0.404401870320181,0.404401870320181,0.404497939436675,0.404012761610133,0.403974516016175,0.403955357314545,0.40195379363316,0.407575244011764,0.410065852754575,0.410275644203167,0.413090548326754,0.413742530056027,0.412772846683118,0.412710325630647,0.415485201273541,0.415288831926944,0.417644385382862,0.414268045166202,0.415499652680432,0.418175015486232,0.41825329252904,0.418490210471905,0.419264050033904,0.420535799191569,0.420231470481779,0.420377449027415,0.42041033228184,0.420291745414427,0.419867352053988,0.420194914184437,0.420327079146936,0.418626782285791,0.420257206273065,0.417902613926148,0.418352343782021,0.417486986505549,0.416068697261538,0.412213962128823,0.398762104597752,0.401541373742501,0.403323589702968,0.442852405716971,0.4498564736101,0.453135165364473,0.453135165364473,0.457906782596636,0.440165100972671,0.426042387939339,0.429828049076665,0.429846593341317,0.430460353824114,0.580117080469431,0.536046524929421,0.411411010548225,0.435988409724613,0.435936236983286,0.446593767684582,0.449117166952035,0.448554270454494,0.448795458226046,0.449150065334018,0.455340057227127,0.449140910006519,0.449652258495055,0.451761249393706,0.449245119169079,0.450880674639305,0.450880674639305,0.450982091311907,0.45102037170642,0.450974354834691,0.452040105517391,0.449654701273139,0.451676811362306,0.449776176228075,0.449776176228075,0.453428978528318,0.453428978528318,0.450112825676534,0.450112825676534,0.443657248443134,0.435997001002092,0.437361182582492,0.436813786025228,0.436734936199999,0.436723958811841,0.436508154954525,0.436536363721657,0.426675493673091,0.426822714556928,0.426842983535324,0.427951125637705,0.428575731174785,0.428596362669708,0.433638023097081,0.44695163805787,0.448793683455139,0.433052905535177,0.840341629070798,0.609187763049388,0.607389797866555,0.600945588341002,0.580260941199884,0.580261018601363,0.572621708891517,0.572682356363596,0.587569959782054,0.594113636876735,0.596440689037253,0.588488180046691,0.593731001944439,0.595926348518377,0.566875005124012,0.589094924597245,0.588973850472425,0.594163594585014,0.577872446875768,0.58008711472599,0.580748763424036,0.575252041257119
"OR951129.1",0.378568037327173,0.378502098063037,0.374691750929634,0.369400177527736,0.367543947785924,0.384124111660005,0.386762502311161,0.386781337498121,0.411267996946714,0.392189571276433,0.393987447113467,0.394031947486881,0.390648178692593,0.393143985422258,0.388220801538661,0.379756550800397,0.44884518010214,0.445878865191158,0.457446076829513,0.438965425010195,0.42387660768394,0.18467558832773,0.184723837439209,0.181117118399885,0,0.000588725979316817,0.00327595135770506,0.303941116933511,0.304009010792925,0.303918505234002,0.277760909178212,0.296828397867406,0.294652579810134,0.393593238107615,0.393075952991539,0.388618509842759,0.392327763617484,0.39659310146977,0.398720494032533,0.404124692839297,0.404027711093683,0.418124091306197,0.421142838751023,0.42184581173779,0.399451300651656,0.397824030882226,0.39326287313451,0.387378428988652,0.391337071220279,0.360687740636512,0.360739465329666,0.407988764529097,0.393608287934913,0.364454479205511,0.550717388532024,0.350726210752117,0.350623306775237,0.349395509398318,0.349528544087893,0.376084389125365,0.375012377612187,0.373654992033704,0.374542264453724,0.375285986795951,0.375036146362012,0.375017109598542,0.374998189697254,0.374666437720603,0.374378834297672,0.370515881717411,0.394089888373461,0.395584802128649,0.396429773894338,0.396744809474259,0.377765477428462,0.380140797828575,0.38054596454959,0.382266820780899,0.378390242715428,0.385564951275972,0.385500954820525,0.397389062125197,0.397194262244879,0.397232588151117,0.397613144327443,0.375070983982294,0.379834692426462,0.381051984050916,0.370852258769444,0.370852258769444,0.37160195196621,0.37311473909675,0.37311474147701,0.373076886288774,0.373095807896394,0.371821486379842,0.372035398489356,0.371877116449402,0.373419406649513,0.371901729446046,0.371920427997456,0.370454934461572,0.373151568349736,0.373151568349736,0.37324763746623,0.372762459639688,0.37272421404573,0.3727050553441,0.370703491662715,0.376324942041319,0.37881555078413,0.379025342232722,0.381840246356309,0.382492228085582,0.381522544712673,0.381460023660201,0.384234899303095,0.384038529956499,0.386394083412416,0.383017743195756,0.384249350709987,0.386924713515787,0.387002990558594,0.38723990850146,0.388013748063459,0.389285497221124,0.388981168511334,0.389127147056969,0.389160030311395,0.389041443443982,0.388617050083543,0.388944612213992,0.38907677717649,0.387376480315346,0.38900690430262,0.386652311955703,0.387102041811576,0.386236684535104,0.384818395291093,0.380963660158378,0.367511802627307,0.370291071772056,0.372073287732523,0.411602103746525,0.418606171639655,0.421884863394028,0.421884863394028,0.426656480626191,0.408914799002226,0.394792085968894,0.39857774710622,0.398596291370872,0.399210051853669,0.548866778498986,0.504796222958976,0.38016070857778,0.404738107754168,0.404685935012841,0.415343465714137,0.41786686498159,0.417303968484049,0.417545156255601,0.417899763363573,0.424089755256682,0.417890608036074,0.418401956524609,0.420510947423261,0.417994817198634,0.41963037266886,0.41963037266886,0.419731789341462,0.419770069735975,0.419724052864246,0.420789803546946,0.418404399302693,0.420426509391861,0.418525874257629,0.418525874257629,0.422178676557873,0.422178676557873,0.418862523706089,0.418862523706089,0.412406946472689,0.404746699031647,0.406110880612047,0.405563484054783,0.405484634229554,0.405473656841396,0.40525785298408,0.405286061751212,0.395425191702645,0.395572412586483,0.395592681564878,0.396700823667259,0.39732542920434,0.397346060699263,0.402387721126636,0.415701336087424,0.417543381484694,0.401802603564731,0.809091327100352,0.577937461078943,0.57613949589611,0.569695286370557,0.549010639229438,0.549010716630918,0.541371406921072,0.541432054393151,0.556319657811608,0.56286333490629,0.565190387066808,0.557237878076246,0.562480699973994,0.564676046547932,0.535624703153567,0.5578446226268,0.55772354850198,0.562913292614569,0.546622144905323,0.548836812755545,0.549498461453591,0.544001739286674
"OR951148.1",0.377979916335487,0.377913977071352,0.374103629937949,0.368812056536051,0.366955826794239,0.383535990668319,0.386174381319476,0.386193216506436,0.410679875955029,0.391601450284747,0.393399326121782,0.393443826495196,0.390060057700908,0.392555864430572,0.387632680546976,0.379168429808712,0.448257059110454,0.445290744199473,0.456857955837828,0.43837730401851,0.423288486692255,0.184087467336045,0.184135716447523,0.180528997408199,0.000588725979316817,0,0.00268783036601985,0.303352995941826,0.30342088980124,0.303330384242316,0.277172788186527,0.296240276875721,0.294064458818449,0.39300511711593,0.392487831999854,0.388030388851074,0.391739642625799,0.396004980478085,0.398132373040848,0.403536571847611,0.403439590101998,0.417535970314512,0.420554717759338,0.421257690746105,0.398863179659971,0.39723590989054,0.392674752142825,0.386790307996966,0.390748950228593,0.360099619644827,0.36015134433798,0.407400643537411,0.393020166943228,0.363866358213826,0.550129267540339,0.350138089760432,0.350035185783551,0.348807388406633,0.348940423096207,0.37549626813368,0.374424256620501,0.373066871042019,0.373954143462039,0.374697865804266,0.374448025370327,0.374428988606857,0.374410068705568,0.374078316728918,0.373790713305987,0.369927760725726,0.393501767381776,0.394996681136964,0.395841652902653,0.396156688482573,0.377177356436776,0.37955267683689,0.379957843557905,0.381678699789214,0.377802121723743,0.384976830284287,0.38491283382884,0.396800941133512,0.396606141253194,0.396644467159432,0.397025023335758,0.374482862990609,0.379246571434777,0.38046386305923,0.370264137777759,0.370264137777759,0.371013830974525,0.372526618105064,0.372526620485325,0.372488765297089,0.372507686904709,0.371233365388157,0.371447277497671,0.371288995457716,0.372831285657828,0.371313608454361,0.371332307005771,0.369866813469887,0.37256344735805,0.37256344735805,0.372659516474544,0.372174338648003,0.372136093054045,0.372116934352415,0.370115370671029,0.375736821049634,0.378227429792444,0.378437221241037,0.381252125364624,0.381904107093897,0.380934423720987,0.380871902668516,0.38364677831141,0.383450408964814,0.385805962420731,0.382429622204071,0.383661229718302,0.386336592524102,0.386414869566909,0.386651787509774,0.387425627071774,0.388697376229439,0.388393047519648,0.388539026065284,0.388571909319709,0.388453322452297,0.388028929091858,0.388356491222307,0.388488656184805,0.38678835932366,0.388418783310934,0.386064190964018,0.386513920819891,0.385648563543418,0.384230274299408,0.380375539166692,0.366923681635622,0.369702950780371,0.371485166740837,0.41101398275484,0.41801805064797,0.421296742402343,0.421296742402343,0.426068359634505,0.40832667801054,0.394203964977209,0.397989626114535,0.398008170379186,0.398621930861984,0.548278657507301,0.50420810196729,0.379572587586095,0.404149986762483,0.404097814021156,0.414755344722452,0.417278743989904,0.416715847492364,0.416957035263916,0.417311642371888,0.423501634264996,0.417302487044389,0.417813835532924,0.419922826431576,0.417406696206949,0.419042251677174,0.419042251677174,0.419143668349777,0.419181948744289,0.419135931872561,0.420201682555261,0.417816278311008,0.419838388400176,0.417937753265944,0.417937753265944,0.421590555566187,0.421590555566187,0.418274402714404,0.418274402714404,0.411818825481004,0.404158578039961,0.405522759620362,0.404975363063098,0.404896513237869,0.40488553584971,0.404669731992395,0.404697940759526,0.39483707071096,0.394984291594797,0.395004560573193,0.396112702675574,0.396737308212655,0.396757939707577,0.40179960013495,0.415113215095739,0.416955260493008,0.401214482573046,0.808503206108667,0.577349340087257,0.575551374904424,0.569107165378872,0.548422518237753,0.548422595639233,0.540783285929386,0.540843933401466,0.555731536819923,0.562275213914605,0.564602266075123,0.556649757084561,0.561892578982308,0.564087925556247,0.535036582161882,0.557256501635115,0.557135427510294,0.562325171622883,0.546034023913638,0.548248691763859,0.548910340461906,0.543413618294988
"OR951136.1",0.377435075819421,0.377369136555286,0.373558789421883,0.368267216019984,0.366410986278173,0.382991150152253,0.38562954080341,0.38564837599037,0.410135035438963,0.391056609768681,0.392854485605716,0.39289898597913,0.389515217184841,0.392011023914506,0.38708784003091,0.378623589292645,0.447712218594388,0.444745903683406,0.456313115321762,0.437832463502444,0.422743646176189,0.183542626819979,0.183590875931457,0.179984156892133,0.00327595135770506,0.00268783036601985,0,0.30280815542576,0.302876049285174,0.30278554372625,0.27662794767046,0.295695436359655,0.293519618302383,0.392460276599863,0.391942991483787,0.387485548335008,0.391194802109733,0.395460139962019,0.397587532524781,0.402991731331545,0.402894749585932,0.416991129798446,0.420009877243272,0.420712850230038,0.398318339143905,0.396691069374474,0.392129911626759,0.3862454674809,0.390204109712527,0.35955477912876,0.359606503821914,0.406855803021345,0.392475326427162,0.36332151769776,0.549584427024273,0.349593249244366,0.349490345267485,0.348262547890567,0.348395582580141,0.374951427617614,0.373879416104435,0.372522030525953,0.373409302945972,0.3741530252882,0.373903184854261,0.37388414809079,0.373865228189502,0.373533476212852,0.373245872789921,0.36938292020966,0.39295692686571,0.394451840620897,0.395296812386587,0.395611847966507,0.37663251592071,0.379007836320823,0.379413003041839,0.381133859273148,0.377257281207677,0.384431989768221,0.384367993312774,0.396256100617445,0.396061300737127,0.396099626643366,0.396480182819691,0.373938022474543,0.37870173091871,0.379919022543164,0.369719297261693,0.369719297261693,0.370468990458458,0.371981777588998,0.371981779969259,0.371943924781023,0.371962846388642,0.370688524872091,0.370902436981605,0.37074415494165,0.372286445141762,0.370768767938295,0.370787466489705,0.36932197295382,0.372018606841984,0.372018606841984,0.372114675958478,0.371629498131937,0.371591252537978,0.371572093836348,0.369570530154963,0.375191980533567,0.377682589276378,0.377892380724971,0.380707284848558,0.38135926657783,0.380389583204921,0.38032706215245,0.383101937795344,0.382905568448748,0.385261121904665,0.381884781688005,0.383116389202235,0.385791752008036,0.385870029050843,0.386106946993708,0.386880786555707,0.388152535713373,0.387848207003582,0.387994185549218,0.388027068803643,0.387908481936231,0.387484088575792,0.387811650706241,0.387943815668739,0.386243518807594,0.387873942794868,0.385519350447952,0.385969080303825,0.385103723027352,0.383685433783342,0.379830698650626,0.366378841119556,0.369158110264305,0.370940326224771,0.410469142238774,0.417473210131904,0.420751901886277,0.420751901886277,0.425523519118439,0.407781837494474,0.393659124461142,0.397444785598469,0.39746332986312,0.398077090345917,0.547733816991235,0.503663261451224,0.379027747070029,0.403605146246417,0.40355297350509,0.414210504206385,0.416733903473838,0.416171006976298,0.41641219474785,0.416766801855822,0.42295679374893,0.416757646528323,0.417268995016858,0.419377985915509,0.416861855690882,0.418497411161108,0.418497411161108,0.418598827833711,0.418637108228223,0.418591091356495,0.419656842039194,0.417271437794942,0.41929354788411,0.417392912749878,0.417392912749878,0.421045715050121,0.421045715050121,0.417729562198337,0.417729562198337,0.411273984964938,0.403613737523895,0.404977919104296,0.404430522547032,0.404351672721803,0.404340695333644,0.404124891476329,0.40415310024346,0.394292230194894,0.394439451078731,0.394459720057127,0.395567862159508,0.396192467696589,0.396213099191511,0.401254759618884,0.414568374579673,0.416410419976942,0.40066964205698,0.807958365592601,0.576804499571191,0.575006534388358,0.568562324862806,0.547877677721687,0.547877755123167,0.54023844541332,0.540299092885399,0.555186696303857,0.561730373398538,0.564057425559057,0.556104916568495,0.561347738466242,0.563543085040181,0.534491741645816,0.556711661119048,0.556590586994228,0.561780331106817,0.545489183397572,0.547703851247793,0.54836549994584,0.542868777778922
"JN899072.1",0.388724322684256,0.388658383420121,0.384848036286718,0.379556462884819,0.377700233143008,0.394280397017088,0.396918787668245,0.396937622855205,0.421424282303798,0.402345856633516,0.404143732470551,0.404188232843964,0.400804464049676,0.403300270779341,0.398377086895744,0.38991283615748,0.459001465459223,0.456035150548241,0.467602362186596,0.449121710367278,0.434032893041023,0.338749888831802,0.33879813794328,0.335191418903956,0.303941116933511,0.303352995941826,0.30280815542576,0,0.00060966432708635,0.000519158768162544,0.15753205173483,0.176599540424025,0.174423722366753,0.403749523464698,0.403232238348622,0.398774795199843,0.402484048974568,0.406749386826854,0.408876779389616,0.41428097819638,0.414183996450767,0.428280376663281,0.431299124108107,0.432002097094873,0.40960758600874,0.407980316239309,0.403419158491594,0.397534714345735,0.401493356577362,0.370844025993595,0.370895750686749,0.41814504988618,0.403764573291997,0.374610764562595,0.560873673889107,0.3608824961092,0.36077959213232,0.359551794755402,0.359684829444976,0.386240674482448,0.38516866296927,0.383811277390788,0.384698549810807,0.385442272153035,0.385192431719096,0.385173394955625,0.385154475054337,0.384822723077686,0.384535119654755,0.380672167074495,0.404246173730545,0.405741087485732,0.406586059251422,0.406901094831342,0.387921762785545,0.390297083185658,0.390702249906673,0.392423106137983,0.388546528072512,0.395721236633055,0.395657240177609,0.40754534748228,0.407350547601962,0.407388873508201,0.407769429684526,0.385227269339377,0.389990977783545,0.391208269407999,0.381008544126527,0.381008544126527,0.381758237323293,0.383271024453833,0.383271026834093,0.383233171645858,0.383252093253477,0.381977771736925,0.38219168384644,0.382033401806485,0.383575692006597,0.38205801480313,0.382076713354539,0.380611219818655,0.383307853706819,0.383307853706819,0.383403922823313,0.382918744996771,0.382880499402813,0.382861340701183,0.380859777019798,0.386481227398402,0.388971836141213,0.389181627589805,0.391996531713393,0.392648513442665,0.391678830069756,0.391616309017285,0.394391184660179,0.394194815313582,0.3965503687695,0.39317402855284,0.39440563606707,0.39708099887287,0.397159275915678,0.397396193858543,0.398170033420542,0.399441782578207,0.399137453868417,0.399283432414053,0.399316315668478,0.399197728801066,0.398773335440627,0.399100897571075,0.399233062533574,0.397532765672429,0.399163189659703,0.396808597312787,0.39725832716866,0.396392969892187,0.394974680648176,0.391119945515461,0.377668087984391,0.38044735712914,0.382229573089606,0.421758389103609,0.428762456996739,0.432041148751111,0.432041148751111,0.436812765983274,0.419071084359309,0.404948371325977,0.408734032463304,0.408752576727955,0.409366337210752,0.559023063856069,0.514952508316059,0.390316993934864,0.414894393111252,0.414842220369925,0.42549975107122,0.428023150338673,0.427460253841133,0.427701441612684,0.428056048720657,0.434246040613765,0.428046893393158,0.428558241881693,0.430667232780344,0.428151102555717,0.429786658025943,0.429786658025943,0.429888074698546,0.429926355093058,0.429880338221329,0.430946088904029,0.428560684659777,0.430582794748945,0.428682159614713,0.428682159614713,0.432334961914956,0.432334961914956,0.429018809063172,0.429018809063172,0.422563231829773,0.41490298438873,0.41626716596913,0.415719769411866,0.415640919586637,0.415629942198479,0.415414138341164,0.415442347108295,0.405581477059729,0.405728697943566,0.405748966921962,0.406857109024343,0.407481714561423,0.407502346056346,0.412544006483719,0.425857621444508,0.427699666841777,0.411958888921815,0.819247612457436,0.588093746436026,0.586295781253193,0.579851571727641,0.559166924586522,0.559167001988002,0.551527692278155,0.551588339750234,0.566475943168692,0.573019620263373,0.575346672423891,0.56739416343333,0.572636985331077,0.574832331905015,0.54578098851065,0.568000907983883,0.567879833859063,0.573069577971652,0.556778430262406,0.558993098112628,0.559654746810674,0.554158024643757
"JN899074.1",0.38879221654367,0.388726277279535,0.384915930146132,0.379624356744234,0.377768127002422,0.394348290876502,0.396986681527659,0.397005516714619,0.421492176163212,0.40241375049293,0.404211626329965,0.404256126703379,0.400872357909091,0.403368164638755,0.398444980755159,0.389980730016895,0.459069359318637,0.456103044407656,0.467670256046011,0.449189604226693,0.434100786900438,0.338817782691216,0.338866031802695,0.335259312763371,0.304009010792925,0.30342088980124,0.302876049285174,0.00060966432708635,0,0.000290864867203798,0.157599945594245,0.176667434283439,0.174491616226167,0.403817417324113,0.403300132208037,0.398842689059257,0.402551942833982,0.406817280686268,0.408944673249031,0.414348872055794,0.414251890310181,0.428348270522695,0.431367017967521,0.432069990954288,0.409675479868154,0.408048210098724,0.403487052351008,0.39760260820515,0.401561250436776,0.37091191985301,0.370963644546163,0.418212943745594,0.403832467151411,0.374678658422009,0.560941567748522,0.360950389968615,0.360847485991734,0.359619688614816,0.35975272330439,0.386308568341863,0.385236556828684,0.383879171250202,0.384766443670222,0.385510166012449,0.38526032557851,0.38524128881504,0.385222368913751,0.384890616937101,0.38460301351417,0.380740060933909,0.404314067589959,0.405808981345147,0.406653953110836,0.406968988690756,0.387989656644959,0.390364977045073,0.390770143766088,0.392490999997397,0.388614421931926,0.39578913049247,0.395725134037023,0.407613241341695,0.407418441461377,0.407456767367615,0.407837323543941,0.385295163198792,0.39005887164296,0.391276163267413,0.381076437985942,0.381076437985942,0.381826131182708,0.383338918313247,0.383338920693508,0.383301065505272,0.383319987112892,0.38204566559634,0.382259577705854,0.382101295665899,0.383643585866011,0.382125908662544,0.382144607213954,0.38067911367807,0.383375747566233,0.383375747566233,0.383471816682727,0.382986638856186,0.382948393262228,0.382929234560598,0.380927670879212,0.386549121257817,0.389039730000627,0.38924952144922,0.392064425572807,0.39271640730208,0.39174672392917,0.391684202876699,0.394459078519593,0.394262709172997,0.396618262628914,0.393241922412254,0.394473529926485,0.397148892732285,0.397227169775092,0.397464087717957,0.398237927279957,0.399509676437622,0.399205347727831,0.399351326273467,0.399384209527892,0.39926562266048,0.398841229300041,0.39916879143049,0.399300956392988,0.397600659531844,0.399231083519117,0.396876491172201,0.397326221028074,0.396460863751601,0.395042574507591,0.391187839374875,0.377735981843805,0.380515250988554,0.38229746694902,0.421826282963023,0.428830350856153,0.432109042610526,0.432109042610526,0.436880659842688,0.419138978218723,0.405016265185392,0.408801926322718,0.408820470587369,0.409434231070167,0.559090957715484,0.515020402175474,0.390384887794278,0.414962286970666,0.414910114229339,0.425567644930635,0.428091044198087,0.427528147700547,0.427769335472099,0.428123942580071,0.434313934473179,0.428114787252572,0.428626135741107,0.430735126639759,0.428218996415132,0.429854551885357,0.429854551885357,0.42995596855796,0.429994248952472,0.429948232080744,0.431013982763444,0.428628578519191,0.430650688608359,0.428750053474127,0.428750053474127,0.43240285577437,0.43240285577437,0.429086702922587,0.429086702922587,0.422631125689187,0.414970878248144,0.416335059828545,0.415787663271281,0.415708813446052,0.415697836057894,0.415482032200578,0.415510240967709,0.405649370919143,0.40579659180298,0.405816860781376,0.406925002883757,0.407549608420838,0.40757023991576,0.412611900343134,0.425925515303922,0.427767560701191,0.412026782781229,0.81931550631685,0.588161640295441,0.586363675112607,0.579919465587055,0.559234818445936,0.559234895847416,0.551595586137569,0.551656233609649,0.566543837028106,0.573087514122787,0.575414566283306,0.567462057292744,0.572704879190491,0.57490022576443,0.545848882370065,0.568068801843297,0.567947727718477,0.573137471831066,0.556846324121821,0.559060991972042,0.559722640670089,0.554225918503171
"NC_017936.1",0.388701710984747,0.388635771720611,0.384825424587208,0.37953385118531,0.377677621443498,0.394257785317579,0.396896175968735,0.396915011155695,0.421401670604288,0.402323244934007,0.404121120771041,0.404165621144455,0.400781852350167,0.403277659079832,0.398354475196235,0.389890224457971,0.458978853759713,0.456012538848732,0.467579750487087,0.449099098667769,0.434010281341514,0.338727277132293,0.338775526243771,0.335168807204447,0.303918505234002,0.303330384242316,0.30278554372625,0.000519158768162544,0.000290864867203798,0,0.157509440035321,0.176576928724516,0.174401110667243,0.403726911765189,0.403209626649113,0.398752183500333,0.402461437275058,0.406726775127344,0.408854167690107,0.414258366496871,0.414161384751257,0.428257764963771,0.431276512408597,0.431979485395364,0.40958497430923,0.4079577045398,0.403396546792084,0.397512102646226,0.401470744877853,0.370821414294086,0.37087313898724,0.418122438186671,0.403741961592488,0.374588152863085,0.560851062189598,0.360859884409691,0.360756980432811,0.359529183055892,0.359662217745467,0.386218062782939,0.385146051269761,0.383788665691278,0.384675938111298,0.385419660453525,0.385169820019586,0.385150783256116,0.385131863354828,0.384800111378177,0.384512507955246,0.380649555374985,0.404223562031035,0.405718475786223,0.406563447551912,0.406878483131833,0.387899151086035,0.390274471486149,0.390679638207164,0.392400494438473,0.388523916373002,0.395698624933546,0.395634628478099,0.407522735782771,0.407327935902453,0.407366261808691,0.407746817985017,0.385204657639868,0.389968366084036,0.39118565770849,0.380985932427018,0.380985932427018,0.381735625623784,0.383248412754324,0.383248415134584,0.383210559946348,0.383229481553968,0.381955160037416,0.38216907214693,0.382010790106976,0.383553080307087,0.38203540310362,0.38205410165503,0.380588608119146,0.383285242007309,0.383285242007309,0.383381311123804,0.382896133297262,0.382857887703304,0.382838729001674,0.380837165320289,0.386458615698893,0.388949224441704,0.389159015890296,0.391973920013883,0.392625901743156,0.391656218370247,0.391593697317775,0.394368572960669,0.394172203614073,0.39652775706999,0.39315141685333,0.394383024367561,0.397058387173361,0.397136664216169,0.397373582159034,0.398147421721033,0.399419170878698,0.399114842168908,0.399260820714543,0.399293703968969,0.399175117101556,0.398750723741117,0.399078285871566,0.399210450834064,0.39751015397292,0.399140577960193,0.396785985613277,0.39723571546915,0.396370358192678,0.394952068948667,0.391097333815952,0.377645476284881,0.38042474542963,0.382206961390097,0.421735777404099,0.428739845297229,0.432018537051602,0.432018537051602,0.436790154283765,0.4190484726598,0.404925759626468,0.408711420763794,0.408729965028446,0.409343725511243,0.55900045215656,0.51492989661655,0.390294382235354,0.414871781411742,0.414819608670415,0.425477139371711,0.428000538639163,0.427437642141623,0.427678829913175,0.428033437021147,0.434223428914256,0.428024281693648,0.428535630182183,0.430644621080835,0.428128490856208,0.429764046326434,0.429764046326434,0.429865462999036,0.429903743393549,0.42985772652182,0.43092347720452,0.428538072960267,0.430560183049435,0.428659547915203,0.428659547915203,0.432312350215447,0.432312350215447,0.428996197363663,0.428996197363663,0.422540620130263,0.414880372689221,0.416244554269621,0.415697157712357,0.415618307887128,0.41560733049897,0.415391526641654,0.415419735408785,0.405558865360219,0.405706086244057,0.405726355222452,0.406834497324833,0.407459102861914,0.407479734356837,0.41252139478421,0.425835009744998,0.427677055142268,0.411936277222305,0.819225000757926,0.588071134736517,0.586273169553683,0.579828960028131,0.559144312887012,0.559144390288492,0.551505080578646,0.551565728050725,0.566453331469182,0.572997008563864,0.575324060724382,0.56737155173382,0.572614373631567,0.574809720205506,0.545758376811141,0.567978296284374,0.567857222159553,0.573046966272143,0.556755818562897,0.558970486413119,0.559632135111165,0.554135412944248
"OP930875.1",0.362544114928957,0.362478175664821,0.358667828531418,0.35337625512952,0.351520025387708,0.368100189261789,0.370738579912945,0.370757415099906,0.395244074548499,0.376165648878217,0.377963524715252,0.378008025088665,0.374624256294377,0.377120063024042,0.372196879140445,0.363732628402181,0.432821257703924,0.429854942792942,0.441422154431297,0.422941502611979,0.407852685285724,0.312569681076503,0.312617930187981,0.309011211148657,0.277760909178212,0.277172788186527,0.27662794767046,0.15753205173483,0.157599945594245,0.157509440035321,0,0.0702959237894947,0.0681201057322224,0.377569315709399,0.377052030593323,0.372594587444543,0.376303841219269,0.380569179071554,0.382696571634317,0.388100770441081,0.388003788695467,0.402100168907981,0.405118916352808,0.405821889339574,0.38342737825344,0.38180010848401,0.377238950736294,0.371354506590436,0.375313148822063,0.344663818238296,0.34471554293145,0.391964842130881,0.377584365536698,0.348430556807295,0.534693466133808,0.334702288353901,0.334599384377021,0.333371587000102,0.333504621689677,0.360060466727149,0.358988455213971,0.357631069635489,0.358518342055508,0.359262064397735,0.359012223963797,0.358993187200326,0.358974267299038,0.358642515322387,0.358354911899456,0.354491959319195,0.378065965975246,0.379560879730433,0.380405851496123,0.380720887076043,0.361741555030246,0.364116875430359,0.364522042151374,0.366242898382684,0.362366320317213,0.369541028877756,0.369477032422309,0.381365139726981,0.381170339846663,0.381208665752901,0.381589221929227,0.359047061584078,0.363810770028246,0.3650280616527,0.354828336371228,0.354828336371228,0.355578029567994,0.357090816698534,0.357090819078794,0.357052963890558,0.357071885498178,0.355797563981626,0.356011476091141,0.355853194051186,0.357395484251297,0.35587780704783,0.35589650559924,0.354431012063356,0.35712764595152,0.35712764595152,0.357223715068014,0.356738537241472,0.356700291647514,0.356681132945884,0.354679569264499,0.360301019643103,0.362791628385914,0.363001419834506,0.365816323958093,0.366468305687366,0.365498622314457,0.365436101261986,0.368210976904879,0.368014607558283,0.3703701610142,0.366993820797541,0.368225428311771,0.370900791117571,0.370979068160379,0.371215986103244,0.371989825665243,0.373261574822908,0.372957246113118,0.373103224658754,0.373136107913179,0.373017521045766,0.372593127685327,0.372920689815776,0.373052854778275,0.37135255791713,0.372982981904404,0.370628389557487,0.37107811941336,0.370212762136888,0.368794472892877,0.364939737760162,0.351487880229091,0.35426714937384,0.356049365334307,0.39557818134831,0.40258224924144,0.405860940995812,0.405860940995812,0.410632558227975,0.39289087660401,0.378768163570678,0.382553824708004,0.382572368972656,0.383186129455453,0.53284285610077,0.48877230056076,0.364136786179564,0.388714185355952,0.388662012614625,0.399319543315921,0.401842942583374,0.401280046085833,0.401521233857385,0.401875840965357,0.408065832858466,0.401866685637858,0.402378034126393,0.404487025025045,0.401970894800418,0.403606450270644,0.403606450270644,0.403707866943246,0.403746147337759,0.40370013046603,0.40476588114873,0.402380476904477,0.404402586993645,0.402501951859414,0.402501951859414,0.406154754159657,0.406154754159657,0.402838601307873,0.402838601307873,0.396383024074473,0.388722776633431,0.390086958213831,0.389539561656567,0.389460711831338,0.38944973444318,0.389233930585864,0.389262139352996,0.37940126930443,0.379548490188267,0.379568759166662,0.380676901269044,0.381301506806124,0.381322138301047,0.38636379872842,0.399677413689208,0.401519459086478,0.385778681166516,0.793067404702137,0.561913538680727,0.560115573497894,0.553671363972341,0.532986716831223,0.532986794232702,0.525347484522856,0.525408131994935,0.540295735413392,0.546839412508074,0.549166464668592,0.54121395567803,0.546456777575778,0.548652124149716,0.519600780755351,0.541820700228584,0.541699626103764,0.546889370216353,0.530598222507107,0.532812890357329,0.533474539055375,0.527977816888458
"OR951107.1",0.381611603618151,0.381545664354016,0.377735317220613,0.372443743818715,0.370587514076903,0.387167677950983,0.38980606860214,0.3898249037891,0.414311563237693,0.395233137567412,0.397031013404446,0.39707551377786,0.393691744983572,0.396187551713236,0.39126436782964,0.382800117091376,0.451888746393118,0.448922431482137,0.460489643120492,0.442008991301174,0.426920173974919,0.331637169765698,0.331685418877176,0.328078699837852,0.296828397867406,0.296240276875721,0.295695436359655,0.176599540424025,0.176667434283439,0.176576928724516,0.0702959237894947,0,0.00799062762773937,0.396636804398594,0.396119519282518,0.391662076133738,0.395371329908463,0.399636667760749,0.401764060323512,0.407168259130275,0.407071277384662,0.421167657597176,0.424186405042002,0.424889378028769,0.402494866942635,0.400867597173205,0.396306439425489,0.39042199527963,0.394380637511257,0.363731306927491,0.363783031620645,0.411032330820076,0.396651854225892,0.36749804549649,0.553760954823003,0.353769777043096,0.353666873066216,0.352439075689297,0.352572110378872,0.379127955416344,0.378055943903165,0.376698558324683,0.377585830744703,0.37832955308693,0.378079712652991,0.378060675889521,0.378041755988233,0.377710004011582,0.377422400588651,0.37355944800839,0.39713345466444,0.398628368419628,0.399473340185317,0.399788375765238,0.38080904371944,0.383184364119554,0.383589530840569,0.385310387071878,0.381433809006407,0.388608517566951,0.388544521111504,0.400432628416176,0.400237828535858,0.400276154442096,0.400656710618422,0.378114550273273,0.382878258717441,0.384095550341894,0.373895825060423,0.373895825060423,0.374645518257189,0.376158305387728,0.376158307767989,0.376120452579753,0.376139374187373,0.374865052670821,0.375078964780335,0.37492068274038,0.376462972940492,0.374945295737025,0.374963994288435,0.373498500752551,0.376195134640714,0.376195134640714,0.376291203757209,0.375806025930667,0.375767780336709,0.375748621635079,0.373747057953694,0.379368508332298,0.381859117075109,0.382068908523701,0.384883812647288,0.385535794376561,0.384566111003652,0.38450358995118,0.387278465594074,0.387082096247478,0.389437649703395,0.386061309486735,0.387292917000966,0.389968279806766,0.390046556849573,0.390283474792438,0.391057314354438,0.392329063512103,0.392024734802312,0.392170713347948,0.392203596602373,0.392085009734961,0.391660616374522,0.391988178504971,0.392120343467469,0.390420046606325,0.392050470593598,0.389695878246682,0.390145608102555,0.389280250826083,0.387861961582072,0.384007226449356,0.370555368918286,0.373334638063035,0.375116854023501,0.414645670037504,0.421649737930634,0.424928429685007,0.424928429685007,0.429700046917169,0.411958365293205,0.397835652259873,0.401621313397199,0.40163985766185,0.402253618144648,0.551910344789965,0.507839789249955,0.383204274868759,0.407781674045147,0.40772950130382,0.418387032005116,0.420910431272568,0.420347534775028,0.42058872254658,0.420943329654552,0.42713332154766,0.420934174327053,0.421445522815588,0.42355451371424,0.421038383489613,0.422673938959838,0.422673938959838,0.422775355632441,0.422813636026953,0.422767619155225,0.423833369837925,0.421447965593672,0.42347007568284,0.421569440548608,0.421569440548608,0.425222242848852,0.425222242848852,0.421906089997068,0.421906089997068,0.415450512763668,0.407790265322626,0.409154446903026,0.408607050345762,0.408528200520533,0.408517223132375,0.408301419275059,0.40832962804219,0.398468757993624,0.398615978877461,0.398636247855857,0.399744389958238,0.400368995495319,0.400389626990241,0.405431287417615,0.418744902378403,0.420586947775672,0.40484616985571,0.812134893391331,0.580981027369922,0.579183062187088,0.572738852661536,0.552054205520417,0.552054282921897,0.544414973212051,0.54447562068413,0.559363224102587,0.565906901197269,0.568233953357787,0.560281444367225,0.565524266264972,0.567719612838911,0.538668269444546,0.560888188917779,0.560767114792958,0.565956858905547,0.549665711196302,0.551880379046524,0.55254202774457,0.547045305577653
"OR951109.1",0.379435785560879,0.379369846296744,0.375559499163341,0.370267925761442,0.368411696019631,0.384991859893711,0.387630250544868,0.387649085731828,0.412135745180421,0.393057319510139,0.394855195347174,0.394899695720587,0.391515926926299,0.394011733655964,0.389088549772368,0.380624299034103,0.449712928335846,0.446746613424864,0.45831382506322,0.439833173243901,0.424744355917647,0.329461351708425,0.329509600819904,0.325902881780579,0.294652579810134,0.294064458818449,0.293519618302383,0.174423722366753,0.174491616226167,0.174401110667243,0.0681201057322224,0.00799062762773937,0,0.394460986341321,0.393943701225245,0.389486258076466,0.393195511851191,0.397460849703477,0.399588242266239,0.404992441073003,0.40489545932739,0.418991839539904,0.42201058698473,0.422713559971496,0.400319048885363,0.398691779115932,0.394130621368217,0.388246177222358,0.392204819453985,0.361555488870218,0.361607213563372,0.408856512762803,0.39447603616862,0.365322227439218,0.55158513676573,0.351593958985824,0.351491055008943,0.350263257632025,0.350396292321599,0.376952137359072,0.375880125845893,0.374522740267411,0.37541001268743,0.376153735029658,0.375903894595719,0.375884857832249,0.37586593793096,0.37553418595431,0.375246582531379,0.371383629951118,0.394957636607168,0.396452550362355,0.397297522128045,0.397612557707965,0.378633225662168,0.381008546062281,0.381413712783297,0.383134569014606,0.379257990949135,0.386432699509679,0.386368703054232,0.398256810358903,0.398062010478585,0.398100336384824,0.398480892561149,0.375938732216001,0.380702440660168,0.381919732284622,0.371720007003151,0.371720007003151,0.372469700199916,0.373982487330456,0.373982489710717,0.373944634522481,0.3739635561301,0.372689234613549,0.372903146723063,0.372744864683108,0.37428715488322,0.372769477679753,0.372788176231163,0.371322682695278,0.374019316583442,0.374019316583442,0.374115385699936,0.373630207873395,0.373591962279436,0.373572803577806,0.371571239896421,0.377192690275025,0.379683299017836,0.379893090466429,0.382707994590016,0.383359976319288,0.382390292946379,0.382327771893908,0.385102647536802,0.384906278190205,0.387261831646123,0.383885491429463,0.385117098943693,0.387792461749494,0.387870738792301,0.388107656735166,0.388881496297165,0.390153245454831,0.38984891674504,0.389994895290676,0.390027778545101,0.389909191677689,0.38948479831725,0.389812360447699,0.389944525410197,0.388244228549052,0.389874652536326,0.38752006018941,0.387969790045283,0.38710443276881,0.3856861435248,0.381831408392084,0.368379550861014,0.371158820005763,0.372941035966229,0.412469851980232,0.419473919873362,0.422752611627735,0.422752611627735,0.427524228859897,0.409782547235932,0.3956598342026,0.399445495339927,0.399464039604578,0.400077800087375,0.549734526732693,0.505663971192682,0.381028456811487,0.405605855987875,0.405553683246548,0.416211213947843,0.418734613215296,0.418171716717756,0.418412904489308,0.41876751159728,0.424957503490388,0.418758356269781,0.419269704758316,0.421378695656967,0.41886256543234,0.420498120902566,0.420498120902566,0.420599537575169,0.420637817969681,0.420591801097953,0.421657551780652,0.4192721475364,0.421294257625568,0.419393622491336,0.419393622491336,0.423046424791579,0.423046424791579,0.419730271939795,0.419730271939795,0.413274694706396,0.405614447265353,0.406978628845754,0.40643123228849,0.40635238246326,0.406341405075102,0.406125601217787,0.406153809984918,0.396292939936352,0.396440160820189,0.396460429798585,0.397568571900966,0.398193177438046,0.398213808932969,0.403255469360342,0.416569084321131,0.4184111297184,0.402670351798438,0.809959075334059,0.578805209312649,0.577007244129816,0.570563034604264,0.549878387463145,0.549878464864625,0.542239155154778,0.542299802626858,0.557187406045315,0.563731083139996,0.566058135300515,0.558105626309953,0.5633484482077,0.565543794781639,0.536492451387274,0.558712370860506,0.558591296735686,0.563781040848275,0.54748989313903,0.549704560989251,0.550366209687298,0.54486948752038
"OR951153.1",0.439627590984711,0.439561651720576,0.435751304587173,0.430459731185274,0.428603501443463,0.445183665317543,0.4478220559687,0.44784089115566,0.472327550604253,0.453249124933971,0.455047000771006,0.45509150114442,0.451707732350131,0.454203539079796,0.4492803551962,0.440816104457935,0.509904733759678,0.506938418848697,0.518505630487052,0.500024978667734,0.484936161341479,0.428402010005906,0.428450259117384,0.42484354007806,0.393593238107615,0.39300511711593,0.392460276599863,0.403749523464698,0.403817417324113,0.403726911765189,0.377569315709399,0.396636804398594,0.394460986341321,0,0.0248626858029692,0.449678063500298,0.453387317275023,0.457652655127309,0.459780047690072,0.465184246496835,0.465087264751222,0.479183644963736,0.482202392408562,0.482905365395329,0.460510854309195,0.458883584539764,0.454322426792049,0.44843798264619,0.452396624877817,0.42174729429405,0.421799018987204,0.469048318186635,0.454667841592452,0.42551403286305,0.611776942189562,0.411785764409656,0.411682860432775,0.410455063055857,0.410588097745431,0.437143942782904,0.436071931269725,0.434714545691243,0.435601818111262,0.43634554045349,0.436095700019551,0.43607666325608,0.436057743354792,0.435725991378142,0.435438387955211,0.43157543537495,0.455149442031,0.456644355786187,0.457489327551877,0.457804363131797,0.438825031086,0.441200351486113,0.441605518207129,0.443326374438438,0.439449796372967,0.446624504933511,0.446560508478064,0.458448615782735,0.458253815902417,0.458292141808656,0.458672697984981,0.436130537639833,0.440894246084,0.442111537708454,0.431911812426983,0.431911812426983,0.432661505623748,0.434174292754288,0.434174295134549,0.434136439946313,0.434155361553932,0.432881040037381,0.433094952146895,0.43293667010694,0.434478960307052,0.432961283103585,0.432979981654995,0.43151448811911,0.434211122007274,0.434211122007274,0.434307191123768,0.433822013297227,0.433783767703268,0.433764609001639,0.431763045320253,0.437384495698858,0.439875104441668,0.440084895890261,0.442899800013848,0.44355178174312,0.442582098370211,0.44251957731774,0.445294452960634,0.445098083614038,0.447453637069955,0.444077296853295,0.445308904367525,0.447984267173326,0.448062544216133,0.448299462158998,0.449073301720997,0.450345050878663,0.450040722168872,0.450186700714508,0.450219583968933,0.450100997101521,0.449676603741082,0.450004165871531,0.450136330834029,0.448436033972884,0.450066457960158,0.447711865613242,0.448161595469115,0.447296238192642,0.445877948948632,0.442023213815916,0.428571356284846,0.431350625429595,0.433132841390061,0.472661657404064,0.479665725297194,0.482944417051567,0.482944417051567,0.487716034283729,0.469974352659764,0.455851639626433,0.459637300763759,0.45965584502841,0.460269605511207,0.609926332156525,0.565855776616514,0.441220262235319,0.465797661411707,0.46574548867038,0.476403019371675,0.478926418639128,0.478363522141588,0.47860470991314,0.478959317021112,0.48514930891422,0.478950161693613,0.479461510182148,0.4815705010808,0.479054370856173,0.480689926326398,0.480689926326398,0.480791342999001,0.480829623393513,0.480783606521785,0.481849357204484,0.479463952960232,0.4814860630494,0.479585427915168,0.479585427915168,0.483238230215411,0.483238230215411,0.479922077363627,0.479922077363627,0.473466500130228,0.465806252689185,0.467170434269586,0.466623037712322,0.466544187887093,0.466533210498934,0.466317406641619,0.46634561540875,0.456484745360184,0.456631966244021,0.456652235222417,0.457760377324798,0.458384982861879,0.458405614356801,0.463447274784174,0.476760889744963,0.478602935142232,0.46286215722227,0.870150880757891,0.638997014736481,0.637199049553648,0.630754840028096,0.610070192886977,0.610070270288457,0.60243096057861,0.60249160805069,0.617379211469147,0.623922888563828,0.626249940724346,0.618297431733785,0.623540253631532,0.62573560020547,0.596684256811106,0.618904176284338,0.618783102159518,0.623972846272107,0.607681698562861,0.609896366413083,0.61055801511113,0.605061292944212
"OR951157.1",0.439110305868635,0.4390443666045,0.435234019471097,0.429942446069198,0.428086216327387,0.444666380201467,0.447304770852624,0.447323606039584,0.471810265488177,0.452731839817895,0.45452971565493,0.454574216028343,0.451190447234055,0.45368625396372,0.448763070080124,0.440298819341859,0.509387448643602,0.50642113373262,0.517988345370975,0.499507693551657,0.484418876225403,0.42788472488983,0.427932974001308,0.424326254961984,0.393075952991539,0.392487831999854,0.391942991483787,0.403232238348622,0.403300132208037,0.403209626649113,0.377052030593323,0.396119519282518,0.393943701225245,0.0248626858029692,0,0.449160778384222,0.452870032158947,0.457135370011233,0.459262762573995,0.464666961380759,0.464569979635146,0.47866635984766,0.481685107292486,0.482388080279252,0.459993569193119,0.458366299423688,0.453805141675973,0.447920697530114,0.451879339761741,0.421230009177974,0.421281733871128,0.468531033070559,0.454150556476376,0.424996747746974,0.611259657073487,0.41126847929358,0.411165575316699,0.409937777939781,0.410070812629355,0.436626657666828,0.435554646153649,0.434197260575167,0.435084532995186,0.435828255337414,0.435578414903475,0.435559378140004,0.435540458238716,0.435208706262066,0.434921102839135,0.431058150258874,0.454632156914924,0.456127070670111,0.456972042435801,0.457287078015721,0.438307745969924,0.440683066370037,0.441088233091052,0.442809089322362,0.438932511256891,0.446107219817435,0.446043223361988,0.457931330666659,0.457736530786341,0.45777485669258,0.458155412868905,0.435613252523757,0.440376960967924,0.441594252592378,0.431394527310907,0.431394527310907,0.432144220507672,0.433657007638212,0.433657010018472,0.433619154830237,0.433638076437856,0.432363754921305,0.432577667030819,0.432419384990864,0.433961675190976,0.432443997987509,0.432462696538919,0.430997203003034,0.433693836891198,0.433693836891198,0.433789906007692,0.43330472818115,0.433266482587192,0.433247323885562,0.431245760204177,0.436867210582781,0.439357819325592,0.439567610774185,0.442382514897772,0.443034496627044,0.442064813254135,0.442002292201664,0.444777167844558,0.444580798497961,0.446936351953879,0.443560011737219,0.444791619251449,0.44746698205725,0.447545259100057,0.447782177042922,0.448556016604921,0.449827765762587,0.449523437052796,0.449669415598432,0.449702298852857,0.449583711985445,0.449159318625006,0.449486880755455,0.449619045717953,0.447918748856808,0.449549172844082,0.447194580497166,0.447644310353039,0.446778953076566,0.445360663832555,0.44150592869984,0.42805407116877,0.430833340313519,0.432615556273985,0.472144372287988,0.479148440181118,0.48242713193549,0.48242713193549,0.487198749167653,0.469457067543688,0.455334354510356,0.459120015647683,0.459138559912334,0.459752320395131,0.609409047040449,0.565338491500438,0.440702977119243,0.465280376295631,0.465228203554304,0.475885734255599,0.478409133523052,0.477846237025512,0.478087424797064,0.478442031905036,0.484632023798144,0.478432876577537,0.478944225066072,0.481053215964723,0.478537085740096,0.480172641210322,0.480172641210322,0.480274057882925,0.480312338277437,0.480266321405709,0.481332072088408,0.478946667844156,0.480968777933324,0.479068142799092,0.479068142799092,0.482720945099335,0.482720945099335,0.479404792247551,0.479404792247551,0.472949215014152,0.465288967573109,0.46665314915351,0.466105752596246,0.466026902771016,0.466015925382858,0.465800121525543,0.465828330292674,0.455967460244108,0.456114681127945,0.456134950106341,0.457243092208722,0.457867697745802,0.457888329240725,0.462929989668098,0.476243604628887,0.478085650026156,0.462344872106194,0.869633595641815,0.638479729620405,0.636681764437572,0.63023755491202,0.609552907770901,0.609552985172381,0.601913675462534,0.601974322934613,0.616861926353071,0.623405603447752,0.62573265560827,0.617780146617709,0.623022968515456,0.625218315089394,0.59616697169503,0.618386891168262,0.618265817043442,0.623455561156031,0.607164413446786,0.609379081297007,0.610040729995054,0.604544007828136
"OP930874.1",0.407377831537555,0.40731189227342,0.403501545140017,0.398209971738119,0.396353741996307,0.412933905870387,0.415572296521544,0.415591131708504,0.440077791157097,0.420999365486815,0.42279724132385,0.422841741697264,0.419457972902976,0.42195377963264,0.417030595749044,0.40856634501078,0.477654974312522,0.474688659401541,0.486255871039896,0.467775219220578,0.452686401894323,0.42342728174105,0.423475530852529,0.419868811813205,0.388618509842759,0.388030388851074,0.387485548335008,0.398774795199843,0.398842689059257,0.398752183500333,0.372594587444543,0.391662076133738,0.389486258076466,0.449678063500298,0.449160778384222,0,0.109565141305638,0.113830479157924,0.115957871720687,0.121362070527451,0.121265088781837,0.135361468994351,0.138380216439178,0.139083189425944,0.140318177856313,0.138690908086882,0.134129750339167,0.128245306193308,0.132203948424935,0.128297172554973,0.128348897248126,0.21857846760244,0.204197991008257,0.175044182278855,0.521848824516545,0.3795360049625,0.37943310098562,0.378205303608701,0.378338338298275,0.404894183335748,0.403822171822569,0.402464786244087,0.403352058664107,0.404095781006334,0.403845940572395,0.403826903808925,0.403807983907637,0.403476231930986,0.403188628508055,0.399325675927794,0.422899682583844,0.424394596339032,0.425239568104721,0.425554603684642,0.406575271638844,0.408950592038958,0.409355758759973,0.411076614991282,0.407200036925811,0.414374745486355,0.414310749030908,0.42619885633558,0.426004056455262,0.4260423823615,0.426422938537826,0.403880778192677,0.408644486636845,0.409861778261298,0.399662052979827,0.399662052979827,0.400411746176593,0.401924533307132,0.401924535687393,0.401886680499157,0.401905602106777,0.400631280590225,0.400845192699739,0.400686910659784,0.402229200859896,0.400711523656429,0.400730222207839,0.399264728671955,0.401961362560118,0.401961362560118,0.402057431676613,0.401572253850071,0.401534008256113,0.401514849554483,0.399513285873097,0.405134736251702,0.407625344994512,0.407835136443105,0.410650040566692,0.411302022295965,0.410332338923055,0.410269817870584,0.413044693513478,0.412848324166882,0.415203877622799,0.411827537406139,0.41305914492037,0.41573450772617,0.415812784768977,0.416049702711842,0.416823542273842,0.418095291431507,0.417790962721716,0.417936941267352,0.417969824521777,0.417851237654365,0.417426844293926,0.417754406424375,0.417886571386873,0.416186274525729,0.417816698513002,0.415462106166086,0.415911836021959,0.415046478745487,0.413628189501476,0.40977345436876,0.39632159683769,0.399100865982439,0.400883081942905,0.440411897956908,0.447415965850038,0.450694657604411,0.450694657604411,0.455466274836573,0.437724593212608,0.423601880179277,0.427387541316603,0.427406085581254,0.428019846064052,0.577676572709369,0.533606017169359,0.408970502788163,0.433547901964551,0.433495729223224,0.44415325992452,0.446676659191972,0.446113762694432,0.446354950465984,0.446709557573956,0.452899549467064,0.446700402246457,0.447211750734992,0.449320741633644,0.446804611409017,0.448440166879242,0.448440166879242,0.448541583551845,0.448579863946357,0.448533847074629,0.449599597757329,0.447214193513076,0.449236303602244,0.447335668468012,0.447335668468012,0.450988470768255,0.450988470768255,0.447672317916472,0.447672317916472,0.441216740683072,0.43355649324203,0.43492067482243,0.434373278265166,0.434294428439937,0.434283451051779,0.434067647194463,0.434095855961594,0.424234985913028,0.424382206796865,0.424402475775261,0.425510617877642,0.426135223414723,0.426155854909645,0.431197515337019,0.444511130297807,0.446353175695076,0.430612397775114,0.837901121310735,0.606747255289325,0.604949290106492,0.59850508058094,0.577820433439821,0.577820510841301,0.570181201131454,0.570241848603534,0.585129452021991,0.591673129116673,0.594000181277191,0.586047672286629,0.591290494184376,0.593485840758315,0.56443449736395,0.586654416837182,0.586533342712362,0.591723086824951,0.575431939115706,0.577646606965927,0.578308255663974,0.572811533497056
"OR951112.1",0.41108708531228,0.411021146048145,0.407210798914742,0.401919225512844,0.400062995771032,0.416643159645112,0.419281550296269,0.419300385483229,0.443787044931822,0.42470861926154,0.426506495098575,0.426550995471989,0.423167226677701,0.425663033407365,0.420739849523769,0.412275598785505,0.481364228087247,0.478397913176266,0.489965124814621,0.471484472995303,0.456395655669048,0.427136535515775,0.427184784627254,0.42357806558793,0.392327763617484,0.391739642625799,0.391194802109733,0.402484048974568,0.402551942833982,0.402461437275058,0.376303841219269,0.395371329908463,0.393195511851191,0.453387317275023,0.452870032158947,0.109565141305638,0,0.0188232546861916,0.0209506472489543,0.0510410305456592,0.050944048800046,0.0650404290125597,0.068059176457386,0.0687621494441526,0.144027431631038,0.142400161861607,0.137839004113892,0.131954559968033,0.13591320219966,0.132006426329698,0.132058151022851,0.222287721377165,0.207907244782982,0.17875343605358,0.52555807829127,0.383245258737225,0.383142354760345,0.381914557383426,0.382047592073,0.408603437110473,0.407531425597294,0.406174040018812,0.407061312438832,0.407805034781059,0.40755519434712,0.40753615758365,0.407517237682362,0.407185485705711,0.40689788228278,0.403034929702519,0.426608936358569,0.428103850113757,0.428948821879446,0.429263857459367,0.410284525413569,0.412659845813683,0.413065012534698,0.414785868766007,0.410909290700536,0.41808399926108,0.418020002805633,0.429908110110305,0.429713310229987,0.429751636136225,0.430132192312551,0.407590031967402,0.41235374041157,0.413571032036023,0.403371306754552,0.403371306754552,0.404120999951318,0.405633787081857,0.405633789462118,0.405595934273882,0.405614855881502,0.40434053436495,0.404554446474464,0.40439616443451,0.405938454634621,0.404420777431154,0.404439475982564,0.40297398244668,0.405670616334843,0.405670616334843,0.405766685451338,0.405281507624796,0.405243262030838,0.405224103329208,0.403222539647823,0.408843990026427,0.411334598769238,0.41154439021783,0.414359294341417,0.41501127607069,0.41404159269778,0.413979071645309,0.416753947288203,0.416557577941607,0.418913131397524,0.415536791180864,0.416768398695095,0.419443761500895,0.419522038543702,0.419758956486567,0.420532796048567,0.421804545206232,0.421500216496441,0.421646195042077,0.421679078296503,0.42156049142909,0.421136098068651,0.4214636601991,0.421595825161598,0.419895528300454,0.421525952287727,0.419171359940811,0.419621089796684,0.418755732520212,0.417337443276201,0.413482708143485,0.400030850612415,0.402810119757164,0.404592335717631,0.444121151731633,0.451125219624763,0.454403911379136,0.454403911379136,0.459175528611298,0.441433846987334,0.427311133954002,0.431096795091328,0.431115339355979,0.431729099838777,0.581385826484094,0.537315270944084,0.412679756562888,0.437257155739276,0.437204982997949,0.447862513699245,0.450385912966697,0.449823016469157,0.450064204240709,0.450418811348681,0.45660880324179,0.450409656021182,0.450921004509717,0.453029995408369,0.450513865183742,0.452149420653967,0.452149420653967,0.45225083732657,0.452289117721082,0.452243100849354,0.453308851532054,0.450923447287801,0.452945557376969,0.451044922242737,0.451044922242737,0.45469772454298,0.45469772454298,0.451381571691197,0.451381571691197,0.444925994457797,0.437265747016755,0.438629928597155,0.438082532039891,0.438003682214662,0.437992704826504,0.437776900969188,0.437805109736319,0.427944239687753,0.42809146057159,0.428111729549986,0.429219871652367,0.429844477189448,0.42986510868437,0.434906769111744,0.448220384072532,0.450062429469801,0.434321651549839,0.84161037508546,0.61045650906405,0.608658543881217,0.602214334355665,0.581529687214546,0.581529764616026,0.57389045490618,0.573951102378259,0.588838705796716,0.595382382891398,0.597709435051916,0.589756926061354,0.594999747959101,0.59719509453304,0.568143751138675,0.590363670611908,0.590242596487087,0.595432340599676,0.579141192890431,0.581355860740652,0.582017509438699,0.576520787271781
"OR951116.1",0.415352423164566,0.415286483900431,0.411476136767028,0.40618456336513,0.404328333623318,0.420908497497398,0.423546888148555,0.423565723335515,0.448052382784108,0.428973957113826,0.430771832950861,0.430816333324274,0.427432564529986,0.429928371259651,0.425005187376055,0.41654093663779,0.485629565939533,0.482663251028552,0.494230462666907,0.475749810847589,0.460660993521334,0.431401873368061,0.43145012247954,0.427843403440216,0.39659310146977,0.396004980478085,0.395460139962019,0.406749386826854,0.406817280686268,0.406726775127344,0.380569179071554,0.399636667760749,0.397460849703477,0.457652655127309,0.457135370011233,0.113830479157924,0.0188232546861916,0,0.0135420868077206,0.055306368397945,0.0552093866523318,0.0693057668648455,0.0723245143096719,0.0730274872964384,0.148292769483324,0.146665499713893,0.142104341966178,0.136219897820319,0.140178540051946,0.136271764181984,0.136323488875137,0.226553059229451,0.212172582635268,0.183018773905866,0.529823416143556,0.387510596589511,0.38740769261263,0.386179895235712,0.386312929925286,0.412868774962759,0.41179676344958,0.410439377871098,0.411326650291118,0.412070372633345,0.411820532199406,0.411801495435936,0.411782575534647,0.411450823557997,0.411163220135066,0.407300267554805,0.430874274210855,0.432369187966043,0.433214159731732,0.433529195311652,0.414549863265855,0.416925183665969,0.417330350386984,0.419051206618293,0.415174628552822,0.422349337113366,0.422285340657919,0.434173447962591,0.433978648082273,0.434016973988511,0.434397530164836,0.411855369819688,0.416619078263856,0.417836369888309,0.407636644606838,0.407636644606838,0.408386337803604,0.409899124934143,0.409899127314404,0.409861272126168,0.409880193733788,0.408605872217236,0.40881978432675,0.408661502286795,0.410203792486907,0.40868611528344,0.40870481383485,0.407239320298965,0.409935954187129,0.409935954187129,0.410032023303623,0.409546845477082,0.409508599883124,0.409489441181494,0.407487877500108,0.413109327878713,0.415599936621523,0.415809728070116,0.418624632193703,0.419276613922975,0.418306930550066,0.418244409497595,0.421019285140489,0.420822915793893,0.42317846924981,0.41980212903315,0.42103373654738,0.423709099353181,0.423787376395988,0.424024294338853,0.424798133900853,0.426069883058518,0.425765554348727,0.425911532894363,0.425944416148788,0.425825829281376,0.425401435920937,0.425728998051386,0.425861163013884,0.424160866152739,0.425791290140013,0.423436697793097,0.42388642764897,0.423021070372497,0.421602781128487,0.417748045995771,0.404296188464701,0.40707545760945,0.408857673569916,0.448386489583919,0.455390557477049,0.458669249231422,0.458669249231422,0.463440866463584,0.445699184839619,0.431576471806288,0.435362132943614,0.435380677208265,0.435994437691063,0.58565116433638,0.541580608796369,0.416945094415174,0.441522493591562,0.441470320850235,0.45212785155153,0.454651250818983,0.454088354321443,0.454329542092995,0.454684149200967,0.460874141094075,0.454674993873468,0.455186342362003,0.457295333260655,0.454779203036028,0.456414758506253,0.456414758506253,0.456516175178856,0.456554455573368,0.45650843870164,0.45757418938434,0.455188785140087,0.457210895229255,0.455310260095023,0.455310260095023,0.458963062395266,0.458963062395266,0.455646909543482,0.455646909543482,0.449191332310083,0.44153108486904,0.442895266449441,0.442347869892177,0.442269020066948,0.442258042678789,0.442042238821474,0.442070447588605,0.432209577540039,0.432356798423876,0.432377067402272,0.433485209504653,0.434109815041734,0.434130446536656,0.439172106964029,0.452485721924818,0.454327767322087,0.438586989402125,0.845875712937746,0.614721846916336,0.612923881733503,0.606479672207951,0.585795025066832,0.585795102468312,0.578155792758465,0.578216440230545,0.593104043649002,0.599647720743683,0.601974772904202,0.59402226391364,0.599265085811387,0.601460432385326,0.572409088990961,0.594629008464193,0.594507934339373,0.599697678451962,0.583406530742717,0.585621198592938,0.586282847290985,0.580786125124067
"OR951118.1",0.417479815727329,0.417413876463194,0.413603529329791,0.408311955927892,0.406455726186081,0.423035890060161,0.425674280711318,0.425693115898278,0.450179775346871,0.431101349676589,0.432899225513624,0.432943725887037,0.429559957092749,0.432055763822414,0.427132579938817,0.418668329200553,0.487756958502296,0.484790643591314,0.496357855229669,0.477877203410351,0.462788386084097,0.433529265930824,0.433577515042302,0.429970796002978,0.398720494032533,0.398132373040848,0.397587532524781,0.408876779389616,0.408944673249031,0.408854167690107,0.382696571634317,0.401764060323512,0.399588242266239,0.459780047690072,0.459262762573995,0.115957871720687,0.0209506472489543,0.0135420868077206,0,0.0574337609607077,0.0573367792150945,0.0714331594276083,0.0744519068724346,0.0751548798592011,0.150420162046086,0.148792892276656,0.14423173452894,0.138347290383082,0.142305932614709,0.138399156744746,0.1384508814379,0.228680451792214,0.214299975198031,0.185146166468628,0.531950808706319,0.389637989152274,0.389535085175393,0.388307287798475,0.388440322488049,0.414996167525521,0.413924156012343,0.412566770433861,0.41345404285388,0.414197765196108,0.413947924762169,0.413928887998698,0.41390996809741,0.41357821612076,0.413290612697828,0.409427660117568,0.433001666773618,0.434496580528805,0.435341552294495,0.435656587874415,0.416677255828618,0.419052576228731,0.419457742949747,0.421178599181056,0.417302021115585,0.424476729676129,0.424412733220682,0.436300840525353,0.436106040645035,0.436144366551274,0.436524922727599,0.41398276238245,0.418746470826618,0.419963762451072,0.4097640371696,0.4097640371696,0.410513730366366,0.412026517496906,0.412026519877166,0.411988664688931,0.41200758629655,0.410733264779998,0.410947176889513,0.410788894849558,0.41233118504967,0.410813507846203,0.410832206397613,0.409366712861728,0.412063346749892,0.412063346749892,0.412159415866386,0.411674238039844,0.411635992445886,0.411616833744256,0.409615270062871,0.415236720441475,0.417727329184286,0.417937120632879,0.420752024756466,0.421404006485738,0.420434323112829,0.420371802060358,0.423146677703252,0.422950308356655,0.425305861812573,0.421929521595913,0.423161129110143,0.425836491915943,0.425914768958751,0.426151686901616,0.426925526463615,0.42819727562128,0.42789294691149,0.428038925457126,0.428071808711551,0.427953221844139,0.4275288284837,0.427856390614149,0.427988555576647,0.426288258715502,0.427918682702776,0.425564090355859,0.426013820211733,0.42514846293526,0.423730173691249,0.419875438558534,0.406423581027464,0.409202850172213,0.410985066132679,0.450513882146682,0.457517950039812,0.460796641794184,0.460796641794184,0.465568259026347,0.447826577402382,0.43370386436905,0.437489525506377,0.437508069771028,0.438121830253825,0.587778556899142,0.543708001359132,0.419072486977937,0.443649886154325,0.443597713412998,0.454255244114293,0.456778643381746,0.456215746884206,0.456456934655757,0.45681154176373,0.463001533656838,0.456802386436231,0.457313734924766,0.459422725823417,0.45690659559879,0.458542151069016,0.458542151069016,0.458643567741619,0.458681848136131,0.458635831264403,0.459701581947102,0.45731617770285,0.459338287792018,0.457437652657786,0.457437652657786,0.461090454958029,0.461090454958029,0.457774302106245,0.457774302106245,0.451318724872846,0.443658477431803,0.445022659012204,0.44447526245494,0.44439641262971,0.444385435241552,0.444169631384237,0.444197840151368,0.434336970102802,0.434484190986639,0.434504459965035,0.435612602067416,0.436237207604496,0.436257839099419,0.441299499526792,0.454613114487581,0.45645515988485,0.440714381964888,0.848003105500509,0.616849239479099,0.615051274296266,0.608607064770713,0.587922417629595,0.587922495031075,0.580283185321228,0.580343832793307,0.595231436211765,0.601775113306446,0.604102165466964,0.596149656476402,0.60139247837415,0.603587824948088,0.574536481553723,0.596756401026956,0.596635326902136,0.601825071014725,0.585533923305479,0.587748591155701,0.588410239853748,0.58291351768683
"OR951119.1",0.422884014534093,0.422818075269957,0.419007728136554,0.413716154734656,0.411859924992844,0.428440088866925,0.431078479518081,0.431097314705042,0.455583974153634,0.436505548483353,0.438303424320387,0.438347924693801,0.434964155899513,0.437459962629178,0.432536778745581,0.424072528007317,0.493161157309059,0.490194842398078,0.501762054036433,0.483281402217115,0.46819258489086,0.438933464737588,0.438981713849066,0.435374994809742,0.404124692839297,0.403536571847611,0.402991731331545,0.41428097819638,0.414348872055794,0.414258366496871,0.388100770441081,0.407168259130275,0.404992441073003,0.465184246496835,0.464666961380759,0.121362070527451,0.0510410305456592,0.055306368397945,0.0574337609607077,0,0.0203629341134549,0.0500300880830905,0.0530488355279168,0.0537518085146833,0.15582436085285,0.15419709108342,0.149635933335704,0.143751489189846,0.147710131421472,0.14380335555151,0.143855080244664,0.234084650598978,0.219704174004794,0.190550365275392,0.537355007513083,0.395042187959037,0.394939283982157,0.393711486605238,0.393844521294813,0.420400366332285,0.419328354819107,0.417970969240624,0.418858241660644,0.419601964002871,0.419352123568933,0.419333086805462,0.419314166904174,0.418982414927523,0.418694811504592,0.414831858924331,0.438405865580381,0.439900779335569,0.440745751101259,0.441060786681179,0.422081454635382,0.424456775035495,0.42486194175651,0.426582797987819,0.422706219922349,0.429880928482892,0.429816932027445,0.441705039332117,0.441510239451799,0.441548565358037,0.441929121534363,0.419386961189214,0.424150669633382,0.425367961257836,0.415168235976364,0.415168235976364,0.41591792917313,0.41743071630367,0.41743071868393,0.417392863495694,0.417411785103314,0.416137463586762,0.416351375696276,0.416193093656322,0.417735383856433,0.416217706652966,0.416236405204376,0.414770911668492,0.417467545556656,0.417467545556656,0.41756361467315,0.417078436846608,0.41704019125265,0.41702103255102,0.415019468869635,0.420640919248239,0.42313152799105,0.423341319439642,0.426156223563229,0.426808205292502,0.425838521919593,0.425776000867121,0.428550876510015,0.428354507163419,0.430710060619336,0.427333720402677,0.428565327916907,0.431240690722707,0.431318967765515,0.43155588570838,0.432329725270379,0.433601474428044,0.433297145718254,0.433443124263889,0.433476007518315,0.433357420650902,0.432933027290463,0.433260589420912,0.43339275438341,0.431692457522266,0.43332288150954,0.430968289162623,0.431418019018496,0.430552661742024,0.429134372498013,0.425279637365298,0.411827779834227,0.414607048978976,0.416389264939443,0.455918080953445,0.462922148846575,0.466200840600948,0.466200840600948,0.470972457833111,0.453230776209146,0.439108063175814,0.44289372431314,0.442912268577792,0.443526029060589,0.593182755705906,0.549112200165896,0.4244766857847,0.449054084961088,0.449001912219761,0.459659442921057,0.46218284218851,0.461619945690969,0.461861133462521,0.462215740570493,0.468405732463602,0.462206585242994,0.462717933731529,0.464826924630181,0.462310794405554,0.46394634987578,0.46394634987578,0.464047766548382,0.464086046942895,0.464040030071166,0.465105780753866,0.462720376509613,0.464742486598781,0.462841851464549,0.462841851464549,0.466494653764793,0.466494653764793,0.463178500913009,0.463178500913009,0.456722923679609,0.449062676238567,0.450426857818967,0.449879461261703,0.449800611436474,0.449789634048316,0.449573830191,0.449602038958132,0.439741168909565,0.439888389793403,0.439908658771798,0.441016800874179,0.44164140641126,0.441662037906183,0.446703698333556,0.460017313294344,0.461859358691614,0.446118580771652,0.853407304307273,0.622253438285863,0.620455473103029,0.614011263577477,0.593326616436358,0.593326693837838,0.585687384127992,0.585748031600071,0.600635635018528,0.60717931211321,0.609506364273728,0.601553855283166,0.606796677180913,0.608992023754852,0.579940680360487,0.60216059983372,0.602039525708899,0.607229269821489,0.590938122112243,0.593152789962465,0.593814438660511,0.588317716493594
"OR951151.1",0.422787032788479,0.422721093524344,0.418910746390941,0.413619172989043,0.411762943247231,0.428343107121311,0.430981497772468,0.431000332959428,0.455486992408021,0.436408566737739,0.438206442574774,0.438250942948188,0.4348671741539,0.437362980883564,0.432439796999968,0.423975546261704,0.493064175563446,0.490097860652465,0.50166507229082,0.483184420471502,0.468095603145247,0.438836482991974,0.438884732103453,0.435278013064129,0.404027711093683,0.403439590101998,0.402894749585932,0.414183996450767,0.414251890310181,0.414161384751257,0.388003788695467,0.407071277384662,0.40489545932739,0.465087264751222,0.464569979635146,0.121265088781837,0.050944048800046,0.0552093866523318,0.0573367792150945,0.0203629341134549,0,0.0499331063374773,0.0529518537823036,0.0536548267690701,0.155727379107237,0.154100109337806,0.149538951590091,0.143654507444232,0.147613149675859,0.143706373805897,0.14375809849905,0.233987668853364,0.219607192259181,0.190453383529779,0.537258025767469,0.394945206213424,0.394842302236544,0.393614504859625,0.393747539549199,0.420303384586672,0.419231373073494,0.417873987495011,0.418761259915031,0.419504982257258,0.419255141823319,0.419236105059849,0.419217185158561,0.41888543318191,0.418597829758979,0.414734877178718,0.438308883834768,0.439803797589956,0.440648769355645,0.440963804935566,0.421984472889768,0.424359793289882,0.424764960010897,0.426485816242206,0.422609238176735,0.429783946737279,0.429719950281832,0.441608057586504,0.441413257706186,0.441451583612424,0.44183213978875,0.419289979443601,0.424053687887769,0.425270979512222,0.415071254230751,0.415071254230751,0.415820947427517,0.417333734558056,0.417333736938317,0.417295881750081,0.417314803357701,0.416040481841149,0.416254393950663,0.416096111910708,0.41763840211082,0.416120724907353,0.416139423458763,0.414673929922879,0.417370563811042,0.417370563811042,0.417466632927537,0.416981455100995,0.416943209507037,0.416924050805407,0.414922487124022,0.420543937502626,0.423034546245437,0.423244337694029,0.426059241817616,0.426711223546889,0.42574154017398,0.425679019121508,0.428453894764402,0.428257525417806,0.430613078873723,0.427236738657063,0.428468346171294,0.431143708977094,0.431221986019901,0.431458903962766,0.432232743524766,0.433504492682431,0.43320016397264,0.433346142518276,0.433379025772701,0.433260438905289,0.43283604554485,0.433163607675299,0.433295772637797,0.431595475776653,0.433225899763926,0.43087130741701,0.431321037272883,0.430455679996411,0.4290373907524,0.425182655619684,0.411730798088614,0.414510067233363,0.41629228319383,0.455821099207832,0.462825167100962,0.466103858855335,0.466103858855335,0.470875476087497,0.453133794463532,0.439011081430201,0.442796742567527,0.442815286832178,0.443429047314976,0.593085773960293,0.549015218420283,0.424379704039087,0.448957103215475,0.448904930474148,0.459562461175444,0.462085860442896,0.461522963945356,0.461764151716908,0.46211875882488,0.468308750717988,0.462109603497381,0.462620951985916,0.464729942884568,0.462213812659941,0.463849368130166,0.463849368130166,0.463950784802769,0.463989065197281,0.463943048325553,0.465008799008253,0.462623394764,0.464645504853168,0.462744869718936,0.462744869718936,0.46639767201918,0.46639767201918,0.463081519167396,0.463081519167396,0.456625941933996,0.448965694492954,0.450329876073354,0.44978247951609,0.449703629690861,0.449692652302703,0.449476848445387,0.449505057212518,0.439644187163952,0.439791408047789,0.439811677026185,0.440919819128566,0.441544424665647,0.441565056160569,0.446606716587943,0.459920331548731,0.461762376946,0.446021599026038,0.853310322561659,0.622156456540249,0.620358491357416,0.613914281831864,0.593229634690745,0.593229712092225,0.585590402382378,0.585651049854458,0.600538653272915,0.607082330367597,0.609409382528115,0.601456873537553,0.6066996954353,0.608895042009239,0.579843698614874,0.602063618088106,0.601942543963286,0.607132288075875,0.59084114036663,0.593055808216851,0.593717456914898,0.58822073474798
"OR951113.1",0.436883413000993,0.436817473736858,0.433007126603455,0.427715553201556,0.425859323459745,0.442439487333825,0.445077877984982,0.445096713171942,0.469583372620535,0.450504946950253,0.452302822787288,0.452347323160701,0.448963554366413,0.451459361096078,0.446536177212481,0.438071926474217,0.50716055577596,0.504194240864978,0.515761452503333,0.497280800684015,0.482191983357761,0.452932863204488,0.452981112315966,0.449374393276642,0.418124091306197,0.417535970314512,0.416991129798446,0.428280376663281,0.428348270522695,0.428257764963771,0.402100168907981,0.421167657597176,0.418991839539904,0.479183644963736,0.47866635984766,0.135361468994351,0.0650404290125597,0.0693057668648455,0.0714331594276083,0.0500300880830905,0.0499331063374773,0,0.0156485311288603,0.0163515041156268,0.16982375931975,0.16819648955032,0.163635331802605,0.157750887656746,0.161709529888373,0.15780275401841,0.157854478711564,0.248084049065878,0.233703572471695,0.204549763742293,0.551354405979983,0.409041586425938,0.408938682449057,0.407710885072139,0.407843919761713,0.434399764799186,0.433327753286007,0.431970367707525,0.432857640127544,0.433601362469772,0.433351522035833,0.433332485272363,0.433313565371074,0.432981813394424,0.432694209971493,0.428831257391232,0.452405264047282,0.45390017780247,0.454745149568159,0.455060185148079,0.436080853102282,0.438456173502395,0.438861340223411,0.44058219645472,0.436705618389249,0.443880326949793,0.443816330494346,0.455704437799017,0.4555096379187,0.455547963824938,0.455928520001263,0.433386359656115,0.438150068100282,0.439367359724736,0.429167634443265,0.429167634443265,0.42991732764003,0.43143011477057,0.431430117150831,0.431392261962595,0.431411183570214,0.430136862053663,0.430350774163177,0.430192492123222,0.431734782323334,0.430217105119867,0.430235803671277,0.428770310135392,0.431466944023556,0.431466944023556,0.43156301314005,0.431077835313509,0.43103958971955,0.43102043101792,0.429018867336535,0.434640317715139,0.43713092645795,0.437340717906543,0.44015562203013,0.440807603759402,0.439837920386493,0.439775399334022,0.442550274976916,0.44235390563032,0.444709459086237,0.441333118869577,0.442564726383807,0.445240089189608,0.445318366232415,0.44555528417528,0.44632912373728,0.447600872894945,0.447296544185154,0.44744252273079,0.447475405985215,0.447356819117803,0.446932425757364,0.447259987887813,0.447392152850311,0.445691855989166,0.44732227997644,0.444967687629524,0.445417417485397,0.444552060208924,0.443133770964914,0.439279035832198,0.425827178301128,0.428606447445877,0.430388663406343,0.469917479420346,0.476921547313476,0.480200239067849,0.480200239067849,0.484971856300011,0.467230174676046,0.453107461642714,0.456893122780041,0.456911667044692,0.457525427527489,0.607182154172807,0.563111598632796,0.438476084251601,0.463053483427989,0.463001310686662,0.473658841387957,0.47618224065541,0.47561934415787,0.475860531929422,0.476215139037394,0.482405130930502,0.476205983709895,0.47671733219843,0.478826323097081,0.476310192872455,0.47794574834268,0.47794574834268,0.478047165015283,0.478085445409795,0.478039428538067,0.479105179220766,0.476719774976514,0.478741885065682,0.47684124993145,0.47684124993145,0.480494052231693,0.480494052231693,0.477177899379909,0.477177899379909,0.47072232214651,0.463062074705467,0.464426256285868,0.463878859728604,0.463800009903375,0.463789032515216,0.463573228657901,0.463601437425032,0.453740567376466,0.453887788260303,0.453908057238699,0.45501619934108,0.455640804878161,0.455661436373083,0.460703096800456,0.474016711761245,0.475858757158514,0.460117979238552,0.867406702774173,0.636252836752763,0.63445487156993,0.628010662044378,0.607326014903259,0.607326092304739,0.599686782594892,0.599747430066971,0.614635033485429,0.62117871058011,0.623505762740629,0.615553253750067,0.620796075647814,0.622991422221752,0.593940078827388,0.61615999830062,0.6160389241758,0.621228668288389,0.604937520579144,0.607152188429365,0.607813837127412,0.602317114960494
"OR951115.1",0.439902160445819,0.439836221181684,0.436025874048281,0.430734300646383,0.428878070904571,0.445458234778651,0.448096625429808,0.448115460616768,0.472602120065361,0.453523694395079,0.455321570232114,0.455366070605528,0.45198230181124,0.454478108540904,0.449554924657308,0.441090673919044,0.510179303220786,0.507212988309805,0.51878019994816,0.500299548128842,0.485210730802587,0.455951610649314,0.455999859760793,0.452393140721469,0.421142838751023,0.420554717759338,0.420009877243272,0.431299124108107,0.431367017967521,0.431276512408597,0.405118916352808,0.424186405042002,0.42201058698473,0.482202392408562,0.481685107292486,0.138380216439178,0.068059176457386,0.0723245143096719,0.0744519068724346,0.0530488355279168,0.0529518537823036,0.0156485311288603,0,0.009813304932158,0.172842506764577,0.171215236995147,0.166654079247431,0.160769635101572,0.164728277333199,0.160821501463237,0.16087322615639,0.251102796510704,0.236722319916521,0.207568511187119,0.554373153424809,0.412060333870764,0.411957429893884,0.410729632516965,0.410862667206539,0.437418512244012,0.436346500730833,0.434989115152351,0.435876387572371,0.436620109914598,0.436370269480659,0.436351232717189,0.436332312815901,0.43600056083925,0.435712957416319,0.431850004836058,0.455424011492108,0.456918925247296,0.457763897012985,0.458078932592906,0.439099600547108,0.441474920947222,0.441880087668237,0.443600943899546,0.439724365834075,0.446899074394619,0.446835077939172,0.458723185243844,0.458528385363526,0.458566711269764,0.45894726744609,0.436405107100941,0.441168815545109,0.442386107169562,0.432186381888091,0.432186381888091,0.432936075084857,0.434448862215396,0.434448864595657,0.434411009407421,0.434429931015041,0.433155609498489,0.433369521608003,0.433211239568048,0.43475352976816,0.433235852564693,0.433254551116103,0.431789057580219,0.434485691468382,0.434485691468382,0.434581760584877,0.434096582758335,0.434058337164377,0.434039178462747,0.432037614781362,0.437659065159966,0.440149673902777,0.440359465351369,0.443174369474956,0.443826351204229,0.44285666783132,0.442794146778848,0.445569022421742,0.445372653075146,0.447728206531063,0.444351866314403,0.445583473828634,0.448258836634434,0.448337113677241,0.448574031620106,0.449347871182106,0.450619620339771,0.45031529162998,0.450461270175616,0.450494153430042,0.450375566562629,0.44995117320219,0.450278735332639,0.450410900295137,0.448710603433993,0.450341027421266,0.44798643507435,0.448436164930223,0.447570807653751,0.44615251840974,0.442297783277024,0.428845925745954,0.431625194890703,0.43340741085117,0.472936226865172,0.479940294758302,0.483218986512675,0.483218986512675,0.487990603744837,0.470248922120872,0.456126209087541,0.459911870224867,0.459930414489518,0.460544174972316,0.610200901617633,0.566130346077623,0.441494831696427,0.466072230872815,0.466020058131488,0.476677588832784,0.479200988100236,0.478638091602696,0.478879279374248,0.47923388648222,0.485423878375328,0.479224731154721,0.479736079643256,0.481845070541908,0.479328940317281,0.480964495787506,0.480964495787506,0.481065912460109,0.481104192854621,0.481058175982893,0.482123926665593,0.47973852242134,0.481760632510508,0.479859997376276,0.479859997376276,0.48351279967652,0.48351279967652,0.480196646824736,0.480196646824736,0.473741069591336,0.466080822150294,0.467445003730694,0.46689760717343,0.466818757348201,0.466807779960043,0.466591976102727,0.466620184869858,0.456759314821292,0.456906535705129,0.456926804683525,0.458034946785906,0.458659552322987,0.45868018381791,0.463721844245283,0.477035459206071,0.47887750460334,0.463136726683378,0.870425450218999,0.63927158419759,0.637473619014756,0.631029409489204,0.610344762348085,0.610344839749565,0.602705530039718,0.602766177511798,0.617653780930255,0.624197458024937,0.626524510185455,0.618572001194893,0.62381482309264,0.626010169666579,0.596958826272214,0.619178745745447,0.619057671620626,0.624247415733215,0.60795626802397,0.610170935874191,0.610832584572238,0.60533586240532
"OR951120.1",0.440605133432586,0.440539194168451,0.436728847035048,0.431437273633149,0.429581043891338,0.446161207765418,0.448799598416575,0.448818433603535,0.473305093052128,0.454226667381846,0.456024543218881,0.456069043592294,0.452685274798006,0.455181081527671,0.450257897644074,0.44179364690581,0.510882276207553,0.507915961296571,0.519483172934926,0.501002521115608,0.485913703789354,0.456654583636081,0.456702832747559,0.453096113708235,0.42184581173779,0.421257690746105,0.420712850230038,0.432002097094873,0.432069990954288,0.431979485395364,0.405821889339574,0.424889378028769,0.422713559971496,0.482905365395329,0.482388080279252,0.139083189425944,0.0687621494441526,0.0730274872964384,0.0751548798592011,0.0537518085146833,0.0536548267690701,0.0163515041156268,0.009813304932158,0,0.173545479751343,0.171918209981913,0.167357052234197,0.161472608088339,0.165431250319966,0.161524474450003,0.161576199143157,0.251805769497471,0.237425292903288,0.208271484173885,0.555076126411576,0.412763306857531,0.41266040288065,0.411432605503732,0.411565640193306,0.438121485230778,0.4370494737176,0.435692088139118,0.436579360559137,0.437323082901365,0.437073242467426,0.437054205703955,0.437035285802667,0.436703533826017,0.436415930403085,0.432552977822825,0.456126984478875,0.457621898234062,0.458466869999752,0.458781905579672,0.439802573533875,0.442177893933988,0.442583060655004,0.444303916886313,0.440427338820842,0.447602047381386,0.447538050925939,0.45942615823061,0.459231358350292,0.459269684256531,0.459650240432856,0.437108080087707,0.441871788531875,0.443089080156329,0.432889354874857,0.432889354874857,0.433639048071623,0.435151835202163,0.435151837582423,0.435113982394188,0.435132904001807,0.433858582485255,0.43407249459477,0.433914212554815,0.435456502754927,0.43393882555146,0.43395752410287,0.432492030566985,0.435188664455149,0.435188664455149,0.435284733571643,0.434799555745101,0.434761310151143,0.434742151449513,0.432740587768128,0.438362038146732,0.440852646889543,0.441062438338136,0.443877342461723,0.444529324190995,0.443559640818086,0.443497119765615,0.446271995408509,0.446075626061912,0.44843117951783,0.44505483930117,0.4462864468154,0.4489618096212,0.449040086664008,0.449277004606873,0.450050844168872,0.451322593326537,0.451018264616747,0.451164243162383,0.451197126416808,0.451078539549396,0.450654146188957,0.450981708319406,0.451113873281904,0.449413576420759,0.451044000408033,0.448689408061116,0.44913913791699,0.448273780640517,0.446855491396506,0.443000756263791,0.429548898732721,0.43232816787747,0.434110383837936,0.473639199851939,0.480643267745069,0.483921959499441,0.483921959499441,0.488693576731604,0.470951895107639,0.456829182074307,0.460614843211634,0.460633387476285,0.461247147959082,0.6109038746044,0.566833319064389,0.442197804683194,0.466775203859582,0.466723031118255,0.47738056181955,0.479903961087003,0.479341064589463,0.479582252361014,0.479936859468987,0.486126851362095,0.479927704141488,0.480439052630023,0.482548043528674,0.480031913304047,0.481667468774273,0.481667468774273,0.481768885446876,0.481807165841388,0.48176114896966,0.482826899652359,0.480441495408107,0.482463605497275,0.480562970363043,0.480562970363043,0.484215772663286,0.484215772663286,0.480899619811502,0.480899619811502,0.474444042578103,0.46678379513706,0.468147976717461,0.467600580160197,0.467521730334967,0.467510752946809,0.467294949089494,0.467323157856625,0.457462287808059,0.457609508691896,0.457629777670292,0.458737919772673,0.459362525309753,0.459383156804676,0.464424817232049,0.477738432192838,0.479580477590107,0.463839699670145,0.871128423205766,0.639974557184356,0.638176592001523,0.63173238247597,0.611047735334852,0.611047812736332,0.603408503026485,0.603469150498564,0.618356753917022,0.624900431011703,0.627227483172221,0.61927497418166,0.624517796079407,0.626713142653345,0.59766179925898,0.619881718732213,0.619760644607393,0.624950388719982,0.608659241010737,0.610873908860958,0.611535557559005,0.606038835392087
"OR951099.1",0.418210622346452,0.418144683082317,0.414334335948914,0.409042762547015,0.407186532805204,0.423766696679284,0.426405087330441,0.426423922517401,0.450910581965994,0.431832156295712,0.433630032132747,0.43367453250616,0.430290763711872,0.432786570441537,0.42786338655794,0.419399135819676,0.488487765121419,0.485521450210437,0.497088661848792,0.478608010029474,0.46351919270322,0.434260072549947,0.434308321661425,0.430701602622101,0.399451300651656,0.398863179659971,0.398318339143905,0.40960758600874,0.409675479868154,0.40958497430923,0.38342737825344,0.402494866942635,0.400319048885363,0.460510854309195,0.459993569193119,0.140318177856313,0.144027431631038,0.148292769483324,0.150420162046086,0.15582436085285,0.155727379107237,0.16982375931975,0.172842506764577,0.173545479751343,0,0.0271877524391621,0.0438279543239477,0.116541391009427,0.120500033241053,0.139129963363869,0.139181688057023,0.229411258411337,0.215030781817154,0.185876973087752,0.532681615325442,0.390368795771397,0.390265891794516,0.389038094417598,0.389171129107172,0.415726974144645,0.414654962631466,0.413297577052984,0.414184849473003,0.414928571815231,0.414678731381292,0.414659694617821,0.414640774716533,0.414309022739883,0.414021419316952,0.410158466736691,0.433732473392741,0.435227387147928,0.436072358913618,0.436387394493538,0.417408062447741,0.419783382847854,0.42018854956887,0.421909405800179,0.418032827734708,0.425207536295252,0.425143539839805,0.437031647144476,0.436836847264158,0.436875173170397,0.437255729346722,0.414713569001574,0.419477277445741,0.420694569070195,0.410494843788724,0.410494843788724,0.411244536985489,0.412757324116029,0.41275732649629,0.412719471308054,0.412738392915673,0.411464071399122,0.411677983508636,0.411519701468681,0.413061991668793,0.411544314465326,0.411563013016736,0.410097519480851,0.412794153369015,0.412794153369015,0.412890222485509,0.412405044658967,0.412366799065009,0.412347640363379,0.410346076681994,0.415967527060598,0.418458135803409,0.418667927252002,0.421482831375589,0.422134813104861,0.421165129731952,0.421102608679481,0.423877484322375,0.423681114975778,0.426036668431696,0.422660328215036,0.423891935729266,0.426567298535067,0.426645575577874,0.426882493520739,0.427656333082738,0.428928082240404,0.428623753530613,0.428769732076249,0.428802615330674,0.428684028463262,0.428259635102823,0.428587197233272,0.42871936219577,0.427019065334625,0.428649489321899,0.426294896974983,0.426744626830856,0.425879269554383,0.424460980310372,0.420606245177657,0.407154387646587,0.409933656791336,0.411715872751802,0.451244688765805,0.458248756658935,0.461527448413307,0.461527448413307,0.46629906564547,0.448557384021505,0.434434670988173,0.4382203321255,0.438238876390151,0.438852636872948,0.588509363518266,0.544438807978255,0.41980329359706,0.444380692773448,0.444328520032121,0.454986050733416,0.457509450000869,0.456946553503329,0.45718774127488,0.457542348382853,0.463732340275961,0.457533193055354,0.458044541543889,0.46015353244254,0.457637402217913,0.459272957688139,0.459272957688139,0.459374374360742,0.459412654755254,0.459366637883526,0.460432388566225,0.458046984321973,0.460069094411141,0.458168459276909,0.458168459276909,0.461821261577152,0.461821261577152,0.458505108725368,0.458505108725368,0.452049531491969,0.444389284050926,0.445753465631327,0.445206069074063,0.445127219248834,0.445116241860675,0.44490043800336,0.444928646770491,0.435067776721925,0.435214997605762,0.435235266584158,0.436343408686539,0.43696801422362,0.436988645718542,0.442030306145915,0.455343921106704,0.457185966503973,0.441445188584011,0.848733912119632,0.617580046098222,0.615782080915389,0.609337871389837,0.588653224248718,0.588653301650198,0.581013991940351,0.58107463941243,0.595962242830888,0.602505919925569,0.604832972086088,0.596880463095526,0.602123284993273,0.604318631567211,0.575267288172847,0.597487207646079,0.597366133521259,0.602555877633848,0.586264729924602,0.588479397774824,0.589141046472871,0.583644324305953
"OR951104.1",0.416583352577022,0.416517413312886,0.412707066179483,0.407415492777585,0.405559263035773,0.422139426909854,0.42477781756101,0.424796652747971,0.449283312196564,0.430204886526282,0.432002762363316,0.43204726273673,0.428663493942442,0.431159300672107,0.42623611678851,0.417771866050246,0.486860495351989,0.483894180441007,0.495461392079362,0.476980740260044,0.461891922933789,0.432632802780517,0.432681051891995,0.429074332852671,0.397824030882226,0.39723590989054,0.396691069374474,0.407980316239309,0.408048210098724,0.4079577045398,0.38180010848401,0.400867597173205,0.398691779115932,0.458883584539764,0.458366299423688,0.138690908086882,0.142400161861607,0.146665499713893,0.148792892276656,0.15419709108342,0.154100109337806,0.16819648955032,0.171215236995147,0.171918209981913,0.0271877524391621,0,0.0422006845545174,0.114914121239996,0.118872763471623,0.137502693594439,0.137554418287593,0.227783988641907,0.213403512047724,0.184249703318321,0.531054345556012,0.388741526001966,0.388638622025086,0.387410824648167,0.387543859337742,0.414099704375214,0.413027692862036,0.411670307283554,0.412557579703573,0.4133013020458,0.413051461611862,0.413032424848391,0.413013504947103,0.412681752970452,0.412394149547521,0.408531196967261,0.432105203623311,0.433600117378498,0.434445089144188,0.434760124724108,0.415780792678311,0.418156113078424,0.418561279799439,0.420282136030749,0.416405557965278,0.423580266525821,0.423516270070374,0.435404377375046,0.435209577494728,0.435247903400966,0.435628459577292,0.413086299232143,0.417850007676311,0.419067299300765,0.408867574019293,0.408867574019293,0.409617267216059,0.411130054346599,0.411130056726859,0.411092201538624,0.411111123146243,0.409836801629691,0.410050713739206,0.409892431699251,0.411434721899362,0.409917044695895,0.409935743247305,0.408470249711421,0.411166883599585,0.411166883599585,0.411262952716079,0.410777774889537,0.410739529295579,0.410720370593949,0.408718806912564,0.414340257291168,0.416830866033979,0.417040657482571,0.419855561606158,0.420507543335431,0.419537859962522,0.419475338910051,0.422250214552944,0.422053845206348,0.424409398662265,0.421033058445606,0.422264665959836,0.424940028765636,0.425018305808444,0.425255223751309,0.426029063313308,0.427300812470973,0.426996483761183,0.427142462306819,0.427175345561244,0.427056758693831,0.426632365333392,0.426959927463841,0.42709209242634,0.425391795565195,0.427022219552469,0.424667627205552,0.425117357061425,0.424251999784953,0.422833710540942,0.418978975408227,0.405527117877156,0.408306387021905,0.410088602982372,0.449617418996375,0.456621486889504,0.459900178643877,0.459900178643877,0.46467179587604,0.446930114252075,0.432807401218743,0.436593062356069,0.436611606620721,0.437225367103518,0.586882093748835,0.542811538208825,0.418176023827629,0.442753423004017,0.44270125026269,0.453358780963986,0.455882180231439,0.455319283733898,0.45556047150545,0.455915078613422,0.462105070506531,0.455905923285923,0.456417271774458,0.45852626267311,0.456010132448483,0.457645687918709,0.457645687918709,0.457747104591311,0.457785384985824,0.457739368114095,0.458805118796795,0.456419714552542,0.45844182464171,0.456541189507479,0.456541189507479,0.460193991807722,0.460193991807722,0.456877838955938,0.456877838955938,0.450422261722538,0.442762014281496,0.444126195861896,0.443578799304632,0.443499949479403,0.443488972091245,0.443273168233929,0.443301377001061,0.433440506952495,0.433587727836332,0.433607996814728,0.434716138917109,0.435340744454189,0.435361375949112,0.440403036376485,0.453716651337273,0.455558696734543,0.439817918814581,0.847106642350202,0.615952776328792,0.614154811145959,0.607710601620406,0.587025954479288,0.587026031880767,0.579386722170921,0.579447369643,0.594334973061457,0.600878650156139,0.603205702316657,0.595253193326095,0.600496015223843,0.602691361797781,0.573640018403416,0.595859937876649,0.595738863751829,0.600928607864418,0.584637460155172,0.586852128005394,0.58751377670344,0.582017054536523
"OR951106.1",0.412022194829306,0.411956255565171,0.408145908431768,0.402854335029869,0.400998105288058,0.417578269162138,0.420216659813295,0.420235495000255,0.444722154448848,0.425643728778566,0.427441604615601,0.427486104989014,0.424102336194726,0.426598142924391,0.421674959040794,0.41321070830253,0.482299337604273,0.479333022693291,0.490900234331647,0.472419582512328,0.457330765186074,0.428071645032801,0.428119894144279,0.424513175104955,0.39326287313451,0.392674752142825,0.392129911626759,0.403419158491594,0.403487052351008,0.403396546792084,0.377238950736294,0.396306439425489,0.394130621368217,0.454322426792049,0.453805141675973,0.134129750339167,0.137839004113892,0.142104341966178,0.14423173452894,0.149635933335704,0.149538951590091,0.163635331802605,0.166654079247431,0.167357052234197,0.0438279543239477,0.0422006845545174,0,0.110352963492281,0.114311605723908,0.132941535846723,0.132993260539877,0.223222830894191,0.208842354300008,0.179688545570606,0.526493187808296,0.384180368254251,0.38407746427737,0.382849666900452,0.382982701590026,0.409538546627499,0.40846653511432,0.407109149535838,0.407996421955857,0.408740144298085,0.408490303864146,0.408471267100676,0.408452347199387,0.408120595222737,0.407832991799806,0.403970039219545,0.427544045875595,0.429038959630782,0.429883931396472,0.430198966976392,0.411219634930595,0.413594955330708,0.414000122051724,0.415720978283033,0.411844400217562,0.419019108778106,0.418955112322659,0.43084321962733,0.430648419747013,0.430686745653251,0.431067301829576,0.408525141484428,0.413288849928595,0.414506141553049,0.404306416271578,0.404306416271578,0.405056109468343,0.406568896598883,0.406568898979144,0.406531043790908,0.406549965398527,0.405275643881976,0.40548955599149,0.405331273951535,0.406873564151647,0.40535588694818,0.40537458549959,0.403909091963705,0.406605725851869,0.406605725851869,0.406701794968363,0.406216617141822,0.406178371547863,0.406159212846233,0.404157649164848,0.409779099543452,0.412269708286263,0.412479499734856,0.415294403858443,0.415946385587715,0.414976702214806,0.414914181162335,0.417689056805229,0.417492687458632,0.41984824091455,0.41647190069789,0.41770350821212,0.420378871017921,0.420457148060728,0.420694066003593,0.421467905565592,0.422739654723258,0.422435326013467,0.422581304559103,0.422614187813528,0.422495600946116,0.422071207585677,0.422398769716126,0.422530934678624,0.420830637817479,0.422461061804753,0.420106469457837,0.42055619931371,0.419690842037237,0.418272552793226,0.414417817660511,0.400965960129441,0.40374522927419,0.405527445234656,0.445056261248659,0.452060329141789,0.455339020896162,0.455339020896162,0.460110638128324,0.442368956504359,0.428246243471027,0.432031904608354,0.432050448873005,0.432664209355802,0.58232093600112,0.538250380461109,0.413614866079914,0.438192265256302,0.438140092514975,0.44879762321627,0.451321022483723,0.450758125986183,0.450999313757735,0.451353920865707,0.457543912758815,0.451344765538208,0.451856114026743,0.453965104925394,0.451448974700768,0.453084530170993,0.453084530170993,0.453185946843596,0.453224227238108,0.45317821036638,0.454243961049079,0.451858556804827,0.453880666893995,0.451980031759763,0.451980031759763,0.455632834060006,0.455632834060006,0.452316681208222,0.452316681208222,0.445861103974823,0.43820085653378,0.439565038114181,0.439017641556917,0.438938791731688,0.438927814343529,0.438712010486214,0.438740219253345,0.428879349204779,0.429026570088616,0.429046839067012,0.430154981169393,0.430779586706474,0.430800218201396,0.435841878628769,0.449155493589558,0.450997538986827,0.435256761066865,0.842545484602486,0.611391618581076,0.609593653398243,0.603149443872691,0.582464796731572,0.582464874133052,0.574825564423205,0.574886211895284,0.589773815313742,0.596317492408423,0.598644544568942,0.59069203557838,0.595934857476127,0.598130204050065,0.569078860655701,0.591298780128933,0.591177706004113,0.596367450116702,0.580076302407457,0.582290970257678,0.582952618955725,0.577455896788807
"OR951100.1",0.406137750683448,0.406071811419312,0.402261464285909,0.396969890884011,0.395113661142199,0.41169382501628,0.414332215667436,0.414351050854397,0.43883771030299,0.419759284632708,0.421557160469742,0.421601660843156,0.418217892048868,0.420713698778533,0.415790514894936,0.407326264156672,0.476414893458415,0.473448578547433,0.485015790185788,0.46653513836647,0.451446321040215,0.422187200886943,0.422235449998421,0.418628730959097,0.387378428988652,0.386790307996966,0.3862454674809,0.397534714345735,0.39760260820515,0.397512102646226,0.371354506590436,0.39042199527963,0.388246177222358,0.44843798264619,0.447920697530114,0.128245306193308,0.131954559968033,0.136219897820319,0.138347290383082,0.143751489189846,0.143654507444232,0.157750887656746,0.160769635101572,0.161472608088339,0.116541391009427,0.114914121239996,0.110352963492281,0,0.0212450788359968,0.127057091700865,0.127108816394019,0.217338386748333,0.202957910154149,0.173804101424747,0.520608743662438,0.378295924108392,0.378193020131512,0.376965222754593,0.377098257444168,0.40365410248164,0.402582090968462,0.40122470538998,0.402111977809999,0.402855700152226,0.402605859718288,0.402586822954817,0.402567903053529,0.402236151076878,0.401948547653947,0.398085595073687,0.421659601729737,0.423154515484924,0.423999487250614,0.424314522830534,0.405335190784737,0.40771051118485,0.408115677905865,0.409836534137175,0.405959956071704,0.413134664632247,0.4130706681768,0.424958775481472,0.424763975601154,0.424802301507392,0.425182857683718,0.402640697338569,0.407404405782737,0.408621697407191,0.398421972125719,0.398421972125719,0.399171665322485,0.400684452453025,0.400684454833285,0.400646599645049,0.400665521252669,0.399391199736117,0.399605111845632,0.399446829805677,0.400989120005788,0.399471442802321,0.399490141353731,0.398024647817847,0.400721281706011,0.400721281706011,0.400817350822505,0.400332172995963,0.400293927402005,0.400274768700375,0.39827320501899,0.403894655397594,0.406385264140405,0.406595055588997,0.409409959712584,0.410061941441857,0.409092258068948,0.409029737016477,0.41180461265937,0.411608243312774,0.413963796768691,0.410587456552032,0.411819064066262,0.414494426872062,0.41457270391487,0.414809621857735,0.415583461419734,0.416855210577399,0.416550881867609,0.416696860413245,0.41672974366767,0.416611156800257,0.416186763439818,0.416514325570267,0.416646490532766,0.414946193671621,0.416576617658895,0.414222025311978,0.414671755167851,0.413806397891379,0.412388108647368,0.408533373514653,0.395081515983582,0.397860785128331,0.399643001088798,0.439171817102801,0.44617588499593,0.449454576750303,0.449454576750303,0.454226193982466,0.436484512358501,0.422361799325169,0.426147460462495,0.426166004727147,0.426779765209944,0.576436491855261,0.532365936315251,0.407730421934055,0.432307821110443,0.432255648369116,0.442913179070412,0.445436578337865,0.444873681840324,0.445114869611876,0.445469476719848,0.451659468612957,0.445460321392349,0.445971669880884,0.448080660779536,0.445564530554909,0.447200086025135,0.447200086025135,0.447301502697737,0.44733978309225,0.447293766220521,0.448359516903221,0.445974112658968,0.447996222748136,0.446095587613905,0.446095587613905,0.449748389914148,0.449748389914148,0.446432237062364,0.446432237062364,0.439976659828964,0.432316412387922,0.433680593968322,0.433133197411058,0.433054347585829,0.433043370197671,0.432827566340355,0.432855775107487,0.42299490505892,0.423142125942758,0.423162394921153,0.424270537023535,0.424895142560615,0.424915774055538,0.429957434482911,0.443271049443699,0.445113094840969,0.429372316921007,0.836661040456627,0.605507174435218,0.603709209252384,0.597264999726832,0.576580352585713,0.576580429987193,0.568941120277347,0.569001767749426,0.583889371167883,0.590433048262565,0.592760100423083,0.584807591432521,0.590050413330268,0.592245759904207,0.563194416509842,0.585414335983075,0.585293261858254,0.590483005970844,0.574191858261598,0.57640652611182,0.577068174809866,0.571571452642949
"OR951147.1",0.410096392915075,0.410030453650939,0.406220106517536,0.400928533115638,0.399072303373826,0.415652467247907,0.418290857899063,0.418309693086024,0.442796352534616,0.423717926864335,0.425515802701369,0.425560303074783,0.422176534280495,0.42467234101016,0.419749157126563,0.411284906388299,0.480373535690041,0.47740722077906,0.488974432417415,0.470493780598097,0.455404963271842,0.42614584311857,0.426194092230048,0.422587373190724,0.391337071220279,0.390748950228593,0.390204109712527,0.401493356577362,0.401561250436776,0.401470744877853,0.375313148822063,0.394380637511257,0.392204819453985,0.452396624877817,0.451879339761741,0.132203948424935,0.13591320219966,0.140178540051946,0.142305932614709,0.147710131421472,0.147613149675859,0.161709529888373,0.164728277333199,0.165431250319966,0.120500033241053,0.118872763471623,0.114311605723908,0.0212450788359968,0,0.131015733932492,0.131067458625646,0.221297028979959,0.206916552385776,0.177762743656374,0.524567385894065,0.382254566340019,0.382151662363139,0.38092386498622,0.381056899675795,0.407612744713267,0.406540733200089,0.405183347621606,0.406070620041626,0.406814342383853,0.406564501949915,0.406545465186444,0.406526545285156,0.406194793308505,0.405907189885574,0.402044237305313,0.425618243961363,0.427113157716551,0.42795812948224,0.428273165062161,0.409293833016364,0.411669153416477,0.412074320137492,0.413795176368801,0.409918598303331,0.417093306863874,0.417029310408427,0.428917417713099,0.428722617832781,0.428760943739019,0.429141499915345,0.406599339570196,0.411363048014364,0.412580339638818,0.402380614357346,0.402380614357346,0.403130307554112,0.404643094684652,0.404643097064912,0.404605241876676,0.404624163484296,0.403349841967744,0.403563754077258,0.403405472037304,0.404947762237415,0.403430085033948,0.403448783585358,0.401983290049474,0.404679923937638,0.404679923937638,0.404775993054132,0.40429081522759,0.404252569633632,0.404233410932002,0.402231847250617,0.407853297629221,0.410343906372032,0.410553697820624,0.413368601944211,0.414020583673484,0.413050900300575,0.412988379248103,0.415763254890997,0.415566885544401,0.417922439000318,0.414546098783658,0.415777706297889,0.418453069103689,0.418531346146497,0.418768264089362,0.419542103651361,0.420813852809026,0.420509524099236,0.420655502644871,0.420688385899297,0.420569799031884,0.420145405671445,0.420472967801894,0.420605132764392,0.418904835903248,0.420535259890521,0.418180667543605,0.418630397399478,0.417765040123006,0.416346750878995,0.41249201574628,0.399040158215209,0.401819427359958,0.403601643320425,0.443130459334427,0.450134527227557,0.45341321898193,0.45341321898193,0.458184836214093,0.440443154590128,0.426320441556796,0.430106102694122,0.430124646958774,0.430738407441571,0.580395134086888,0.536324578546878,0.411689064165682,0.43626646334207,0.436214290600743,0.446871821302039,0.449395220569491,0.448832324071951,0.449073511843503,0.449428118951475,0.455618110844584,0.449418963623976,0.449930312112511,0.452039303011163,0.449523172786536,0.451158728256762,0.451158728256762,0.451260144929364,0.451298425323877,0.451252408452148,0.452318159134848,0.449932754890595,0.451954864979763,0.450054229845531,0.450054229845531,0.453707032145775,0.453707032145775,0.450390879293991,0.450390879293991,0.443935302060591,0.436275054619549,0.437639236199949,0.437091839642685,0.437012989817456,0.437002012429298,0.436786208571982,0.436814417339114,0.426953547290547,0.427100768174385,0.42712103715278,0.428229179255161,0.428853784792242,0.428874416287165,0.433916076714538,0.447229691675326,0.449071737072596,0.433330959152633,0.840619682688254,0.609465816666845,0.607667851484011,0.601223641958459,0.58053899481734,0.58053907221882,0.572899762508974,0.572960409981053,0.58784801339951,0.594391690494192,0.59671874265471,0.588766233664148,0.594009055561895,0.596204402135834,0.567153058741469,0.589372978214702,0.589251904089881,0.594441648202471,0.578150500493225,0.580365168343447,0.581026817041493,0.575530094874576
"OR951142.1",0.379447062331308,0.379381123067172,0.37557077593377,0.370279202531871,0.36842297279006,0.38500313666414,0.387641527315297,0.387660362502257,0.41214702195085,0.393068596280568,0.394866472117603,0.394910972491016,0.391527203696728,0.394023010426393,0.389099826542796,0.380635575804532,0.449724205106275,0.446757890195293,0.458325101833648,0.43984445001433,0.424755632688075,0.395496512534803,0.395544761646281,0.391938042606957,0.360687740636512,0.360099619644827,0.35955477912876,0.370844025993595,0.37091191985301,0.370821414294086,0.344663818238296,0.363731306927491,0.361555488870218,0.42174729429405,0.421230009177974,0.128297172554973,0.132006426329698,0.136271764181984,0.138399156744746,0.14380335555151,0.143706373805897,0.15780275401841,0.160821501463237,0.161524474450003,0.139129963363869,0.137502693594439,0.132941535846723,0.127057091700865,0.131015733932492,0,0.0008750298661023,0.190647698396193,0.17626722180201,0.147113413072607,0.493918055310298,0.351605235756252,0.351502331779372,0.350274534402454,0.350407569092028,0.3769634141295,0.375891402616322,0.37453401703784,0.375421289457859,0.376165011800086,0.375915171366148,0.375896134602677,0.375877214701389,0.375545462724738,0.375257859301807,0.371394906721547,0.394968913377597,0.396463827132784,0.397308798898474,0.397623834478394,0.378644502432597,0.38101982283271,0.381424989553725,0.383145845785035,0.379269267719564,0.386443976280107,0.386379979824661,0.398268087129332,0.398073287249014,0.398111613155253,0.398492169331578,0.375950008986429,0.380713717430597,0.381931009055051,0.371731283773579,0.371731283773579,0.372480976970345,0.373993764100885,0.373993766481145,0.37395591129291,0.373974832900529,0.372700511383977,0.372914423493492,0.372756141453537,0.374298431653648,0.372780754450182,0.372799453001592,0.371333959465707,0.374030593353871,0.374030593353871,0.374126662470365,0.373641484643823,0.373603239049865,0.373584080348235,0.37158251666685,0.377203967045454,0.379694575788265,0.379904367236857,0.382719271360445,0.383371253089717,0.382401569716808,0.382339048664337,0.385113924307231,0.384917554960634,0.387273108416552,0.383896768199892,0.385128375714122,0.387803738519922,0.38788201556273,0.388118933505595,0.388892773067594,0.390164522225259,0.389860193515469,0.390006172061105,0.39003905531553,0.389920468448118,0.389496075087679,0.389823637218127,0.389955802180626,0.388255505319481,0.389885929306755,0.387531336959838,0.387981066815712,0.387115709539239,0.385697420295228,0.381842685162513,0.368390827631443,0.371170096776192,0.372952312736658,0.412481128750661,0.419485196643791,0.422763888398163,0.422763888398163,0.427535505630326,0.409793824006361,0.395671110973029,0.399456772110356,0.399475316375007,0.400089076857804,0.549745803503121,0.505675247963111,0.381039733581916,0.405617132758304,0.405564960016977,0.416222490718272,0.418745889985725,0.418182993488185,0.418424181259736,0.418778788367709,0.424968780260817,0.41876963304021,0.419280981528745,0.421389972427396,0.418873842202769,0.420509397672995,0.420509397672995,0.420610814345598,0.42064909474011,0.420603077868381,0.421668828551081,0.419283424306829,0.421305534395997,0.419404899261765,0.419404899261765,0.423057701562008,0.423057701562008,0.419741548710224,0.419741548710224,0.413285971476825,0.405625724035782,0.406989905616182,0.406442509058918,0.406363659233689,0.406352681845531,0.406136877988216,0.406165086755347,0.396304216706781,0.396451437590618,0.396471706569014,0.397579848671395,0.398204454208475,0.398225085703398,0.403266746130771,0.41658036109156,0.418422406488829,0.402681628568867,0.809970352104488,0.578816486083078,0.577018520900245,0.570574311374692,0.549889664233574,0.549889741635053,0.542250431925207,0.542311079397286,0.557198682815743,0.563742359910425,0.566069412070943,0.558116903080381,0.563359724978129,0.565555071552067,0.536503728157702,0.558723647630935,0.558602573506115,0.563792317618704,0.547501169909458,0.54971583775968,0.550377486457726,0.544880764290809
"OR951143.1",0.379498787024462,0.379432847760326,0.375622500626923,0.370330927225025,0.368474697483213,0.385054861357294,0.38769325200845,0.387712087195411,0.412198746644004,0.393120320973722,0.394918196810756,0.39496269718417,0.391578928389882,0.394074735119547,0.38915155123595,0.380687300497686,0.449775929799429,0.446809614888447,0.458376826526802,0.439896174707484,0.424807357381229,0.395548237227957,0.395596486339435,0.391989767300111,0.360739465329666,0.36015134433798,0.359606503821914,0.370895750686749,0.370963644546163,0.37087313898724,0.34471554293145,0.363783031620645,0.361607213563372,0.421799018987204,0.421281733871128,0.128348897248126,0.132058151022851,0.136323488875137,0.1384508814379,0.143855080244664,0.14375809849905,0.157854478711564,0.16087322615639,0.161576199143157,0.139181688057023,0.137554418287593,0.132993260539877,0.127108816394019,0.131067458625646,0.0008750298661023,0,0.190699423089347,0.176318946495163,0.147165137765761,0.493969780003452,0.351656960449406,0.351554056472526,0.350326259095607,0.350459293785182,0.377015138822654,0.375943127309476,0.374585741730993,0.375473014151013,0.37621673649324,0.375966896059302,0.375947859295831,0.375928939394543,0.375597187417892,0.375309583994961,0.3714466314147,0.395020638070751,0.396515551825938,0.397360523591627,0.397675559171548,0.378696227125751,0.381071547525864,0.381476714246879,0.383197570478189,0.379320992412718,0.386495700973261,0.386431704517814,0.398319811822486,0.398125011942168,0.398163337848406,0.398543894024732,0.376001733679583,0.380765442123751,0.381982733748205,0.371783008466733,0.371783008466733,0.372532701663499,0.374045488794039,0.374045491174299,0.374007635986063,0.374026557593683,0.372752236077131,0.372966148186645,0.372807866146691,0.374350156346802,0.372832479143335,0.372851177694745,0.371385684158861,0.374082318047025,0.374082318047025,0.374178387163519,0.373693209336977,0.373654963743019,0.373635805041389,0.371634241360004,0.377255691738608,0.379746300481419,0.379956091930011,0.382770996053598,0.383422977782871,0.382453294409962,0.38239077335749,0.385165649000384,0.384969279653788,0.387324833109705,0.383948492893046,0.385180100407276,0.387855463213076,0.387933740255884,0.388170658198749,0.388944497760748,0.390216246918413,0.389911918208623,0.390057896754259,0.390090780008684,0.389972193141271,0.389547799780832,0.389875361911281,0.39000752687378,0.388307230012635,0.389937653999908,0.387583061652992,0.388032791508865,0.387167434232393,0.385749144988382,0.381894409855667,0.368442552324596,0.371221821469345,0.373004037429812,0.412532853443815,0.419536921336944,0.422815613091317,0.422815613091317,0.42758723032348,0.409845548699515,0.395722835666183,0.399508496803509,0.399527041068161,0.400140801550958,0.549797528196275,0.505726972656265,0.381091458275069,0.405668857451457,0.40561668471013,0.416274215411426,0.418797614678878,0.418234718181338,0.41847590595289,0.418830513060862,0.425020504953971,0.418821357733363,0.419332706221898,0.42144169712055,0.418925566895923,0.420561122366149,0.420561122366149,0.420662539038751,0.420700819433264,0.420654802561535,0.421720553244235,0.419335148999982,0.42135725908915,0.419456623954919,0.419456623954919,0.423109426255162,0.423109426255162,0.419793273403378,0.419793273403378,0.413337696169978,0.405677448728936,0.407041630309336,0.406494233752072,0.406415383926843,0.406404406538685,0.406188602681369,0.406216811448501,0.396355941399934,0.396503162283772,0.396523431262167,0.397631573364548,0.398256178901629,0.398276810396552,0.403318470823925,0.416632085784713,0.418474131181983,0.402733353262021,0.810022076797641,0.578868210776232,0.577070245593398,0.570626036067846,0.549941388926727,0.549941466328207,0.542302156618361,0.54236280409044,0.557250407508897,0.563794084603579,0.566121136764097,0.558168627773535,0.563411449671282,0.565606796245221,0.536555452850856,0.558775372324089,0.558654298199269,0.563844042311858,0.547552894602612,0.549767562452834,0.55042921115088,0.544932488983963
"OR951121.1",0.426748086223893,0.426682146959757,0.422871799826354,0.417580226424456,0.415723996682644,0.432304160556725,0.434942551207881,0.434961386394842,0.459448045843435,0.440369620173153,0.442167496010187,0.442211996383601,0.438828227589313,0.441324034318978,0.436400850435381,0.427936599697117,0.49702522899886,0.494058914087878,0.505626125726233,0.487145473906915,0.47205665658066,0.442797536427388,0.442845785538866,0.439239066499542,0.407988764529097,0.407400643537411,0.406855803021345,0.41814504988618,0.418212943745594,0.418122438186671,0.391964842130881,0.411032330820076,0.408856512762803,0.469048318186635,0.468531033070559,0.21857846760244,0.222287721377165,0.226553059229451,0.228680451792214,0.234084650598978,0.233987668853364,0.248084049065878,0.251102796510704,0.251805769497471,0.229411258411337,0.227783988641907,0.223222830894191,0.217338386748333,0.221297028979959,0.190647698396193,0.190699423089347,0,0.054297237413914,0.0832975325392466,0.541219079202883,0.398906259648837,0.398803355671957,0.397575558295038,0.397708592984613,0.424264438022085,0.423192426508907,0.421835040930424,0.422722313350444,0.423466035692671,0.423216195258733,0.423197158495262,0.423178238593974,0.422846486617323,0.422558883194392,0.418695930614131,0.442269937270182,0.443764851025369,0.444609822791058,0.444924858370979,0.425945526325182,0.428320846725295,0.42872601344631,0.43044686967762,0.426570291612149,0.433745000172692,0.433681003717245,0.445569111021917,0.445374311141599,0.445412637047837,0.445793193224163,0.423251032879014,0.428014741323182,0.429232032947636,0.419032307666164,0.419032307666164,0.41978200086293,0.42129478799347,0.42129479037373,0.421256935185494,0.421275856793114,0.420001535276562,0.420215447386076,0.420057165346122,0.421599455546233,0.420081778342766,0.420100476894176,0.418634983358292,0.421331617246456,0.421331617246456,0.42142768636295,0.420942508536408,0.42090426294245,0.42088510424082,0.418883540559435,0.424504990938039,0.42699559968085,0.427205391129442,0.430020295253029,0.430672276982302,0.429702593609393,0.429640072556921,0.432414948199815,0.432218578853219,0.434574132309136,0.431197792092477,0.432429399606707,0.435104762412507,0.435183039455315,0.43541995739818,0.436193796960179,0.437465546117844,0.437161217408054,0.43730719595369,0.437340079208115,0.437221492340702,0.436797098980263,0.437124661110712,0.43725682607321,0.435556529212066,0.43718695319934,0.434832360852423,0.435282090708296,0.434416733431824,0.432998444187813,0.429143709055098,0.415691851524027,0.418471120668776,0.420253336629243,0.459782152643246,0.466786220536375,0.470064912290748,0.470064912290748,0.474836529522911,0.457094847898946,0.442972134865614,0.44675779600294,0.446776340267592,0.447390100750389,0.597046827395706,0.552976271855696,0.4283407574745,0.452918156650888,0.452865983909561,0.463523514610857,0.46604691387831,0.465484017380769,0.465725205152321,0.466079812260293,0.472269804153402,0.466070656932794,0.466582005421329,0.468690996319981,0.466174866095354,0.46781042156558,0.46781042156558,0.467911838238182,0.467950118632695,0.467904101760966,0.468969852443666,0.466584448199413,0.468606558288581,0.46670592315435,0.46670592315435,0.470358725454593,0.470358725454593,0.467042572602809,0.467042572602809,0.460586995369409,0.452926747928367,0.454290929508767,0.453743532951503,0.453664683126274,0.453653705738116,0.4534379018808,0.453466110647932,0.443605240599365,0.443752461483203,0.443772730461598,0.444880872563979,0.44550547810106,0.445526109595983,0.450567770023356,0.463881384984144,0.465723430381414,0.449982652461452,0.857271375997072,0.626117509975663,0.624319544792829,0.617875335267277,0.597190688126158,0.597190765527638,0.589551455817792,0.589612103289871,0.604499706708328,0.61104338380301,0.613370435963528,0.605417926972966,0.610660748870713,0.612856095444652,0.583804752050287,0.60602467152352,0.6059035973987,0.611093341511289,0.594802193802043,0.597016861652265,0.597678510350311,0.592181788183394
"OR951144.1",0.41236760962971,0.412301670365574,0.408491323232171,0.403199749830273,0.401343520088461,0.417923683962542,0.420562074613698,0.420580909800658,0.445067569249251,0.42598914357897,0.427787019416004,0.427831519789418,0.42444775099513,0.426943557724795,0.422020373841198,0.413556123102934,0.482644752404676,0.479678437493695,0.49124564913205,0.472764997312732,0.457676179986477,0.428417059833204,0.428465308944683,0.424858589905359,0.393608287934913,0.393020166943228,0.392475326427162,0.403764573291997,0.403832467151411,0.403741961592488,0.377584365536698,0.396651854225892,0.39447603616862,0.454667841592452,0.454150556476376,0.204197991008257,0.207907244782982,0.212172582635268,0.214299975198031,0.219704174004794,0.219607192259181,0.233703572471695,0.236722319916521,0.237425292903288,0.215030781817154,0.213403512047724,0.208842354300008,0.202957910154149,0.206916552385776,0.17626722180201,0.176318946495163,0.054297237413914,0,0.0689170559450635,0.5268386026087,0.384525783054654,0.384422879077774,0.383195081700855,0.38332811639043,0.409883961427902,0.408811949914724,0.407454564336241,0.408341836756261,0.409085559098488,0.40883571866455,0.408816681901079,0.408797761999791,0.40846601002314,0.408178406600209,0.404315454019948,0.427889460675998,0.429384374431186,0.430229346196875,0.430544381776796,0.411565049730999,0.413940370131112,0.414345536852127,0.416066393083436,0.412189815017965,0.419364523578509,0.419300527123062,0.431188634427734,0.430993834547416,0.431032160453654,0.43141271662998,0.408870556284831,0.413634264728999,0.414851556353452,0.404651831071981,0.404651831071981,0.405401524268747,0.406914311399287,0.406914313779547,0.406876458591311,0.406895380198931,0.405621058682379,0.405834970791893,0.405676688751939,0.40721897895205,0.405701301748583,0.405720000299993,0.404254506764109,0.406951140652273,0.406951140652273,0.407047209768767,0.406562031942225,0.406523786348267,0.406504627646637,0.404503063965252,0.410124514343856,0.412615123086667,0.412824914535259,0.415639818658846,0.416291800388119,0.41532211701521,0.415259595962738,0.418034471605632,0.417838102259036,0.420193655714953,0.416817315498293,0.418048923012524,0.420724285818324,0.420802562861131,0.421039480803997,0.421813320365996,0.423085069523661,0.42278074081387,0.422926719359506,0.422959602613932,0.422841015746519,0.42241662238608,0.422744184516529,0.422876349479027,0.421176052617883,0.422806476605156,0.42045188425824,0.420901614114113,0.420036256837641,0.41861796759363,0.414763232460915,0.401311374929844,0.404090644074593,0.40587286003506,0.445401676049062,0.452405743942192,0.455684435696565,0.455684435696565,0.460456052928727,0.442714371304763,0.428591658271431,0.432377319408757,0.432395863673408,0.433009624156206,0.582666350801523,0.538595795261513,0.413960280880317,0.438537680056705,0.438485507315378,0.449143038016674,0.451666437284126,0.451103540786586,0.451344728558138,0.45169933566611,0.457889327559219,0.451690180338611,0.452201528827146,0.454310519725798,0.451794389501171,0.453429944971396,0.453429944971396,0.453531361643999,0.453569642038512,0.453523625166783,0.454589375849483,0.45220397160523,0.454226081694398,0.452325446560166,0.452325446560166,0.45597824886041,0.45597824886041,0.452662096008626,0.452662096008626,0.446206518775226,0.438546271334184,0.439910452914584,0.43936305635732,0.439284206532091,0.439273229143933,0.439057425286617,0.439085634053749,0.429224764005182,0.42937198488902,0.429392253867415,0.430500395969796,0.431125001506877,0.4311456330018,0.436187293429173,0.449500908389961,0.45134295378723,0.435602175867268,0.842890899402889,0.61173703338148,0.609939068198646,0.603494858673094,0.582810211531975,0.582810288933455,0.575170979223608,0.575231626695688,0.590119230114145,0.596662907208827,0.598989959369345,0.591037450378783,0.59628027227653,0.598475618850469,0.569424275456104,0.591644194929337,0.591523120804517,0.596712864917106,0.58042171720786,0.582636385058082,0.583298033756128,0.577801311589211
"OR951139.1",0.383213800900307,0.383147861636172,0.379337514502769,0.37404594110087,0.372189711359059,0.388769875233139,0.391408265884296,0.391427101071256,0.415913760519849,0.396835334849567,0.398633210686602,0.398677711060015,0.395293942265727,0.397789748995392,0.392866565111796,0.384402314373531,0.453490943675274,0.450524628764292,0.462091840402648,0.44361118858333,0.428522371257075,0.399263251103802,0.39931150021528,0.395704781175956,0.364454479205511,0.363866358213826,0.36332151769776,0.374610764562595,0.374678658422009,0.374588152863085,0.348430556807295,0.36749804549649,0.365322227439218,0.42551403286305,0.424996747746974,0.175044182278855,0.17875343605358,0.183018773905866,0.185146166468628,0.190550365275392,0.190453383529779,0.204549763742293,0.207568511187119,0.208271484173885,0.185876973087752,0.184249703318321,0.179688545570606,0.173804101424747,0.177762743656374,0.147113413072607,0.147165137765761,0.0832975325392466,0.0689170559450635,0,0.497684793879297,0.355371974325252,0.355269070348371,0.354041272971453,0.354174307661027,0.3807301526985,0.379658141185321,0.378300755606839,0.379188028026858,0.379931750369086,0.379681909935147,0.379662873171677,0.379643953270388,0.379312201293738,0.379024597870807,0.375161645290546,0.398735651946596,0.400230565701784,0.401075537467473,0.401390573047393,0.382411241001596,0.38478656140171,0.385191728122725,0.386912584354034,0.383036006288563,0.390210714849107,0.39014671839366,0.402034825698332,0.401840025818014,0.401878351724252,0.402258907900578,0.379716747555429,0.384480455999597,0.38569774762405,0.375498022342579,0.375498022342579,0.376247715539344,0.377760502669884,0.377760505050145,0.377722649861909,0.377741571469528,0.376467249952977,0.376681162062491,0.376522880022536,0.378065170222648,0.376547493019181,0.376566191570591,0.375100698034706,0.37779733192287,0.37779733192287,0.377893401039364,0.377408223212823,0.377369977618864,0.377350818917234,0.375349255235849,0.380970705614453,0.383461314357264,0.383671105805857,0.386486009929444,0.387137991658716,0.386168308285807,0.386105787233336,0.38888066287623,0.388684293529634,0.391039846985551,0.387663506768891,0.388895114283121,0.391570477088922,0.391648754131729,0.391885672074594,0.392659511636594,0.393931260794259,0.393626932084468,0.393772910630104,0.393805793884529,0.393687207017117,0.393262813656678,0.393590375787127,0.393722540749625,0.39202224388848,0.393652667875754,0.391298075528838,0.391747805384711,0.390882448108238,0.389464158864228,0.385609423731512,0.372157566200442,0.374936835345191,0.376719051305657,0.41624786731966,0.42325193521279,0.426530626967163,0.426530626967163,0.431302244199325,0.41356056257536,0.399437849542028,0.403223510679355,0.403242054944006,0.403855815426803,0.553512542072121,0.50944198653211,0.384806472150915,0.409383871327303,0.409331698585976,0.419989229287272,0.422512628554724,0.421949732057184,0.422190919828736,0.422545526936708,0.428735518829816,0.422536371609209,0.423047720097744,0.425156710996395,0.422640580771769,0.424276136241994,0.424276136241994,0.424377552914597,0.424415833309109,0.424369816437381,0.42543556712008,0.423050162875828,0.425072272964996,0.423171637830764,0.423171637830764,0.426824440131007,0.426824440131007,0.423508287279223,0.423508287279223,0.417052710045824,0.409392462604781,0.410756644185182,0.410209247627918,0.410130397802689,0.41011942041453,0.409903616557215,0.409931825324346,0.40007095527578,0.400218176159617,0.400238445138013,0.401346587240394,0.401971192777475,0.401991824272397,0.40703348469977,0.420347099660559,0.422189145057828,0.406448367137866,0.813737090673487,0.582583224652077,0.580785259469244,0.574341049943692,0.553656402802573,0.553656480204053,0.546017170494206,0.546077817966285,0.560965421384743,0.567509098479424,0.569836150639943,0.561883641649381,0.567126463547128,0.569321810121067,0.540270466726702,0.562490386199934,0.562369312075114,0.567559056187703,0.551267908478458,0.553482576328679,0.554144225026726,0.548647502859808
"OR951140.1",0.56947671022682,0.569410770962685,0.565600423829282,0.560308850427383,0.558452620685572,0.575032784559652,0.577671175210809,0.577690010397769,0.602176669846362,0.58309824417608,0.584896120013115,0.584940620386528,0.58155685159224,0.584052658321905,0.579129474438308,0.570665223700044,0.639753853001787,0.636787538090805,0.64835474972916,0.629874097909843,0.614785280583588,0.585526160430315,0.585574409541793,0.581967690502469,0.550717388532024,0.550129267540339,0.549584427024273,0.560873673889107,0.560941567748522,0.560851062189598,0.534693466133808,0.553760954823003,0.55158513676573,0.611776942189562,0.611259657073487,0.521848824516545,0.52555807829127,0.529823416143556,0.531950808706319,0.537355007513083,0.537258025767469,0.551354405979983,0.554373153424809,0.555076126411576,0.532681615325442,0.531054345556012,0.526493187808296,0.520608743662438,0.524567385894065,0.493918055310298,0.493969780003452,0.541219079202883,0.5268386026087,0.497684793879297,0,0.541634883651764,0.541531979674884,0.540304182297966,0.54043721698754,0.566993062025012,0.565921050511834,0.564563664933352,0.565450937353371,0.566194659695599,0.56594481926166,0.565925782498189,0.565906862596901,0.56557511062025,0.56528750719732,0.561424554617059,0.584998561273109,0.586493475028296,0.587338446793986,0.587653482373906,0.568674150328109,0.571049470728222,0.571454637449237,0.573175493680547,0.569298915615076,0.57647362417562,0.576409627720173,0.588297735024844,0.588102935144526,0.588141261050765,0.58852181722709,0.565979656881942,0.570743365326109,0.571960656950563,0.561760931669091,0.561760931669091,0.562510624865857,0.564023411996397,0.564023414376657,0.563985559188422,0.564004480796041,0.562730159279489,0.562944071389004,0.562785789349049,0.564328079549161,0.562810402345694,0.562829100897103,0.561363607361219,0.564060241249383,0.564060241249383,0.564156310365877,0.563671132539336,0.563632886945377,0.563613728243747,0.561612164562362,0.567233614940966,0.569724223683777,0.569934015132369,0.572748919255957,0.573400900985229,0.57243121761232,0.572368696559849,0.575143572202743,0.574947202856146,0.577302756312064,0.573926416095404,0.575158023609634,0.577833386415434,0.577911663458242,0.578148581401107,0.578922420963106,0.580194170120771,0.579889841410981,0.580035819956617,0.580068703211042,0.57995011634363,0.57952572298319,0.579853285113639,0.579985450076138,0.578285153214993,0.579915577202267,0.57756098485535,0.578010714711224,0.577145357434751,0.57572706819074,0.571872333058025,0.558420475526955,0.561199744671704,0.56298196063217,0.602510776646173,0.609514844539303,0.612793536293675,0.612793536293675,0.617565153525838,0.599823471901873,0.585700758868541,0.589486420005868,0.589504964270519,0.590118724753316,0.739775451398634,0.695704895858623,0.571069381477428,0.595646780653816,0.595594607912489,0.606252138613784,0.608775537881237,0.608212641383697,0.608453829155249,0.608808436263221,0.614998428156329,0.608799280935722,0.609310629424257,0.611419620322909,0.608903490098281,0.610539045568507,0.610539045568507,0.61064046224111,0.610678742635622,0.610632725763894,0.611698476446593,0.609313072202341,0.611335182291509,0.609434547157277,0.609434547157277,0.61308734945752,0.61308734945752,0.609771196605736,0.609771196605736,0.603315619372337,0.595655371931294,0.597019553511695,0.596472156954431,0.596393307129201,0.596382329741043,0.596166525883728,0.596194734650859,0.586333864602293,0.58648108548613,0.586501354464526,0.587609496566907,0.588234102103988,0.58825473359891,0.593296394026283,0.606610008987072,0.608452054384341,0.592711276464379,1,0.76884613397859,0.767048168795757,0.760603959270205,0.739919312129086,0.739919389530566,0.732280079820719,0.732340727292799,0.747228330711256,0.753772007805937,0.756099059966456,0.748146550975894,0.753389372873641,0.755584719447579,0.726533376053215,0.748753295526447,0.748632221401627,0.753821965514216,0.73753081780497,0.739745485655192,0.740407134353239,0.734910412186321
"DQ058829.1",0.331228602943072,0.331162663678936,0.327352316545533,0.322060743143635,0.320204513401823,0.336784677275904,0.33942306792706,0.339441903114021,0.363928562562614,0.344850136892332,0.346648012729367,0.34669251310278,0.343308744308492,0.345804551038157,0.34088136715456,0.332417116416296,0.401505745718039,0.398539430807057,0.410106642445412,0.391625990626094,0.376537173299839,0.385534982650408,0.385583231761886,0.381976512722562,0.350726210752117,0.350138089760432,0.349593249244366,0.3608824961092,0.360950389968615,0.360859884409691,0.334702288353901,0.353769777043096,0.351593958985824,0.411785764409656,0.41126847929358,0.3795360049625,0.383245258737225,0.387510596589511,0.389637989152274,0.395042187959037,0.394945206213424,0.409041586425938,0.412060333870764,0.412763306857531,0.390368795771397,0.388741526001966,0.384180368254251,0.378295924108392,0.382254566340019,0.351605235756252,0.351656960449406,0.398906259648837,0.384525783054654,0.355371974325252,0.541634883651764,0,0.0051293255613369,0.0101437361654032,0.0102767708549776,0.111778208674502,0.110706197161324,0.109348811582841,0.110236084002861,0.110979806345088,0.110729965911149,0.110710929147679,0.110692009246391,0.11036025726974,0.110072653846809,0.106209701266548,0.129783707922598,0.131278621677786,0.132123593443475,0.132438629023396,0.113459296977598,0.115834617377712,0.116239784098727,0.117960640330036,0.114084062264565,0.121258770825109,0.121194774369662,0.133082881674334,0.132888081794016,0.132926407700254,0.13330696387658,0.174412047791719,0.179175756235887,0.180393047860341,0.17019332257887,0.17019332257887,0.170943015775635,0.172455802906175,0.172455805286435,0.1724179500982,0.172436871705819,0.171162550189267,0.171376462298782,0.171218180258827,0.172760470458939,0.171242793255472,0.171261491806882,0.169795998270997,0.172492632159161,0.172492632159161,0.172588701275655,0.172103523449114,0.172065277855155,0.172046119153525,0.17004455547214,0.175666005850744,0.178156614593555,0.178366406042148,0.181181310165735,0.181833291895007,0.180863608522098,0.180801087469627,0.183575963112521,0.183379593765924,0.185735147221842,0.182358807005182,0.183590414519412,0.186265777325212,0.18634405436802,0.186580972310885,0.187354811872884,0.188626561030549,0.188322232320759,0.188468210866395,0.18850109412082,0.188382507253408,0.187958113892969,0.188285676023418,0.188417840985916,0.186717544124771,0.188347968112045,0.185993375765129,0.186443105621002,0.185577748344529,0.184159459100518,0.180304723967803,0.166852866436733,0.169632135581482,0.171414351541948,0.253005946949268,0.260010014842398,0.26328870659677,0.26328870659677,0.268060323828933,0.250318642204968,0.236195929171636,0.239981590308963,0.240000134573614,0.240613895056411,0.390270621701728,0.346200066161718,0.221564551780523,0.313110240178037,0.31305806743671,0.323715598138005,0.326238997405458,0.325676100907917,0.325917288679469,0.326271895787441,0.33246188768055,0.326262740459942,0.326774088948477,0.328883079847129,0.326366949622502,0.328002505092728,0.328002505092728,0.32810392176533,0.328142202159843,0.328096185288114,0.329161935970814,0.326776531726561,0.328798641815729,0.326898006681498,0.326898006681498,0.330550808981741,0.330550808981741,0.327234656129957,0.327234656129957,0.320779078896557,0.313118831455515,0.314483013035915,0.313935616478651,0.313856766653422,0.313845789265264,0.313629985407948,0.31365819417508,0.303797324126514,0.303944545010351,0.303964813988747,0.305072956091128,0.305697561628208,0.305718193123131,0.310759853550504,0.324073468511293,0.325915513908562,0.3101747359886,0.740164393476114,0.509010527454704,0.507212562271871,0.500768352746318,0.4800837056052,0.48008378300668,0.472444473296833,0.472505120768912,0.48739272418737,0.493936401282051,0.496263453442569,0.488310944452007,0.493553766349755,0.495749112923693,0.466697769529328,0.488917689002561,0.488796614877741,0.49398635899033,0.477695211281084,0.479909879131306,0.480571527829352,0.475074805662435
"MN102395.1",0.331125698966191,0.331059759702056,0.327249412568653,0.321957839166755,0.320101609424943,0.336681773299023,0.33932016395018,0.33933899913714,0.363825658585733,0.344747232915451,0.346545108752486,0.3465896091259,0.343205840331612,0.345701647061276,0.34077846317768,0.332314212439416,0.401402841741158,0.398436526830177,0.410003738468532,0.391523086649214,0.376434269322959,0.385432078673528,0.385480327785006,0.381873608745682,0.350623306775237,0.350035185783551,0.349490345267485,0.36077959213232,0.360847485991734,0.360756980432811,0.334599384377021,0.353666873066216,0.351491055008943,0.411682860432775,0.411165575316699,0.37943310098562,0.383142354760345,0.38740769261263,0.389535085175393,0.394939283982157,0.394842302236544,0.408938682449057,0.411957429893884,0.41266040288065,0.390265891794516,0.388638622025086,0.38407746427737,0.378193020131512,0.382151662363139,0.351502331779372,0.351554056472526,0.398803355671957,0.384422879077774,0.355269070348371,0.541531979674884,0.0051293255613369,0,0.0100408321885227,0.0101738668780971,0.111675304697621,0.110603293184443,0.109245907605961,0.11013318002598,0.110876902368208,0.110627061934269,0.110608025170798,0.11058910526951,0.11025735329286,0.109969749869929,0.106106797289668,0.129680803945718,0.131175717700905,0.132020689466595,0.132335725046515,0.113356393000718,0.115731713400831,0.116136880121846,0.117857736353156,0.113981158287685,0.121155866848229,0.121091870392782,0.132979977697453,0.132785177817135,0.132823503723374,0.133204059899699,0.174309143814839,0.179072852259007,0.180290143883461,0.170090418601989,0.170090418601989,0.170840111798755,0.172352898929295,0.172352901309555,0.172315046121319,0.172333967728939,0.171059646212387,0.171273558321901,0.171115276281947,0.172657566482058,0.171139889278591,0.171158587830001,0.169693094294117,0.172389728182281,0.172389728182281,0.172485797298775,0.172000619472233,0.171962373878275,0.171943215176645,0.16994165149526,0.175563101873864,0.178053710616675,0.178263502065267,0.181078406188854,0.181730387918127,0.180760704545218,0.180698183492746,0.18347305913564,0.183276689789044,0.185632243244961,0.182255903028301,0.183487510542532,0.186162873348332,0.18624115039114,0.186478068334005,0.187251907896004,0.188523657053669,0.188219328343879,0.188365306889514,0.18839819014394,0.188279603276527,0.187855209916088,0.188182772046537,0.188314937009035,0.186614640147891,0.188245064135164,0.185890471788248,0.186340201644121,0.185474844367649,0.184056555123638,0.180201819990922,0.166749962459852,0.169529231604601,0.171311447565068,0.252903042972387,0.259907110865517,0.26318580261989,0.26318580261989,0.267957419852052,0.250215738228088,0.236093025194756,0.239878686332082,0.239897230596734,0.240510991079531,0.390167717724848,0.346097162184838,0.221461647803642,0.313007336201156,0.312955163459829,0.323612694161125,0.326136093428577,0.325573196931037,0.325814384702589,0.326168991810561,0.332358983703669,0.326159836483062,0.326671184971597,0.328780175870249,0.326264045645622,0.327899601115847,0.327899601115847,0.32800101778845,0.328039298182962,0.327993281311234,0.329059031993933,0.326673627749681,0.328695737838849,0.326795102704617,0.326795102704617,0.33044790500486,0.33044790500486,0.327131752153076,0.327131752153076,0.320676174919677,0.313015927478634,0.314380109059035,0.313832712501771,0.313753862676542,0.313742885288384,0.313527081431068,0.313555290198199,0.303694420149633,0.30384164103347,0.303861910011866,0.304970052114247,0.305594657651328,0.30561528914625,0.310656949573624,0.323970564534412,0.325812609931681,0.310071832011719,0.740061489499233,0.508907623477824,0.50710965829499,0.500665448769438,0.479980801628319,0.479980879029799,0.472341569319953,0.472402216792032,0.487289820210489,0.493833497305171,0.496160549465689,0.488208040475127,0.493450862372874,0.495646208946813,0.466594865552448,0.488814785025681,0.48869371090086,0.49388345501345,0.477592307304204,0.479806975154426,0.480468623852472,0.474971901685555
"OR837777.1",0.329897901589273,0.329831962325137,0.326021615191735,0.320730041789836,0.318873812048025,0.335453975922105,0.338092366573261,0.338111201760222,0.362597861208815,0.343519435538533,0.345317311375568,0.345361811748981,0.341978042954693,0.344473849684358,0.339550665800761,0.331086415062497,0.40017504436424,0.397208729453258,0.408775941091613,0.390295289272295,0.37520647194604,0.384204281296609,0.384252530408088,0.380645811368764,0.349395509398318,0.348807388406633,0.348262547890567,0.359551794755402,0.359619688614816,0.359529183055892,0.333371587000102,0.352439075689297,0.350263257632025,0.410455063055857,0.409937777939781,0.378205303608701,0.381914557383426,0.386179895235712,0.388307287798475,0.393711486605238,0.393614504859625,0.407710885072139,0.410729632516965,0.411432605503732,0.389038094417598,0.387410824648167,0.382849666900452,0.376965222754593,0.38092386498622,0.350274534402454,0.350326259095607,0.397575558295038,0.383195081700855,0.354041272971453,0.540304182297966,0.0101437361654032,0.0100408321885227,0,0.000370375186016347,0.110447507320703,0.109375495807525,0.108018110229042,0.108905382649062,0.109649104991289,0.109399264557351,0.10938022779388,0.109361307892592,0.109029555915941,0.10874195249301,0.104878999912749,0.128453006568799,0.129947920323987,0.130792892089676,0.131107927669597,0.1121285956238,0.114503916023913,0.114909082744928,0.116629938976237,0.112753360910767,0.11992806947131,0.119864073015863,0.131752180320535,0.131557380440217,0.131595706346455,0.131976262522781,0.173081346437921,0.177845054882089,0.179062346506542,0.168862621225071,0.168862621225071,0.169612314421836,0.171125101552376,0.171125103932637,0.171087248744401,0.17110617035202,0.169831848835469,0.170045760944983,0.169887478905028,0.17142976910514,0.169912091901673,0.169930790453083,0.168465296917198,0.171161930805362,0.171161930805362,0.171257999921856,0.170772822095315,0.170734576501357,0.170715417799727,0.168713854118341,0.174335304496945,0.176825913239756,0.177035704688349,0.179850608811936,0.180502590541208,0.179532907168299,0.179470386115828,0.182245261758722,0.182048892412126,0.184404445868043,0.181028105651383,0.182259713165613,0.184935075971414,0.185013353014221,0.185250270957086,0.186024110519085,0.187295859676751,0.18699153096696,0.187137509512596,0.187170392767021,0.187051805899609,0.18662741253917,0.186954974669619,0.187087139632117,0.185386842770972,0.187017266758246,0.18466267441133,0.185112404267203,0.18424704699073,0.18282875774672,0.178974022614004,0.165522165082934,0.168301434227683,0.170083650188149,0.251675245595469,0.258679313488599,0.261958005242972,0.261958005242972,0.266729622475134,0.248987940851169,0.234865227817837,0.238650888955164,0.238669433219815,0.239283193702612,0.38893992034793,0.344869364807919,0.220233850426724,0.311779538824238,0.311727366082911,0.322384896784206,0.324908296051659,0.324345399554119,0.32458658732567,0.324941194433643,0.331131186326751,0.324932039106144,0.325443387594679,0.32755237849333,0.325036248268703,0.326671803738929,0.326671803738929,0.326773220411532,0.326811500806044,0.326765483934315,0.327831234617015,0.325445830372762,0.32746794046193,0.325567305327699,0.325567305327699,0.329220107627942,0.329220107627942,0.325903954776158,0.325903954776158,0.319448377542759,0.311788130101716,0.313152311682116,0.312604915124852,0.312526065299623,0.312515087911465,0.31229928405415,0.312327492821281,0.302466622772715,0.302613843656552,0.302634112634948,0.303742254737329,0.304366860274409,0.304387491769332,0.309429152196705,0.322742767157494,0.324584812554763,0.308844034634801,0.738833692122315,0.507679826100905,0.505881860918072,0.49943765139252,0.478753004251401,0.478753081652881,0.471113771943034,0.471174419415113,0.486062022833571,0.492605699928252,0.494932752088771,0.486980243098209,0.492223064995956,0.494418411569894,0.46536706817553,0.487586987648762,0.487465913523942,0.492655657636531,0.476364509927286,0.478579177777507,0.479240826475554,0.473744104308636
"OR837779.1",0.330030936278847,0.329964997014712,0.326154649881309,0.320863076479411,0.319006846737599,0.335587010611679,0.338225401262836,0.338244236449796,0.362730895898389,0.343652470228107,0.345450346065142,0.345494846438556,0.342111077644268,0.344606884373932,0.339683700490336,0.331219449752071,0.400308079053814,0.397341764142833,0.408908975781188,0.39042832396187,0.375339506635615,0.384337315986184,0.384385565097662,0.380778846058338,0.349528544087893,0.348940423096207,0.348395582580141,0.359684829444976,0.35975272330439,0.359662217745467,0.333504621689677,0.352572110378872,0.350396292321599,0.410588097745431,0.410070812629355,0.378338338298275,0.382047592073,0.386312929925286,0.388440322488049,0.393844521294813,0.393747539549199,0.407843919761713,0.410862667206539,0.411565640193306,0.389171129107172,0.387543859337742,0.382982701590026,0.377098257444168,0.381056899675795,0.350407569092028,0.350459293785182,0.397708592984613,0.38332811639043,0.354174307661027,0.54043721698754,0.0102767708549776,0.0101738668780971,0.000370375186016347,0,0.110580542010277,0.109508530497099,0.108151144918617,0.109038417338636,0.109782139680864,0.109532299246925,0.109513262483454,0.109494342582166,0.109162590605516,0.108874987182585,0.105012034602324,0.128586041258374,0.130080955013561,0.130925926779251,0.131240962359171,0.112261630313374,0.114636950713487,0.115042117434502,0.116762973665812,0.112886395600341,0.120061104160885,0.119997107705438,0.131885215010109,0.131690415129791,0.13172874103603,0.132109297212355,0.173214381127495,0.177978089571663,0.179195381196117,0.168995655914645,0.168995655914645,0.169745349111411,0.171258136241951,0.171258138622211,0.171220283433975,0.171239205041595,0.169964883525043,0.170178795634557,0.170020513594603,0.171562803794714,0.170045126591247,0.170063825142657,0.168598331606773,0.171294965494937,0.171294965494937,0.171391034611431,0.170905856784889,0.170867611190931,0.170848452489301,0.168846888807916,0.17446833918652,0.176958947929331,0.177168739377923,0.17998364350151,0.180635625230783,0.179665941857874,0.179603420805402,0.182378296448296,0.1821819271017,0.184537480557617,0.181161140340957,0.182392747855188,0.185068110660988,0.185146387703796,0.185383305646661,0.18615714520866,0.187428894366325,0.187124565656535,0.18727054420217,0.187303427456596,0.187184840589183,0.186760447228744,0.187088009359193,0.187220174321691,0.185519877460547,0.18715030144782,0.184795709100904,0.185245438956777,0.184380081680305,0.182961792436294,0.179107057303579,0.165655199772508,0.168434468917257,0.170216684877724,0.251808280285043,0.258812348178173,0.262091039932546,0.262091039932546,0.266862657164708,0.249120975540744,0.234998262507412,0.238783923644738,0.23880246790939,0.239416228392187,0.389072955037504,0.345002399497494,0.220366885116298,0.311912573513812,0.311860400772485,0.322517931473781,0.325041330741233,0.324478434243693,0.324719622015245,0.325074229123217,0.331264221016325,0.325065073795718,0.325576422284253,0.327685413182905,0.325169282958278,0.326804838428503,0.326804838428503,0.326906255101106,0.326944535495618,0.32689851862389,0.32796426930659,0.325578865062337,0.327600975151505,0.325700340017273,0.325700340017273,0.329353142317516,0.329353142317516,0.326036989465733,0.326036989465733,0.319581412232333,0.31192116479129,0.313285346371691,0.312737949814427,0.312659099989198,0.31264812260104,0.312432318743724,0.312460527510855,0.302599657462289,0.302746878346126,0.302767147324522,0.303875289426903,0.304499894963984,0.304520526458906,0.30956218688628,0.322875801847068,0.324717847244337,0.308977069324375,0.73896672681189,0.50781286079048,0.506014895607646,0.499570686082094,0.478886038940975,0.478886116342455,0.471246806632609,0.471307454104688,0.486195057523145,0.492738734617827,0.495065786778345,0.487113277787783,0.49235609968553,0.494551446259469,0.465500102865104,0.487720022338337,0.487598948213516,0.492788692326106,0.47649754461686,0.478712212467082,0.479373861165128,0.473877138998211
"AB455793.2",0.35658678131632,0.356520842052184,0.352710494918781,0.347418921516883,0.345562691775071,0.362142855649152,0.364781246300308,0.364800081487269,0.389286740935861,0.37020831526558,0.372006191102614,0.372050691476028,0.36866692268174,0.371162729411405,0.366239545527808,0.357775294789544,0.426863924091286,0.423897609180305,0.43546482081866,0.416984168999342,0.401895351673087,0.410893161023656,0.410941410135134,0.40733469109581,0.376084389125365,0.37549626813368,0.374951427617614,0.386240674482448,0.386308568341863,0.386218062782939,0.360060466727149,0.379127955416344,0.376952137359072,0.437143942782904,0.436626657666828,0.404894183335748,0.408603437110473,0.412868774962759,0.414996167525521,0.420400366332285,0.420303384586672,0.434399764799186,0.437418512244012,0.438121485230778,0.415726974144645,0.414099704375214,0.409538546627499,0.40365410248164,0.407612744713267,0.3769634141295,0.377015138822654,0.424264438022085,0.409883961427902,0.3807301526985,0.566993062025012,0.111778208674502,0.111675304697621,0.110447507320703,0.110580542010277,0,0.0166680707191861,0.0184089867670931,0.0192962591871126,0.0200399815293399,0.0197901410954013,0.0197711043319307,0.0197521844306424,0.0340094381557754,0.0337218347328444,0.0534521378741255,0.101475810201036,0.102970723956224,0.103815695721913,0.104130731301834,0.0851513992560366,0.0875267196561499,0.0879318863771651,0.0896527426084744,0.0857761645430035,0.0929508731035472,0.0928868766481002,0.124236753930305,0.124041954049987,0.124080279956226,0.124460836132551,0.199770226164967,0.204533934609135,0.205751226233589,0.195551500952117,0.195551500952117,0.196301194148883,0.197813981279423,0.197813983659683,0.197776128471448,0.197795050079067,0.196520728562515,0.19673464067203,0.196576358632075,0.198118648832186,0.19660097162872,0.196619670180129,0.195154176644245,0.197850810532409,0.197850810532409,0.197946879648903,0.197461701822361,0.197423456228403,0.197404297526773,0.195402733845388,0.201024184223992,0.203514792966803,0.203724584415395,0.206539488538983,0.207191470268255,0.206221786895346,0.206159265842875,0.208934141485769,0.208737772139172,0.21109332559509,0.20771698537843,0.20894859289266,0.21162395569846,0.211702232741268,0.211939150684133,0.212712990246132,0.213984739403797,0.213680410694007,0.213826389239643,0.213859272494068,0.213740685626656,0.213316292266217,0.213643854396665,0.213776019359164,0.212075722498019,0.213706146485293,0.211351554138376,0.21180128399425,0.210935926717777,0.209517637473766,0.205662902341051,0.19221104480998,0.19499031395473,0.196772529915196,0.278364125322516,0.285368193215646,0.288646884970018,0.288646884970018,0.293418502202181,0.275676820578216,0.261554107544884,0.26533976868221,0.265358312946862,0.265972073429659,0.415628800074976,0.371558244534966,0.24692273015377,0.338468418551284,0.338416245809957,0.349073776511253,0.351597175778706,0.351034279281165,0.351275467052717,0.351630074160689,0.357820066053798,0.35162091883319,0.352132267321725,0.354241258220377,0.35172512799575,0.353360683465976,0.353360683465976,0.353462100138578,0.353500380533091,0.353454363661362,0.354520114344062,0.352134710099809,0.354156820188977,0.352256185054745,0.352256185054745,0.355908987354989,0.355908987354989,0.352592834503205,0.352592834503205,0.346137257269805,0.338477009828763,0.339841191409163,0.339293794851899,0.33921494502667,0.339203967638512,0.338988163781196,0.339016372548328,0.329155502499762,0.329302723383599,0.329322992361994,0.330431134464375,0.331055740001456,0.331076371496379,0.336118031923752,0.34943164688454,0.35127369228181,0.335532914361848,0.765522571849362,0.534368705827952,0.532570740645119,0.526126531119566,0.505441883978448,0.505441961379927,0.497802651670081,0.49786329914216,0.512750902560618,0.519294579655299,0.521621631815817,0.513669122825255,0.518911944723003,0.521107291296941,0.492055947902576,0.514275867375809,0.514154793250989,0.519344537363578,0.503053389654332,0.505268057504554,0.5059297062026,0.500432984035683
"NC_006554.1",0.355514769803141,0.355448830539006,0.351638483405603,0.346346910003704,0.344490680261893,0.361070844135973,0.36370923478713,0.36372806997409,0.388214729422683,0.369136303752401,0.370934179589436,0.370978679962849,0.367594911168561,0.370090717898226,0.36516753401463,0.356703283276365,0.425791912578108,0.422825597667126,0.434392809305482,0.415912157486163,0.400823340159909,0.409821149510478,0.409869398621956,0.406262679582632,0.375012377612187,0.374424256620501,0.373879416104435,0.38516866296927,0.385236556828684,0.385146051269761,0.358988455213971,0.378055943903165,0.375880125845893,0.436071931269725,0.435554646153649,0.403822171822569,0.407531425597294,0.41179676344958,0.413924156012343,0.419328354819107,0.419231373073494,0.433327753286007,0.436346500730833,0.4370494737176,0.414654962631466,0.413027692862036,0.40846653511432,0.402582090968462,0.406540733200089,0.375891402616322,0.375943127309476,0.423192426508907,0.408811949914724,0.379658141185321,0.565921050511834,0.110706197161324,0.110603293184443,0.109375495807525,0.109508530497099,0.0166680707191861,0,0.0173369752539147,0.0182242476739341,0.0189679700161614,0.0187181295822228,0.0186990928187522,0.0186801729174639,0.032937426642597,0.032649823219666,0.052380126360947,0.100403798687858,0.101898712443046,0.102743684208735,0.103058719788655,0.0840793877428581,0.0864547081429714,0.0868598748639866,0.088580731095296,0.084704153029825,0.0918788615903687,0.0918148651349217,0.123164742417127,0.122969942536809,0.123008268443047,0.123388824619373,0.198698214651789,0.203461923095957,0.20467921472041,0.194479489438939,0.194479489438939,0.195229182635705,0.196741969766244,0.196741972146505,0.196704116958269,0.196723038565889,0.195448717049337,0.195662629158851,0.195504347118896,0.197046637319008,0.195528960115541,0.195547658666951,0.194082165131067,0.19677879901923,0.19677879901923,0.196874868135725,0.196389690309183,0.196351444715225,0.196332286013595,0.19433072233221,0.199952172710814,0.202442781453624,0.202652572902217,0.205467477025804,0.206119458755077,0.205149775382168,0.205087254329696,0.20786212997259,0.207665760625994,0.210021314081911,0.206644973865251,0.207876581379482,0.210551944185282,0.210630221228089,0.210867139170954,0.211640978732954,0.212912727890619,0.212608399180828,0.212754377726464,0.212787260980889,0.212668674113477,0.212244280753038,0.212571842883487,0.212704007845985,0.211003710984841,0.212634134972114,0.210279542625198,0.210729272481071,0.209863915204599,0.208445625960588,0.204590890827872,0.191139033296802,0.193918302441551,0.195700518402017,0.277292113809337,0.284296181702467,0.28757487345684,0.28757487345684,0.292346490689002,0.274604809065037,0.260482096031706,0.264267757169032,0.264286301433683,0.264900061916481,0.414556788561798,0.370486233021788,0.245850718640592,0.337396407038106,0.337344234296779,0.348001764998075,0.350525164265527,0.349962267767987,0.350203455539539,0.350558062647511,0.356748054540619,0.350548907320012,0.351060255808547,0.353169246707199,0.350653116482572,0.352288671952797,0.352288671952797,0.3523900886254,0.352428369019912,0.352382352148184,0.353448102830883,0.351062698586631,0.353084808675799,0.351184173541567,0.351184173541567,0.35483697584181,0.35483697584181,0.351520822990026,0.351520822990026,0.345065245756627,0.337404998315584,0.338769179895985,0.338221783338721,0.338142933513492,0.338131956125333,0.337916152268018,0.337944361035149,0.328083490986583,0.32823071187042,0.328250980848816,0.329359122951197,0.329983728488278,0.3300043599832,0.335046020410574,0.348359635371362,0.350201680768631,0.334460902848669,0.764450560336183,0.533296694314774,0.53149872913194,0.525054519606388,0.504369872465269,0.504369949866749,0.496730640156902,0.496791287628982,0.511678891047439,0.518222568142121,0.520549620302639,0.512597111312077,0.517839933209824,0.520035279783763,0.490983936389398,0.513203855862631,0.51308278173781,0.5182725258504,0.501981378141154,0.504196045991375,0.504857694689422,0.499360972522505
"AB630068.3",0.354157384224659,0.354091444960524,0.350281097827121,0.344989524425222,0.343133294683411,0.359713458557491,0.362351849208648,0.362370684395608,0.386857343844201,0.367778918173919,0.369576794010954,0.369621294384367,0.366237525590079,0.368733332319744,0.363810148436147,0.355345897697883,0.424434526999626,0.421468212088644,0.433035423726999,0.414554771907681,0.399465954581427,0.408463763931995,0.408512013043474,0.40490529400415,0.373654992033704,0.373066871042019,0.372522030525953,0.383811277390788,0.383879171250202,0.383788665691278,0.357631069635489,0.376698558324683,0.374522740267411,0.434714545691243,0.434197260575167,0.402464786244087,0.406174040018812,0.410439377871098,0.412566770433861,0.417970969240624,0.417873987495011,0.431970367707525,0.434989115152351,0.435692088139118,0.413297577052984,0.411670307283554,0.407109149535838,0.40122470538998,0.405183347621606,0.37453401703784,0.374585741730993,0.421835040930424,0.407454564336241,0.378300755606839,0.564563664933352,0.109348811582841,0.109245907605961,0.108018110229042,0.108151144918617,0.0184089867670931,0.0173369752539147,0,0.00309488633986439,0.00480282068233476,0.00455298024839615,0.00453394348492553,0.00451502358363726,0.0315800410641148,0.0312924376411838,0.0510227407824648,0.0990464131093758,0.100541326864563,0.101386298630253,0.101701334210173,0.082722002164376,0.0850973225644893,0.0855024892855044,0.0872233455168138,0.0833467674513429,0.0905214760118865,0.0904574795564395,0.121807356838645,0.121612556958327,0.121650882864565,0.12203143904089,0.197340829073307,0.202104537517475,0.203321829141928,0.193122103860457,0.193122103860457,0.193871797057222,0.195384584187762,0.195384586568023,0.195346731379787,0.195365652987407,0.194091331470855,0.194305243580369,0.194146961540414,0.195689251740526,0.194171574537059,0.194190273088469,0.192724779552584,0.195421413440748,0.195421413440748,0.195517482557242,0.195032304730701,0.194994059136743,0.194974900435113,0.192973336753727,0.198594787132332,0.201085395875142,0.201295187323735,0.204110091447322,0.204762073176595,0.203792389803685,0.203729868751214,0.206504744394108,0.206308375047512,0.208663928503429,0.205287588286769,0.206519195801,0.2091945586068,0.209272835649607,0.209509753592472,0.210283593154472,0.211555342312137,0.211251013602346,0.211396992147982,0.211429875402407,0.211311288534995,0.210886895174556,0.211214457305005,0.211346622267503,0.209646325406359,0.211276749393632,0.208922157046716,0.209371886902589,0.208506529626116,0.207088240382106,0.20323350524939,0.18978164771832,0.192560916863069,0.194343132823535,0.275934728230855,0.282938796123985,0.286217487878358,0.286217487878358,0.29098910511052,0.273247423486555,0.259124710453224,0.26291037159055,0.262928915855201,0.263542676337998,0.413199402983316,0.369128847443305,0.24449333306211,0.336039021459624,0.335986848718297,0.346644379419592,0.349167778687045,0.348604882189505,0.348846069961057,0.349200677069029,0.355390668962137,0.34919152174153,0.349702870230065,0.351811861128716,0.349295730904089,0.350931286374315,0.350931286374315,0.351032703046918,0.35107098344143,0.351024966569702,0.352090717252401,0.349705313008149,0.351727423097317,0.349826787963085,0.349826787963085,0.353479590263328,0.353479590263328,0.350163437411544,0.350163437411544,0.343707860178145,0.336047612737102,0.337411794317503,0.336864397760239,0.33678554793501,0.336774570546851,0.336558766689536,0.336586975456667,0.326726105408101,0.326873326291938,0.326893595270334,0.328001737372715,0.328626342909795,0.328646974404718,0.333688634832091,0.34700224979288,0.348844295190149,0.333103517270187,0.763093174757701,0.531939308736291,0.530141343553458,0.523697134027906,0.503012486886787,0.503012564288267,0.49537325457842,0.4954339020505,0.510321505468957,0.516865182563638,0.519192234724157,0.511239725733595,0.516482547631342,0.518677894205281,0.489626550810916,0.511846470284148,0.511725396159328,0.516915140271917,0.500623992562672,0.502838660412893,0.50350030911094,0.498003586944022
"LC715150.1",0.355044656644678,0.354978717380543,0.35116837024714,0.345876796845242,0.34402056710343,0.36060073097751,0.363239121628667,0.363257956815627,0.38774461626422,0.368666190593939,0.370464066430973,0.370508566804387,0.367124798010099,0.369620604739763,0.364697420856167,0.356233170117903,0.425321799419645,0.422355484508664,0.433922696147019,0.415442044327701,0.400353227001446,0.409351036352015,0.409399285463493,0.405792566424169,0.374542264453724,0.373954143462039,0.373409302945972,0.384698549810807,0.384766443670222,0.384675938111298,0.358518342055508,0.377585830744703,0.37541001268743,0.435601818111262,0.435084532995186,0.403352058664107,0.407061312438832,0.411326650291118,0.41345404285388,0.418858241660644,0.418761259915031,0.432857640127544,0.435876387572371,0.436579360559137,0.414184849473003,0.412557579703573,0.407996421955857,0.402111977809999,0.406070620041626,0.375421289457859,0.375473014151013,0.422722313350444,0.408341836756261,0.379188028026858,0.565450937353371,0.110236084002861,0.11013318002598,0.108905382649062,0.109038417338636,0.0192962591871126,0.0182242476739341,0.00309488633986439,0,0.0056900931023542,0.00544025266841559,0.00542121590494497,0.0054022960036567,0.0324673134841342,0.0321797100612032,0.0519100132024843,0.0999336855293953,0.101428599284583,0.102273571050272,0.102588606630193,0.0836092745843954,0.0859845949845087,0.0863897617055239,0.0881106179368332,0.0842340398713623,0.091408748431906,0.091344751976459,0.122694629258664,0.122499829378346,0.122538155284584,0.12291871146091,0.198228101493326,0.202991809937494,0.204209101561948,0.194009376280476,0.194009376280476,0.194759069477242,0.196271856607782,0.196271858988042,0.196234003799806,0.196252925407426,0.194978603890874,0.195192516000389,0.195034233960434,0.196576524160545,0.195058846957078,0.195077545508488,0.193612051972604,0.196308685860768,0.196308685860768,0.196404754977262,0.19591957715072,0.195881331556762,0.195862172855132,0.193860609173747,0.199482059552351,0.201972668295162,0.202182459743754,0.204997363867341,0.205649345596614,0.204679662223705,0.204617141171234,0.207392016814127,0.207195647467531,0.209551200923448,0.206174860706789,0.207406468221019,0.210081831026819,0.210160108069627,0.210397026012492,0.211170865574491,0.212442614732156,0.212138286022366,0.212284264568002,0.212317147822427,0.212198560955014,0.211774167594575,0.212101729725024,0.212233894687523,0.210533597826378,0.212164021813652,0.209809429466735,0.210259159322608,0.209393802046136,0.207975512802125,0.20412077766941,0.190668920138339,0.193448189283088,0.195230405243555,0.276822000650874,0.283826068544004,0.287104760298377,0.287104760298377,0.29187637753054,0.274134695906575,0.260011982873243,0.263797644010569,0.263816188275221,0.264429948758018,0.414086675403335,0.370016119863325,0.245380605482129,0.336926293879643,0.336874121138316,0.347531651839612,0.350055051107064,0.349492154609524,0.349733342381076,0.350087949489048,0.356277941382157,0.350078794161549,0.350590142650084,0.352699133548736,0.350183003324109,0.351818558794334,0.351818558794334,0.351919975466937,0.351958255861449,0.351912238989721,0.352977989672421,0.350592585428168,0.352614695517336,0.350714060383104,0.350714060383104,0.354366862683348,0.354366862683348,0.351050709831564,0.351050709831564,0.344595132598164,0.336934885157122,0.338299066737522,0.337751670180258,0.337672820355029,0.337661842966871,0.337446039109555,0.337474247876687,0.32761337782812,0.327760598711958,0.327780867690353,0.328889009792734,0.329513615329815,0.329534246824738,0.334575907252111,0.347889522212899,0.349731567610169,0.333990789690206,0.763980447177721,0.532826581156311,0.531028615973478,0.524584406447925,0.503899759306806,0.503899836708286,0.49626052699844,0.496321174470519,0.511208777888976,0.517752454983658,0.520079507144176,0.512126998153614,0.517369820051361,0.5195651666253,0.490513823230935,0.512733742704168,0.512612668579348,0.517802412691937,0.501511264982691,0.503725932832913,0.504387581530959,0.498890859364042
"MF944258.1",0.355788378986906,0.35572243972277,0.351912092589367,0.346620519187469,0.344764289445657,0.361344453319738,0.363982843970894,0.364001679157855,0.388488338606448,0.369409912936166,0.371207788773201,0.371252289146614,0.367868520352326,0.370364327081991,0.365441143198394,0.35697689246013,0.426065521761873,0.423099206850891,0.434666418489246,0.416185766669928,0.401096949343673,0.410094758694242,0.41014300780572,0.406536288766396,0.375285986795951,0.374697865804266,0.3741530252882,0.385442272153035,0.385510166012449,0.385419660453525,0.359262064397735,0.37832955308693,0.376153735029658,0.43634554045349,0.435828255337414,0.404095781006334,0.407805034781059,0.412070372633345,0.414197765196108,0.419601964002871,0.419504982257258,0.433601362469772,0.436620109914598,0.437323082901365,0.414928571815231,0.4133013020458,0.408740144298085,0.402855700152226,0.406814342383853,0.376165011800086,0.37621673649324,0.423466035692671,0.409085559098488,0.379931750369086,0.566194659695599,0.110979806345088,0.110876902368208,0.109649104991289,0.109782139680864,0.0200399815293399,0.0189679700161614,0.00480282068233476,0.0056900931023542,0,0.00351819870360832,0.0034991619401377,0.00348024203884943,0.0332110358263615,0.0329234324034305,0.0526537355447116,0.100677407871623,0.10217232162681,0.1030172933925,0.10333232897242,0.0843529969266227,0.086728317326736,0.0871334840477512,0.0888543402790605,0.0849777622135896,0.0921524707741333,0.0920884743186863,0.123438351600891,0.123243551720573,0.123281877626812,0.123662433803137,0.198971823835554,0.203735532279721,0.204952823904175,0.194753098622703,0.194753098622703,0.195502791819469,0.197015578950009,0.197015581330269,0.196977726142034,0.196996647749653,0.195722326233101,0.195936238342616,0.195777956302661,0.197320246502773,0.195802569299306,0.195821267850716,0.194355774314831,0.197052408202995,0.197052408202995,0.197148477319489,0.196663299492948,0.196625053898989,0.196605895197359,0.194604331515974,0.200225781894578,0.202716390637389,0.202926182085982,0.205741086209569,0.206393067938841,0.205423384565932,0.205360863513461,0.208135739156355,0.207939369809758,0.210294923265676,0.206918583049016,0.208150190563246,0.210825553369047,0.210903830411854,0.211140748354719,0.211914587916718,0.213186337074384,0.212882008364593,0.213027986910229,0.213060870164654,0.212942283297242,0.212517889936803,0.212845452067252,0.21297761702975,0.211277320168605,0.212907744155879,0.210553151808963,0.211002881664836,0.210137524388363,0.208719235144352,0.204864500011637,0.191412642480567,0.194191911625316,0.195974127585782,0.277565722993102,0.284569790886232,0.287848482640604,0.287848482640604,0.292620099872767,0.274878418248802,0.26075570521547,0.264541366352797,0.264559910617448,0.265173671100245,0.414830397745562,0.370759842205552,0.246124327824357,0.33767001622187,0.337617843480544,0.348275374181839,0.350798773449292,0.350235876951751,0.350477064723303,0.350831671831275,0.357021663724384,0.350822516503776,0.351333864992311,0.353442855890963,0.350926725666336,0.352562281136562,0.352562281136562,0.352663697809164,0.352701978203677,0.352655961331948,0.353721712014648,0.351336307770395,0.353358417859563,0.351457782725332,0.351457782725332,0.355110585025575,0.355110585025575,0.351794432173791,0.351794432173791,0.345338854940391,0.337678607499349,0.339042789079749,0.338495392522485,0.338416542697256,0.338405565309098,0.338189761451782,0.338217970218914,0.328357100170348,0.328504321054185,0.328524590032581,0.329632732134962,0.330257337672042,0.330277969166965,0.335319629594338,0.348633244555127,0.350475289952396,0.334734512032434,0.764724169519948,0.533570303498538,0.531772338315705,0.525328128790153,0.504643481649034,0.504643559050514,0.497004249340667,0.497064896812746,0.511952500231204,0.518496177325885,0.520823229486403,0.512870720495841,0.518113542393589,0.520308888967527,0.491257545573162,0.513477465046395,0.513356390921575,0.518546135034164,0.502254987324918,0.50446965517514,0.505131303873186,0.499634581706269
"MG515473.1",0.355538538552967,0.355472599288832,0.351662252155429,0.34637067875353,0.344514449011719,0.361094612885799,0.363733003536956,0.363751838723916,0.388238498172509,0.369160072502227,0.370957948339262,0.371002448712675,0.367618679918387,0.370114486648052,0.365191302764455,0.356727052026191,0.425815681327934,0.422849366416952,0.434416578055308,0.415935926235989,0.400847108909735,0.409844918260303,0.409893167371782,0.406286448332458,0.375036146362012,0.374448025370327,0.373903184854261,0.385192431719096,0.38526032557851,0.385169820019586,0.359012223963797,0.378079712652991,0.375903894595719,0.436095700019551,0.435578414903475,0.403845940572395,0.40755519434712,0.411820532199406,0.413947924762169,0.419352123568933,0.419255141823319,0.433351522035833,0.436370269480659,0.437073242467426,0.414678731381292,0.413051461611862,0.408490303864146,0.402605859718288,0.406564501949915,0.375915171366148,0.375966896059302,0.423216195258733,0.40883571866455,0.379681909935147,0.56594481926166,0.110729965911149,0.110627061934269,0.109399264557351,0.109532299246925,0.0197901410954013,0.0187181295822228,0.00455298024839615,0.00544025266841559,0.00351819870360832,0,5.80513822832313e-05,3.91314809949588e-05,0.0329611953924229,0.0326735919694919,0.052403895110773,0.100427567437684,0.101922481192871,0.102767452958561,0.103082488538481,0.0841031564926841,0.0864784768927974,0.0868836436138126,0.0886044998451219,0.084727921779651,0.0919026303401947,0.0918386338847477,0.123188511166953,0.122993711286635,0.123032037192873,0.123412593369199,0.198721983401615,0.203485691845783,0.204702983470236,0.194503258188765,0.194503258188765,0.195252951385531,0.19676573851607,0.196765740896331,0.196727885708095,0.196746807315715,0.195472485799163,0.195686397908677,0.195528115868722,0.197070406068834,0.195552728865367,0.195571427416777,0.194105933880893,0.196802567769056,0.196802567769056,0.196898636885551,0.196413459059009,0.196375213465051,0.196356054763421,0.194354491082036,0.19997594146064,0.20246655020345,0.202676341652043,0.20549124577563,0.206143227504903,0.205173544131994,0.205111023079522,0.207885898722416,0.20768952937582,0.210045082831737,0.206668742615077,0.207900350129308,0.210575712935108,0.210653989977915,0.21089090792078,0.21166474748278,0.212936496640445,0.212632167930654,0.21277814647629,0.212811029730715,0.212692442863303,0.212268049502864,0.212595611633313,0.212727776595811,0.211027479734667,0.21265790372194,0.210303311375024,0.210753041230897,0.209887683954425,0.208469394710414,0.204614659577698,0.191162802046628,0.193942071191377,0.195724287151843,0.277315882559163,0.284319950452293,0.287598642206666,0.287598642206666,0.292370259438828,0.274628577814863,0.260505864781532,0.264291525918858,0.264310070183509,0.264923830666307,0.414580557311624,0.370510001771614,0.245874487390418,0.337420175787932,0.337368003046605,0.3480255337479,0.350548933015353,0.349986036517813,0.350227224289365,0.350581831397337,0.356771823290445,0.350572676069838,0.351084024558373,0.353193015457024,0.350676885232397,0.352312440702623,0.352312440702623,0.352413857375226,0.352452137769738,0.35240612089801,0.353471871580709,0.351086467336457,0.353108577425625,0.351207942291393,0.351207942291393,0.354860744591636,0.354860744591636,0.351544591739852,0.351544591739852,0.345089014506453,0.33742876706541,0.338792948645811,0.338245552088547,0.338166702263318,0.338155724875159,0.337939921017844,0.337968129784975,0.328107259736409,0.328254480620246,0.328274749598642,0.329382891701023,0.330007497238104,0.330028128733026,0.335069789160399,0.348383404121188,0.350225449518457,0.334484671598495,0.764474329086009,0.533320463064599,0.531522497881766,0.525078288356214,0.504393641215095,0.504393718616575,0.496754408906728,0.496815056378808,0.511702659797265,0.518246336891947,0.520573389052465,0.512620880061903,0.51786370195965,0.520059048533589,0.491007705139224,0.513227624612456,0.513106550487636,0.518296294600225,0.50200514689098,0.504219814741201,0.504881463439248,0.49938474127233
"MG515474.1",0.355519501789496,0.355453562525361,0.351643215391958,0.34635164199006,0.344495412248248,0.361075576122328,0.363713966773485,0.363732801960445,0.388219461409038,0.369141035738757,0.370938911575791,0.370983411949205,0.367599643154917,0.370095449884581,0.365172266000985,0.356708015262721,0.425796644564463,0.422830329653482,0.434397541291837,0.415916889472519,0.400828072146264,0.409825881496833,0.409874130608311,0.406267411568987,0.375017109598542,0.374428988606857,0.37388414809079,0.385173394955625,0.38524128881504,0.385150783256116,0.358993187200326,0.378060675889521,0.375884857832249,0.43607666325608,0.435559378140004,0.403826903808925,0.40753615758365,0.411801495435936,0.413928887998698,0.419333086805462,0.419236105059849,0.433332485272363,0.436351232717189,0.437054205703955,0.414659694617821,0.413032424848391,0.408471267100676,0.402586822954817,0.406545465186444,0.375896134602677,0.375947859295831,0.423197158495262,0.408816681901079,0.379662873171677,0.565925782498189,0.110710929147679,0.110608025170798,0.10938022779388,0.109513262483454,0.0197711043319307,0.0186990928187522,0.00453394348492553,0.00542121590494497,0.0034991619401377,5.80513822832313e-05,0,1.95073094063065e-05,0.0329421586289523,0.0326545552060213,0.0523848583473023,0.100408530674213,0.101903444429401,0.10274841619509,0.103063451775011,0.0840841197292135,0.0864594401293268,0.086864606850342,0.0885854630816513,0.0847088850161804,0.091883593576724,0.0918195971212771,0.123169474403482,0.122974674523164,0.123013000429402,0.123393556605728,0.198702946638144,0.203466655082312,0.204683946706766,0.194484221425294,0.194484221425294,0.19523391462206,0.1967467017526,0.19674670413286,0.196708848944625,0.196727770552244,0.195453449035692,0.195667361145207,0.195509079105252,0.197051369305363,0.195533692101896,0.195552390653306,0.194086897117422,0.196783531005586,0.196783531005586,0.19687960012208,0.196394422295538,0.19635617670158,0.19633701799995,0.194335454318565,0.199956904697169,0.20244751343998,0.202657304888572,0.205472209012159,0.206124190741432,0.205154507368523,0.205091986316052,0.207866861958945,0.207670492612349,0.210026046068266,0.206649705851607,0.207881313365837,0.210556676171637,0.210634953214445,0.21087187115731,0.211645710719309,0.212917459876974,0.212613131167184,0.21275910971282,0.212791992967245,0.212673406099832,0.212249012739393,0.212576574869842,0.212708739832341,0.211008442971196,0.21263886695847,0.210284274611553,0.210734004467426,0.209868647190954,0.208450357946943,0.204595622814228,0.191143765283157,0.193923034427906,0.195705250388373,0.277296845795693,0.284300913688822,0.287579605443195,0.287579605443195,0.292351222675358,0.274609541051393,0.260486828018061,0.264272489155387,0.264291033420039,0.264904793902836,0.414561520548153,0.370490965008143,0.245855450626947,0.337401139024461,0.337348966283134,0.34800649698443,0.350529896251882,0.349966999754342,0.350208187525894,0.350562794633866,0.356752786526975,0.350553639306367,0.351064987794902,0.353173978693554,0.350657848468927,0.352293403939152,0.352293403939152,0.352394820611755,0.352433101006268,0.352387084134539,0.353452834817239,0.351067430572986,0.353089540662154,0.351188905527922,0.351188905527922,0.354841707828166,0.354841707828166,0.351525554976382,0.351525554976382,0.345069977742982,0.33740973030194,0.33877391188234,0.338226515325076,0.338147665499847,0.338136688111689,0.337920884254373,0.337949093021505,0.328088222972938,0.328235443856776,0.328255712835171,0.329363854937552,0.329988460474633,0.330009091969556,0.335050752396929,0.348364367357717,0.350206412754987,0.334465634835025,0.764455292322539,0.533301426301129,0.531503461118296,0.525059251592743,0.504374604451625,0.504374681853104,0.496735372143258,0.496796019615337,0.511683623033794,0.518227300128476,0.520554352288994,0.512601843298432,0.51784466519618,0.520040011770118,0.490988668375753,0.513208587848986,0.513087513724166,0.518277257836755,0.501986110127509,0.504200777977731,0.504862426675777,0.49936570450886
"MG515475.1",0.355500581888208,0.355434642624073,0.35162429549067,0.346332722088771,0.34447649234696,0.36105665622104,0.363695046872197,0.363713882059157,0.38820054150775,0.369122115837468,0.370919991674503,0.370964492047916,0.367580723253628,0.370076529983293,0.365153346099697,0.356689095361432,0.425777724663175,0.422811409752193,0.434378621390549,0.41589796957123,0.400809152244976,0.409806961595545,0.409855210707023,0.406248491667699,0.374998189697254,0.374410068705568,0.373865228189502,0.385154475054337,0.385222368913751,0.385131863354828,0.358974267299038,0.378041755988233,0.37586593793096,0.436057743354792,0.435540458238716,0.403807983907637,0.407517237682362,0.411782575534647,0.41390996809741,0.419314166904174,0.419217185158561,0.433313565371074,0.436332312815901,0.437035285802667,0.414640774716533,0.413013504947103,0.408452347199387,0.402567903053529,0.406526545285156,0.375877214701389,0.375928939394543,0.423178238593974,0.408797761999791,0.379643953270388,0.565906862596901,0.110692009246391,0.11058910526951,0.109361307892592,0.109494342582166,0.0197521844306424,0.0186801729174639,0.00451502358363726,0.0054022960036567,0.00348024203884943,3.91314809949588e-05,1.95073094063065e-05,0,0.032923238727664,0.032635635304733,0.0523659384460141,0.100389610772925,0.101884524528113,0.102729496293802,0.103044531873722,0.0840651998279252,0.0864405202280385,0.0868456869490537,0.088566543180363,0.0846899651148921,0.0918646736754358,0.0918006772199888,0.123150554502194,0.122955754621876,0.122994080528114,0.12337463670444,0.198684026736856,0.203447735181024,0.204665026805477,0.194465301524006,0.194465301524006,0.195214994720772,0.196727781851311,0.196727784231572,0.196689929043336,0.196708850650956,0.195434529134404,0.195648441243918,0.195490159203964,0.197032449404075,0.195514772200608,0.195533470752018,0.194067977216134,0.196764611104297,0.196764611104297,0.196860680220792,0.19637550239425,0.196337256800292,0.196318098098662,0.194316534417277,0.199937984795881,0.202428593538692,0.202638384987284,0.205453289110871,0.206105270840144,0.205135587467235,0.205073066414763,0.207847942057657,0.207651572711061,0.210007126166978,0.206630785950318,0.207862393464549,0.210537756270349,0.210616033313156,0.210852951256021,0.211626790818021,0.212898539975686,0.212594211265895,0.212740189811531,0.212773073065956,0.212654486198544,0.212230092838105,0.212557654968554,0.212689819931052,0.210989523069908,0.212619947057181,0.210265354710265,0.210715084566138,0.209849727289666,0.208431438045655,0.204576702912939,0.191124845381869,0.193904114526618,0.195686330487085,0.277277925894404,0.284281993787534,0.287560685541907,0.287560685541907,0.292332302774069,0.274590621150104,0.260467908116773,0.264253569254099,0.26427211351875,0.264885874001548,0.414542600646865,0.370472045106855,0.245836530725659,0.337382219123173,0.337330046381846,0.347987577083142,0.350510976350594,0.349948079853054,0.350189267624606,0.350543874732578,0.356733866625686,0.350534719405079,0.351046067893614,0.353155058792266,0.350638928567639,0.352274484037864,0.352274484037864,0.352375900710467,0.352414181104979,0.352368164233251,0.35343391491595,0.351048510671698,0.353070620760866,0.351169985626634,0.351169985626634,0.354822787926877,0.354822787926877,0.351506635075093,0.351506635075093,0.345051057841694,0.337390810400651,0.338754991981052,0.338207595423788,0.338128745598559,0.3381177682104,0.337901964353085,0.337930173120216,0.32806930307165,0.328216523955487,0.328236792933883,0.329344935036264,0.329969540573345,0.329990172068267,0.335031832495641,0.348345447456429,0.350187492853698,0.334446714933736,0.76443637242125,0.533282506399841,0.531484541217007,0.525040331691455,0.504355684550336,0.504355761951816,0.49671645224197,0.496777099714049,0.511664703132506,0.518208380227188,0.520535432387706,0.512582923397144,0.517825745294891,0.52002109186883,0.490969748474465,0.513189667947698,0.513068593822877,0.518258337935466,0.501967190226221,0.504181858076442,0.504843506774489,0.499346784607572
"AB689846.2",0.355168829911558,0.355102890647422,0.351292543514019,0.346000970112121,0.344144740370309,0.36072490424439,0.363363294895546,0.363382130082507,0.3878687895311,0.368790363860818,0.370588239697852,0.370632740071266,0.367248971276978,0.369744778006643,0.364821594123046,0.356357343384782,0.425445972686525,0.422479657775543,0.434046869413898,0.41556621759458,0.400477400268325,0.409475209618894,0.409523458730372,0.405916739691048,0.374666437720603,0.374078316728918,0.373533476212852,0.384822723077686,0.384890616937101,0.384800111378177,0.358642515322387,0.377710004011582,0.37553418595431,0.435725991378142,0.435208706262066,0.403476231930986,0.407185485705711,0.411450823557997,0.41357821612076,0.418982414927523,0.41888543318191,0.432981813394424,0.43600056083925,0.436703533826017,0.414309022739883,0.412681752970452,0.408120595222737,0.402236151076878,0.406194793308505,0.375545462724738,0.375597187417892,0.422846486617323,0.40846601002314,0.379312201293738,0.56557511062025,0.11036025726974,0.11025735329286,0.109029555915941,0.109162590605516,0.0340094381557754,0.032937426642597,0.0315800410641148,0.0324673134841342,0.0332110358263615,0.0329611953924229,0.0329421586289523,0.032923238727664,0,0.00252290114777751,0.0520341864693635,0.100057858796275,0.101552772551462,0.102397744317152,0.102712779897072,0.0837334478512747,0.086108768251388,0.0865139349724031,0.0882347912037125,0.0843582131382416,0.0915329216987852,0.0914689252433382,0.122818802525543,0.122624002645225,0.122662328551464,0.123042884727789,0.198352274760205,0.203115983204373,0.204333274828827,0.194133549547355,0.194133549547355,0.194883242744121,0.196396029874661,0.196396032254921,0.196358177066686,0.196377098674305,0.195102777157753,0.195316689267268,0.195158407227313,0.196700697427425,0.195183020223958,0.195201718775368,0.193736225239483,0.196432859127647,0.196432859127647,0.196528928244141,0.196043750417599,0.196005504823641,0.195986346122011,0.193984782440626,0.19960623281923,0.202096841562041,0.202306633010634,0.205121537134221,0.205773518863493,0.204803835490584,0.204741314438113,0.207516190081007,0.20731982073441,0.209675374190328,0.206299033973668,0.207530641487898,0.210206004293698,0.210284281336506,0.210521199279371,0.21129503884137,0.212566787999035,0.212262459289245,0.212408437834881,0.212441321089306,0.212322734221894,0.211898340861455,0.212225902991903,0.212358067954402,0.210657771093257,0.212288195080531,0.209933602733615,0.210383332589488,0.209517975313015,0.208099686069004,0.204244950936289,0.190793093405219,0.193572362549968,0.195354578510434,0.276946173917754,0.283950241810884,0.287228933565256,0.287228933565256,0.292000550797419,0.274258869173454,0.260136156140122,0.263921817277449,0.2639403615421,0.264554122024897,0.414210848670214,0.370140293130204,0.245504778749009,0.337050467146522,0.336998294405195,0.347655825106491,0.350179224373944,0.349616327876403,0.349857515647955,0.350212122755927,0.356402114649036,0.350202967428428,0.350714315916963,0.352823306815615,0.350307176590988,0.351942732061214,0.351942732061214,0.352044148733816,0.352082429128329,0.3520364122566,0.3531021629393,0.350716758695047,0.352738868784215,0.350838233649983,0.350838233649983,0.354491035950227,0.354491035950227,0.351174883098443,0.351174883098443,0.344719305865043,0.337059058424001,0.338423240004401,0.337875843447137,0.337796993621908,0.33778601623375,0.337570212376434,0.337598421143566,0.327737551095,0.327884771978837,0.327905040957232,0.329013183059614,0.329637788596694,0.329658420091617,0.33470008051899,0.348013695479778,0.349855740877048,0.334114962957086,0.7641046204446,0.53295075442319,0.531152789240357,0.524708579714804,0.504023932573686,0.504024009975165,0.496384700265319,0.496445347737398,0.511332951155856,0.517876628250537,0.520203680411055,0.512251171420493,0.517493993318241,0.519689339892179,0.490637996497814,0.512857915971047,0.512736841846227,0.517926585958816,0.50163543824957,0.503850106099792,0.504511754797838,0.499015032630921
"NC_010624.1",0.354881226488627,0.354815287224491,0.351004940091088,0.34571336668919,0.343857136947378,0.360437300821459,0.363075691472615,0.363094526659576,0.387581186108168,0.368502760437887,0.370300636274921,0.370345136648335,0.366961367854047,0.369457174583712,0.364533990700115,0.356069739961851,0.425158369263594,0.422192054352612,0.433759265990967,0.415278614171649,0.400189796845394,0.409187606195963,0.409235855307441,0.405629136268117,0.374378834297672,0.373790713305987,0.373245872789921,0.384535119654755,0.38460301351417,0.384512507955246,0.358354911899456,0.377422400588651,0.375246582531379,0.435438387955211,0.434921102839135,0.403188628508055,0.40689788228278,0.411163220135066,0.413290612697828,0.418694811504592,0.418597829758979,0.432694209971493,0.435712957416319,0.436415930403085,0.414021419316952,0.412394149547521,0.407832991799806,0.401948547653947,0.405907189885574,0.375257859301807,0.375309583994961,0.422558883194392,0.408178406600209,0.379024597870807,0.56528750719732,0.110072653846809,0.109969749869929,0.10874195249301,0.108874987182585,0.0337218347328444,0.032649823219666,0.0312924376411838,0.0321797100612032,0.0329234324034305,0.0326735919694919,0.0326545552060213,0.032635635304733,0.00252290114777751,0,0.0517465830464325,0.0997702553733435,0.101265169128531,0.102110140894221,0.102425176474141,0.0834458444283436,0.085821164828457,0.0862263315494721,0.0879471877807815,0.0840706097153106,0.0912453182758542,0.0911813218204072,0.122531199102612,0.122336399222294,0.122374725128533,0.122755281304858,0.198064671337274,0.202828379781442,0.204045671405896,0.193845946124424,0.193845946124424,0.19459563932119,0.19610842645173,0.19610842883199,0.196070573643755,0.196089495251374,0.194815173734822,0.195029085844337,0.194870803804382,0.196413094004494,0.194895416801027,0.194914115352437,0.193448621816552,0.196145255704716,0.196145255704716,0.19624132482121,0.195756146994668,0.19571790140071,0.19569874269908,0.193697179017695,0.199318629396299,0.20180923813911,0.202019029587703,0.20483393371129,0.205485915440562,0.204516232067653,0.204453711015182,0.207228586658076,0.207032217311479,0.209387770767397,0.206011430550737,0.207243038064967,0.209918400870767,0.209996677913575,0.21023359585644,0.211007435418439,0.212279184576104,0.211974855866314,0.21212083441195,0.212153717666375,0.212035130798963,0.211610737438524,0.211938299568972,0.212070464531471,0.210370167670326,0.2120005916576,0.209645999310684,0.210095729166557,0.209230371890084,0.207812082646073,0.203957347513358,0.190505489982288,0.193284759127037,0.195066975087503,0.276658570494823,0.283662638387953,0.286941330142325,0.286941330142325,0.291712947374488,0.273971265750523,0.259848552717191,0.263634213854518,0.263652758119169,0.264266518601966,0.413923245247283,0.369852689707273,0.245217175326078,0.336762863723591,0.336710690982264,0.34736822168356,0.349891620951013,0.349328724453472,0.349569912225024,0.349924519332996,0.356114511226105,0.349915364005497,0.350426712494032,0.352535703392684,0.350019573168057,0.351655128638283,0.351655128638283,0.351756545310885,0.351794825705398,0.351748808833669,0.352814559516369,0.350429155272116,0.352451265361284,0.350550630227052,0.350550630227052,0.354203432527296,0.354203432527296,0.350887279675512,0.350887279675512,0.344431702442112,0.33677145500107,0.33813563658147,0.337588240024206,0.337509390198977,0.337498412810819,0.337282608953503,0.337310817720635,0.327449947672069,0.327597168555906,0.327617437534301,0.328725579636682,0.329350185173763,0.329370816668686,0.334412477096059,0.347726092056847,0.349568137454117,0.333827359534155,0.763817017021669,0.532663151000259,0.530865185817426,0.524420976291873,0.503736329150755,0.503736406552234,0.496097096842388,0.496157744314467,0.511045347732925,0.517589024827606,0.519916076988124,0.511963567997562,0.51720638989531,0.519401736469248,0.490350393074883,0.512570312548116,0.512449238423296,0.517638982535885,0.501347834826639,0.503562502676861,0.504224151374907,0.49872742920799
"AY646855.2",0.351018273908366,0.35095233464423,0.347141987510828,0.341850414108929,0.339994184367118,0.356574348241198,0.359212738892355,0.359231574079315,0.383718233527908,0.364639807857626,0.366437683694661,0.366482184068074,0.363098415273786,0.365594222003451,0.360671038119854,0.35220678738159,0.421295416683333,0.418329101772351,0.429896313410706,0.411415661591388,0.396326844265134,0.405324653615702,0.405372902727181,0.401766183687857,0.370515881717411,0.369927760725726,0.36938292020966,0.380672167074495,0.380740060933909,0.380649555374985,0.354491959319195,0.37355944800839,0.371383629951118,0.43157543537495,0.431058150258874,0.399325675927794,0.403034929702519,0.407300267554805,0.409427660117568,0.414831858924331,0.414734877178718,0.428831257391232,0.431850004836058,0.432552977822825,0.410158466736691,0.408531196967261,0.403970039219545,0.398085595073687,0.402044237305313,0.371394906721547,0.3714466314147,0.418695930614131,0.404315454019948,0.375161645290546,0.561424554617059,0.106209701266548,0.106106797289668,0.104878999912749,0.105012034602324,0.0534521378741255,0.052380126360947,0.0510227407824648,0.0519100132024843,0.0526537355447116,0.052403895110773,0.0523848583473023,0.0523659384460141,0.0520341864693635,0.0517465830464325,0,0.0959073027930828,0.0974022165482703,0.0982471883139598,0.0985622238938801,0.0795828918480829,0.0819582122481962,0.0823633789692114,0.0840842352005208,0.0802076571350498,0.0873823656955935,0.0873183692401465,0.118668246522352,0.118473446642034,0.118511772548272,0.118892328724597,0.194201718757014,0.198965427201182,0.200182718825635,0.189982993544164,0.189982993544164,0.190732686740929,0.192245473871469,0.19224547625173,0.192207621063494,0.192226542671113,0.190952221154562,0.191166133264076,0.191007851224121,0.192550141424233,0.191032464220766,0.191051162772176,0.189585669236291,0.192282303124455,0.192282303124455,0.192378372240949,0.191893194414408,0.19185494882045,0.19183579011882,0.189834226437434,0.195455676816039,0.197946285558849,0.198156077007442,0.200970981131029,0.201622962860301,0.200653279487392,0.200590758434921,0.203365634077815,0.203169264731219,0.205524818187136,0.202148477970476,0.203380085484706,0.206055448290507,0.206133725333314,0.206370643276179,0.207144482838179,0.208416231995844,0.208111903286053,0.208257881831689,0.208290765086114,0.208172178218702,0.207747784858263,0.208075346988712,0.20820751195121,0.206507215090065,0.208137639077339,0.205783046730423,0.206232776586296,0.205367419309823,0.203949130065813,0.200094394933097,0.186642537402027,0.189421806546776,0.191204022507242,0.272795617914562,0.279799685807692,0.283078377562065,0.283078377562065,0.287849994794227,0.270108313170262,0.25598560013693,0.259771261274257,0.259789805538908,0.260403566021705,0.410060292667023,0.365989737127012,0.241354222745817,0.332899911143331,0.332847738402004,0.343505269103299,0.346028668370752,0.345465771873212,0.345706959644763,0.346061566752736,0.352251558645844,0.346052411425237,0.346563759913772,0.348672750812423,0.346156620587796,0.347792176058022,0.347792176058022,0.347893592730625,0.347931873125137,0.347885856253408,0.348951606936108,0.346566202691856,0.348588312781024,0.346687677646792,0.346687677646792,0.350340479947035,0.350340479947035,0.347024327095251,0.347024327095251,0.340568749861852,0.332908502420809,0.33427268400121,0.333725287443945,0.333646437618716,0.333635460230558,0.333419656373243,0.333447865140374,0.323586995091808,0.323734215975645,0.323754484954041,0.324862627056422,0.325487232593502,0.325507864088425,0.330549524515798,0.343863139476587,0.345705184873856,0.329964406953894,0.759954064441408,0.528800198419998,0.527002233237165,0.520558023711613,0.499873376570494,0.499873453971974,0.492234144262127,0.492294791734206,0.507182395152664,0.513726072247345,0.516053124407864,0.508100615417302,0.513343437315049,0.515538783888987,0.486487440494623,0.508707359967855,0.508586285843035,0.513776029955624,0.497484882246379,0.4996995500966,0.500361198794647,0.494864476627729
"AB522397.2",0.374592280564416,0.374526341300281,0.370715994166878,0.365424420764979,0.363568191023168,0.380148354897248,0.382786745548405,0.382805580735365,0.407292240183958,0.388213814513676,0.390011690350711,0.390056190724124,0.386672421929836,0.389168228659501,0.384245044775904,0.37578079403764,0.444869423339383,0.441903108428401,0.453470320066756,0.434989668247438,0.419900850921184,0.428898660271752,0.428946909383231,0.425340190343907,0.394089888373461,0.393501767381776,0.39295692686571,0.404246173730545,0.404314067589959,0.404223562031035,0.378065965975246,0.39713345466444,0.394957636607168,0.455149442031,0.454632156914924,0.422899682583844,0.426608936358569,0.430874274210855,0.433001666773618,0.438405865580381,0.438308883834768,0.452405264047282,0.455424011492108,0.456126984478875,0.433732473392741,0.432105203623311,0.427544045875595,0.421659601729737,0.425618243961363,0.394968913377597,0.395020638070751,0.442269937270182,0.427889460675998,0.398735651946596,0.584998561273109,0.129783707922598,0.129680803945718,0.128453006568799,0.128586041258374,0.101475810201036,0.100403798687858,0.0990464131093758,0.0999336855293953,0.100677407871623,0.100427567437684,0.100408530674213,0.100389610772925,0.100057858796275,0.0997702553733435,0.0959073027930828,0,0.0082447583520008,0.0185901941703903,0.0189052297503106,0.0269769082128653,0.0293522286129786,0.0440758101369128,0.0457966663682222,0.0419200883027512,0.077623491525887,0.07755949507044,0.142242253178402,0.142047453298084,0.142085779204322,0.142466335380648,0.217775725413064,0.222539433857232,0.223756725481685,0.213557000200214,0.213557000200214,0.214306693396979,0.215819480527519,0.21581948290778,0.215781627719544,0.215800549327164,0.214526227810612,0.214740139920126,0.214581857880171,0.216124148080283,0.214606470876816,0.214625169428226,0.213159675892341,0.215856309780505,0.215856309780505,0.215952378896999,0.215467201070458,0.2154289554765,0.21540979677487,0.213408233093484,0.219029683472089,0.221520292214899,0.221730083663492,0.224544987787079,0.225196969516352,0.224227286143442,0.224164765090971,0.226939640733865,0.226743271387269,0.229098824843186,0.225722484626526,0.226954092140757,0.229629454946557,0.229707731989364,0.229944649932229,0.230718489494229,0.231990238651894,0.231685909942103,0.231831888487739,0.231864771742164,0.231746184874752,0.231321791514313,0.231649353644762,0.23178151860726,0.230081221746116,0.231711645733389,0.229357053386473,0.229806783242346,0.228941425965873,0.227523136721863,0.223668401589147,0.210216544058077,0.212995813202826,0.214778029163292,0.296369624570612,0.303373692463742,0.306652384218115,0.306652384218115,0.311424001450277,0.293682319826312,0.279559606792981,0.283345267930307,0.283363812194958,0.283977572677756,0.433634299323073,0.389563743783062,0.264928229401867,0.356473917799381,0.356421745058054,0.367079275759349,0.369602675026802,0.369039778529262,0.369280966300813,0.369635573408786,0.375825565301894,0.369626418081287,0.370137766569822,0.372246757468473,0.369730627243846,0.371366182714072,0.371366182714072,0.371467599386675,0.371505879781187,0.371459862909458,0.372525613592158,0.370140209347906,0.372162319437074,0.370261684302842,0.370261684302842,0.373914486603085,0.373914486603085,0.370598333751301,0.370598333751301,0.364142756517902,0.356482509076859,0.35784669065726,0.357299294099995,0.357220444274766,0.357209466886608,0.356993663029293,0.357021871796424,0.347161001747858,0.347308222631695,0.347328491610091,0.348436633712472,0.349061239249552,0.349081870744475,0.354123531171848,0.367437146132637,0.369279191529906,0.353538413609944,0.783528071097458,0.552374205076048,0.550576239893215,0.544132030367663,0.523447383226544,0.523447460628024,0.515808150918177,0.515868798390256,0.530756401808714,0.537300078903395,0.539627131063914,0.531674622073352,0.536917443971099,0.539112790545037,0.510061447150673,0.532281366623905,0.532160292499085,0.537350036611674,0.521058888902429,0.52327355675265,0.523935205450697,0.518438483283779
"KX274477.1",0.376087194319604,0.376021255055468,0.372210907922065,0.366919334520167,0.365063104778355,0.381643268652435,0.384281659303592,0.384300494490552,0.408787153939145,0.389708728268864,0.391506604105898,0.391551104479312,0.388167335685024,0.390663142414688,0.385739958531092,0.377275707792828,0.44636433709457,0.443398022183589,0.454965233821944,0.436484582002626,0.421395764676371,0.43039357402694,0.430441823138418,0.426835104099094,0.395584802128649,0.394996681136964,0.394451840620897,0.405741087485732,0.405808981345147,0.405718475786223,0.379560879730433,0.398628368419628,0.396452550362355,0.456644355786187,0.456127070670111,0.424394596339032,0.428103850113757,0.432369187966043,0.434496580528805,0.439900779335569,0.439803797589956,0.45390017780247,0.456918925247296,0.457621898234062,0.435227387147928,0.433600117378498,0.429038959630782,0.423154515484924,0.427113157716551,0.396463827132784,0.396515551825938,0.443764851025369,0.429384374431186,0.400230565701784,0.586493475028296,0.131278621677786,0.131175717700905,0.129947920323987,0.130080955013561,0.102970723956224,0.101898712443046,0.100541326864563,0.101428599284583,0.10217232162681,0.101922481192871,0.101903444429401,0.101884524528113,0.101552772551462,0.101265169128531,0.0974022165482703,0.0082447583520008,0,0.0200851079255778,0.0204001435054981,0.0284718219680528,0.0308471423681661,0.0455707238921003,0.0472915801234097,0.0434150020579387,0.0791184052810745,0.0790544088256275,0.143737166933589,0.143542367053271,0.143580692959509,0.143961249135835,0.219270639168251,0.224034347612419,0.225251639236873,0.215051913955401,0.215051913955401,0.215801607152167,0.217314394282707,0.217314396662967,0.217276541474732,0.217295463082351,0.216021141565799,0.216235053675314,0.216076771635359,0.21761906183547,0.216101384632003,0.216120083183413,0.214654589647529,0.217351223535693,0.217351223535693,0.217447292652187,0.216962114825645,0.216923869231687,0.216904710530057,0.214903146848672,0.220524597227276,0.223015205970087,0.223224997418679,0.226039901542266,0.226691883271539,0.22572219989863,0.225659678846159,0.228434554489052,0.228238185142456,0.230593738598374,0.227217398381714,0.228449005895944,0.231124368701744,0.231202645744552,0.231439563687417,0.232213403249416,0.233485152407081,0.233180823697291,0.233326802242927,0.233359685497352,0.233241098629939,0.2328167052695,0.233144267399949,0.233276432362448,0.231576135501303,0.233206559488577,0.23085196714166,0.231301696997533,0.230436339721061,0.22901805047705,0.225163315344335,0.211711457813264,0.214490726958013,0.21627294291848,0.2978645383258,0.304868606218929,0.308147297973302,0.308147297973302,0.312918915205465,0.2951772335815,0.281054520548168,0.284840181685494,0.284858725950146,0.285472486432943,0.43512921307826,0.39105865753825,0.266423143157054,0.357968831554568,0.357916658813241,0.368574189514537,0.371097588781989,0.370534692284449,0.370775880056001,0.371130487163973,0.377320479057082,0.371121331836474,0.371632680325009,0.373741671223661,0.371225540999034,0.372861096469259,0.372861096469259,0.372962513141862,0.373000793536375,0.372954776664646,0.374020527347346,0.371635123103093,0.373657233192261,0.371756598058029,0.371756598058029,0.375409400358273,0.375409400358273,0.372093247506489,0.372093247506489,0.365637670273089,0.357977422832047,0.359341604412447,0.358794207855183,0.358715358029954,0.358704380641796,0.35848857678448,0.358516785551612,0.348655915503045,0.348803136386883,0.348823405365278,0.349931547467659,0.35055615300474,0.350576784499663,0.355618444927036,0.368932059887824,0.370774105285094,0.355033327365132,0.785022984852646,0.553869118831236,0.552071153648403,0.54562694412285,0.524942296981731,0.524942374383211,0.517303064673365,0.517363712145444,0.532251315563901,0.538794992658583,0.541122044819101,0.533169535828539,0.538412357726287,0.540607704300225,0.51155636090586,0.533776280379093,0.533655206254273,0.538844950366862,0.522553802657616,0.524768470507838,0.525430119205884,0.519933397038967
"OR837774.1",0.376932166085293,0.376866226821158,0.373055879687755,0.367764306285856,0.365908076544045,0.382488240418125,0.385126631069282,0.385145466256242,0.409632125704835,0.390553700034553,0.392351575871588,0.392396076245001,0.389012307450713,0.391508114180378,0.386584930296781,0.378120679558517,0.44720930886026,0.444242993949278,0.455810205587633,0.437329553768315,0.422240736442061,0.431238545792629,0.431286794904108,0.427680075864784,0.396429773894338,0.395841652902653,0.395296812386587,0.406586059251422,0.406653953110836,0.406563447551912,0.380405851496123,0.399473340185317,0.397297522128045,0.457489327551877,0.456972042435801,0.425239568104721,0.428948821879446,0.433214159731732,0.435341552294495,0.440745751101259,0.440648769355645,0.454745149568159,0.457763897012985,0.458466869999752,0.436072358913618,0.434445089144188,0.429883931396472,0.423999487250614,0.42795812948224,0.397308798898474,0.397360523591627,0.444609822791058,0.430229346196875,0.401075537467473,0.587338446793986,0.132123593443475,0.132020689466595,0.130792892089676,0.130925926779251,0.103815695721913,0.102743684208735,0.101386298630253,0.102273571050272,0.1030172933925,0.102767452958561,0.10274841619509,0.102729496293802,0.102397744317152,0.102110140894221,0.0982471883139598,0.0185901941703903,0.0200851079255778,0,0.0040359997626347,0.0293167937337423,0.0316921141338556,0.0464156956577898,0.0481365518890992,0.0442599738236283,0.079963377046764,0.079899380591317,0.144582138699279,0.144387338818961,0.144425664725199,0.144806220901525,0.220115610933941,0.224879319378109,0.226096611002562,0.215896885721091,0.215896885721091,0.216646578917857,0.218159366048396,0.218159368428657,0.218121513240421,0.218140434848041,0.216866113331489,0.217080025441003,0.216921743401048,0.21846403360116,0.216946356397693,0.216965054949103,0.215499561413219,0.218196195301382,0.218196195301382,0.218292264417876,0.217807086591335,0.217768840997377,0.217749682295747,0.215748118614361,0.221369568992966,0.223860177735776,0.224069969184369,0.226884873307956,0.227536855037229,0.226567171664319,0.226504650611848,0.229279526254742,0.229083156908146,0.231438710364063,0.228062370147403,0.229293977661634,0.231969340467434,0.232047617510241,0.232284535453106,0.233058375015106,0.234330124172771,0.23402579546298,0.234171774008616,0.234204657263041,0.234086070395629,0.23366167703519,0.233989239165639,0.234121404128137,0.232421107266993,0.234051531254266,0.23169693890735,0.232146668763223,0.23128131148675,0.22986302224274,0.226008287110024,0.212556429578954,0.215335698723703,0.217117914684169,0.298709510091489,0.305713577984619,0.308992269738992,0.308992269738992,0.313763886971154,0.296022205347189,0.281899492313858,0.285685153451184,0.285703697715835,0.286317458198633,0.43597418484395,0.391903629303939,0.267268114922744,0.358813803320258,0.358761630578931,0.369419161280226,0.371942560547679,0.371379664050139,0.371620851821691,0.371975458929663,0.378165450822771,0.371966303602164,0.372477652090699,0.37458664298935,0.372070512764723,0.373706068234949,0.373706068234949,0.373807484907552,0.373845765302064,0.373799748430336,0.374865499113035,0.372480094868783,0.374502204957951,0.372601569823719,0.372601569823719,0.376254372123962,0.376254372123962,0.372938219272178,0.372938219272178,0.366482642038779,0.358822394597736,0.360186576178137,0.359639179620873,0.359560329795644,0.359549352407485,0.35933354855017,0.359361757317301,0.349500887268735,0.349648108152572,0.349668377130968,0.350776519233349,0.351401124770429,0.351421756265352,0.356463416692725,0.369777031653514,0.371619077050783,0.355878299130821,0.785867956618335,0.554714090596925,0.552916125414092,0.54647191588854,0.525787268747421,0.525787346148901,0.518148036439054,0.518208683911134,0.533096287329591,0.539639964424272,0.541967016584791,0.534014507594229,0.539257329491976,0.541452676065915,0.51240133267155,0.534621252144782,0.534500178019962,0.539689922132551,0.523398774423306,0.525613442273527,0.526275090971574,0.520778368804656
"OR837780.1",0.377247201665213,0.377181262401078,0.373370915267675,0.368079341865777,0.366223112123965,0.382803275998045,0.385441666649202,0.385460501836162,0.409947161284755,0.390868735614473,0.392666611451508,0.392711111824922,0.389327343030634,0.391823149760298,0.386899965876702,0.378435715138437,0.44752434444018,0.444558029529198,0.456125241167554,0.437644589348236,0.422555772021981,0.43155358137255,0.431601830484028,0.427995111444704,0.396744809474259,0.396156688482573,0.395611847966507,0.406901094831342,0.406968988690756,0.406878483131833,0.380720887076043,0.399788375765238,0.397612557707965,0.457804363131797,0.457287078015721,0.425554603684642,0.429263857459367,0.433529195311652,0.435656587874415,0.441060786681179,0.440963804935566,0.455060185148079,0.458078932592906,0.458781905579672,0.436387394493538,0.434760124724108,0.430198966976392,0.424314522830534,0.428273165062161,0.397623834478394,0.397675559171548,0.444924858370979,0.430544381776796,0.401390573047393,0.587653482373906,0.132438629023396,0.132335725046515,0.131107927669597,0.131240962359171,0.104130731301834,0.103058719788655,0.101701334210173,0.102588606630193,0.10333232897242,0.103082488538481,0.103063451775011,0.103044531873722,0.102712779897072,0.102425176474141,0.0985622238938801,0.0189052297503106,0.0204001435054981,0.0040359997626347,0,0.0296318293136626,0.0320071497137759,0.0467307312377101,0.0484515874690194,0.0445750094035485,0.0802784126266843,0.0802144161712373,0.144897174279199,0.144702374398881,0.144740700305119,0.145121256481445,0.220430646513861,0.225194354958029,0.226411646582483,0.216211921301011,0.216211921301011,0.216961614497777,0.218474401628317,0.218474404008577,0.218436548820341,0.218455470427961,0.217181148911409,0.217395061020923,0.217236778980969,0.21877906918108,0.217261391977613,0.217280090529023,0.215814596993139,0.218511230881303,0.218511230881303,0.218607299997797,0.218122122171255,0.218083876577297,0.218064717875667,0.216063154194282,0.221684604572886,0.224175213315697,0.224385004764289,0.227199908887876,0.227851890617149,0.22688220724424,0.226819686191768,0.229594561834662,0.229398192488066,0.231753745943983,0.228377405727323,0.229609013241554,0.232284376047354,0.232362653090162,0.232599571033027,0.233373410595026,0.234645159752691,0.234340831042901,0.234486809588536,0.234519692842962,0.234401105975549,0.23397671261511,0.234304274745559,0.234436439708057,0.232736142846913,0.234366566834186,0.23201197448727,0.232461704343143,0.231596347066671,0.23017805782266,0.226323322689945,0.212871465158874,0.215650734303623,0.21743295026409,0.299024545671409,0.306028613564539,0.309307305318912,0.309307305318912,0.314078922551075,0.29633724092711,0.282214527893778,0.286000189031104,0.286018733295756,0.286632493778553,0.43628922042387,0.39221866488386,0.267583150502664,0.359128838900178,0.359076666158851,0.369734196860147,0.372257596127599,0.371694699630059,0.371935887401611,0.372290494509583,0.378480486402691,0.372281339182084,0.372792687670619,0.374901678569271,0.372385548344644,0.374021103814869,0.374021103814869,0.374122520487472,0.374160800881984,0.374114784010256,0.375180534692955,0.372795130448703,0.374817240537871,0.372916605403639,0.372916605403639,0.376569407703882,0.376569407703882,0.373253254852099,0.373253254852099,0.366797677618699,0.359137430177656,0.360501611758057,0.359954215200793,0.359875365375564,0.359864387987406,0.35964858413009,0.359676792897221,0.349815922848655,0.349963143732492,0.349983412710888,0.351091554813269,0.35171616035035,0.351736791845272,0.356778452272646,0.370092067233434,0.371934112630703,0.356193334710741,0.786182992198255,0.555029126176846,0.553231160994012,0.54678695146846,0.526102304327341,0.526102381728821,0.518463072018975,0.518523719491054,0.533411322909511,0.539955000004193,0.542282052164711,0.534329543174149,0.539572365071896,0.541767711645835,0.51271636825147,0.534936287724703,0.534815213599882,0.540004957712472,0.523713810003226,0.525928477853448,0.526590126551494,0.521093404384577
"KP067444.1",0.358267869619416,0.358201930355281,0.354391583221878,0.349100009819979,0.347243780078168,0.363823943952248,0.366462334603405,0.366481169790365,0.390967829238958,0.371889403568676,0.373687279405711,0.373731779779125,0.370348010984836,0.372843817714501,0.367920633830905,0.35945638309264,0.428545012394383,0.425578697483401,0.437145909121757,0.418665257302438,0.403576439976184,0.412574249326752,0.412622498438231,0.409015779398907,0.377765477428462,0.377177356436776,0.37663251592071,0.387921762785545,0.387989656644959,0.387899151086035,0.361741555030246,0.38080904371944,0.378633225662168,0.438825031086,0.438307745969924,0.406575271638844,0.410284525413569,0.414549863265855,0.416677255828618,0.422081454635382,0.421984472889768,0.436080853102282,0.439099600547108,0.439802573533875,0.417408062447741,0.415780792678311,0.411219634930595,0.405335190784737,0.409293833016364,0.378644502432597,0.378696227125751,0.425945526325182,0.411565049730999,0.382411241001596,0.568674150328109,0.113459296977598,0.113356393000718,0.1121285956238,0.112261630313374,0.0851513992560366,0.0840793877428581,0.082722002164376,0.0836092745843954,0.0843529969266227,0.0841031564926841,0.0840841197292135,0.0840651998279252,0.0837334478512747,0.0834458444283436,0.0795828918480829,0.0269769082128653,0.0284718219680528,0.0293167937337423,0.0296318293136626,0,0.00770948728572665,0.027751399191913,0.0294722554232223,0.0255956773577514,0.0612990805808871,0.0612350841254401,0.125917842233402,0.125723042353084,0.125761368259322,0.126141924435648,0.201451314468064,0.206215022912232,0.207432314536685,0.197232589255214,0.197232589255214,0.19798228245198,0.199495069582519,0.19949507196278,0.199457216774544,0.199476138382164,0.198201816865612,0.198415728975126,0.198257446935171,0.199799737135283,0.198282059931816,0.198300758483226,0.196835264947342,0.199531898835505,0.199531898835505,0.199627967952,0.199142790125458,0.1991045445315,0.19908538582987,0.197083822148484,0.202705272527089,0.205195881269899,0.205405672718492,0.208220576842079,0.208872558571352,0.207902875198442,0.207840354145971,0.210615229788865,0.210418860442269,0.212774413898186,0.209398073681526,0.210629681195757,0.213305044001557,0.213383321044364,0.213620238987229,0.214394078549229,0.215665827706894,0.215361498997103,0.215507477542739,0.215540360797164,0.215421773929752,0.214997380569313,0.215324942699762,0.21545710766226,0.213756810801116,0.215387234788389,0.213032642441473,0.213482372297346,0.212617015020874,0.211198725776863,0.207343990644147,0.193892133113077,0.196671402257826,0.198453618218292,0.280045213625612,0.287049281518742,0.290327973273115,0.290327973273115,0.295099590505277,0.277357908881312,0.263235195847981,0.267020856985307,0.267039401249958,0.267653161732756,0.417309888378073,0.373239332838062,0.248603818456867,0.340149506854381,0.340097334113054,0.350754864814349,0.353278264081802,0.352715367584262,0.352956555355814,0.353311162463786,0.359501154356894,0.353302007136287,0.353813355624822,0.355922346523473,0.353406216298846,0.355041771769072,0.355041771769072,0.355143188441675,0.355181468836187,0.355135451964459,0.356201202647158,0.353815798402906,0.355837908492074,0.353937273357842,0.353937273357842,0.357590075658085,0.357590075658085,0.354273922806301,0.354273922806301,0.347818345572902,0.340158098131859,0.34152227971226,0.340974883154996,0.340896033329767,0.340885055941608,0.340669252084293,0.340697460851424,0.330836590802858,0.330983811686695,0.331004080665091,0.332112222767472,0.332736828304553,0.332757459799475,0.337799120226848,0.351112735187637,0.352954780584906,0.337214002664944,0.767203660152458,0.536049794131048,0.534251828948215,0.527807619422663,0.507122972281544,0.507123049683024,0.499483739973177,0.499544387445257,0.514431990863714,0.520975667958396,0.523302720118914,0.515350211128352,0.520593033026099,0.522788379600038,0.493737036205673,0.515956955678906,0.515835881554085,0.521025625666674,0.504734477957429,0.50694914580765,0.507610794505697,0.50211407233878
"MZ488272.1",0.36064319001953,0.360577250755394,0.356766903621991,0.351475330220093,0.349619100478281,0.366199264352361,0.368837655003518,0.368856490190478,0.393343149639071,0.37426472396879,0.376062599805824,0.376107100179238,0.37272333138495,0.375219138114614,0.370295954231018,0.361831703492754,0.430920332794496,0.427954017883515,0.43952122952187,0.421040577702552,0.405951760376297,0.414949569726866,0.414997818838344,0.41139109979902,0.380140797828575,0.37955267683689,0.379007836320823,0.390297083185658,0.390364977045073,0.390274471486149,0.364116875430359,0.383184364119554,0.381008546062281,0.441200351486113,0.440683066370037,0.408950592038958,0.412659845813683,0.416925183665969,0.419052576228731,0.424456775035495,0.424359793289882,0.438456173502395,0.441474920947222,0.442177893933988,0.419783382847854,0.418156113078424,0.413594955330708,0.40771051118485,0.411669153416477,0.38101982283271,0.381071547525864,0.428320846725295,0.413940370131112,0.38478656140171,0.571049470728222,0.115834617377712,0.115731713400831,0.114503916023913,0.114636950713487,0.0875267196561499,0.0864547081429714,0.0850973225644893,0.0859845949845087,0.086728317326736,0.0864784768927974,0.0864594401293268,0.0864405202280385,0.086108768251388,0.085821164828457,0.0819582122481962,0.0293522286129786,0.0308471423681661,0.0316921141338556,0.0320071497137759,0.00770948728572665,0,0.0301267195920263,0.0318475758233356,0.0279709977578647,0.0636744009810004,0.0636104045255534,0.128293162633515,0.128098362753197,0.128136688659435,0.128517244835761,0.203826634868177,0.208590343312345,0.209807634936799,0.199607909655327,0.199607909655327,0.200357602852093,0.201870389982633,0.201870392362893,0.201832537174657,0.201851458782277,0.200577137265725,0.20079104937524,0.200632767335285,0.202175057535396,0.200657380331929,0.200676078883339,0.199210585347455,0.201907219235619,0.201907219235619,0.202003288352113,0.201518110525571,0.201479864931613,0.201460706229983,0.199459142548598,0.205080592927202,0.207571201670013,0.207780993118605,0.210595897242192,0.211247878971465,0.210278195598556,0.210215674546085,0.212990550188978,0.212794180842382,0.215149734298299,0.21177339408164,0.21300500159587,0.21568036440167,0.215758641444478,0.215995559387343,0.216769398949342,0.218041148107007,0.217736819397217,0.217882797942853,0.217915681197278,0.217797094329865,0.217372700969426,0.217700263099875,0.217832428062374,0.216132131201229,0.217762555188503,0.215407962841586,0.215857692697459,0.214992335420987,0.213574046176976,0.209719311044261,0.19626745351319,0.199046722657939,0.200828938618406,0.282420534025725,0.289424601918855,0.292703293673228,0.292703293673228,0.297474910905391,0.279733229281426,0.265610516248094,0.26939617738542,0.269414721650072,0.270028482132869,0.419685208778186,0.375614653238176,0.25097913885698,0.342524827254494,0.342472654513167,0.353130185214463,0.355653584481915,0.355090687984375,0.355331875755927,0.355686482863899,0.361876474757007,0.3556773275364,0.356188676024935,0.358297666923587,0.35578153669896,0.357417092169185,0.357417092169185,0.357518508841788,0.3575567892363,0.357510772364572,0.358576523047272,0.356191118803019,0.358213228892187,0.356312593757955,0.356312593757955,0.359965396058198,0.359965396058198,0.356649243206415,0.356649243206415,0.350193665973015,0.342533418531973,0.343897600112373,0.343350203555109,0.34327135372988,0.343260376341722,0.343044572484406,0.343072781251538,0.333211911202971,0.333359132086809,0.333379401065204,0.334487543167585,0.335112148704666,0.335132780199588,0.340174440626962,0.35348805558775,0.35533010098502,0.339589323065057,0.769578980552572,0.538425114531162,0.536627149348328,0.530182939822776,0.509498292681657,0.509498370083137,0.501859060373291,0.50191970784537,0.516807311263827,0.523350988358509,0.525678040519027,0.517725531528465,0.522968353426213,0.525163700000151,0.496112356605786,0.518332276079019,0.518211201954199,0.523400946066788,0.507109798357542,0.509324466207764,0.50998611490581,0.504489392738893
"AB689845.2",0.361048356740545,0.360982417476409,0.357172070343006,0.351880496941108,0.350024267199296,0.366604431073377,0.369242821724533,0.369261656911494,0.393748316360087,0.374669890689805,0.376467766526839,0.376512266900253,0.373128498105965,0.37562430483563,0.370701120952033,0.362236870213769,0.431325499515512,0.42835918460453,0.439926396242885,0.421445744423567,0.406356927097312,0.415354736447881,0.415402985559359,0.411796266520035,0.38054596454959,0.379957843557905,0.379413003041839,0.390702249906673,0.390770143766088,0.390679638207164,0.364522042151374,0.383589530840569,0.381413712783297,0.441605518207129,0.441088233091052,0.409355758759973,0.413065012534698,0.417330350386984,0.419457742949747,0.42486194175651,0.424764960010897,0.438861340223411,0.441880087668237,0.442583060655004,0.42018854956887,0.418561279799439,0.414000122051724,0.408115677905865,0.412074320137492,0.381424989553725,0.381476714246879,0.42872601344631,0.414345536852127,0.385191728122725,0.571454637449237,0.116239784098727,0.116136880121846,0.114909082744928,0.115042117434502,0.0879318863771651,0.0868598748639866,0.0855024892855044,0.0863897617055239,0.0871334840477512,0.0868836436138126,0.086864606850342,0.0868456869490537,0.0865139349724031,0.0862263315494721,0.0823633789692114,0.0440758101369128,0.0455707238921003,0.0464156956577898,0.0467307312377101,0.027751399191913,0.0301267195920263,0,0.00507560889134469,0.00682637039887792,0.0640795677020156,0.0640155712465686,0.12869832935453,0.128503529474212,0.128541855380451,0.128922411556776,0.204231801589192,0.20899551003336,0.210212801657814,0.200013076376342,0.200013076376342,0.200762769573108,0.202275556703648,0.202275559083908,0.202237703895673,0.202256625503292,0.20098230398674,0.201196216096255,0.2010379340563,0.202580224256411,0.201062547052945,0.201081245604354,0.19961575206847,0.202312385956634,0.202312385956634,0.202408455073128,0.201923277246586,0.201885031652628,0.201865872950998,0.199864309269613,0.205485759648217,0.207976368391028,0.20818615983962,0.211001063963208,0.21165304569248,0.210683362319571,0.2106208412671,0.213395716909994,0.213199347563397,0.215554901019315,0.212178560802655,0.213410168316885,0.216085531122685,0.216163808165493,0.216400726108358,0.217174565670357,0.218446314828022,0.218141986118232,0.218287964663868,0.218320847918293,0.218202261050881,0.217777867690442,0.21810542982089,0.218237594783389,0.216537297922244,0.218167721909518,0.215813129562601,0.216262859418475,0.215397502142002,0.213979212897991,0.210124477765276,0.196672620234206,0.199451889378954,0.201234105339421,0.282825700746741,0.289829768639871,0.293108460394243,0.293108460394243,0.297880077626406,0.280138396002441,0.266015682969109,0.269801344106435,0.269819888371087,0.270433648853884,0.420090375499201,0.376019819959191,0.251384305577995,0.342929993975509,0.342877821234182,0.353535351935478,0.356058751202931,0.35549585470539,0.355737042476942,0.356091649584914,0.362281641478023,0.356082494257415,0.35659384274595,0.358702833644602,0.356186703419975,0.357822258890201,0.357822258890201,0.357923675562803,0.357961955957316,0.357915939085587,0.358981689768287,0.356596285524034,0.358618395613202,0.35671776047897,0.35671776047897,0.360370562779214,0.360370562779214,0.35705440992743,0.35705440992743,0.35059883269403,0.342938585252988,0.344302766833388,0.343755370276124,0.343676520450895,0.343665543062737,0.343449739205421,0.343477947972553,0.333617077923987,0.333764298807824,0.33378456778622,0.334892709888601,0.335517315425681,0.335537946920604,0.340579607347977,0.353893222308766,0.355735267706035,0.339994489786073,0.769984147273587,0.538830281252177,0.537032316069344,0.530588106543791,0.509903459402673,0.509903536804152,0.502264227094306,0.502324874566385,0.517212477984843,0.523756155079524,0.526083207240042,0.51813069824948,0.523373520147228,0.525568866721166,0.496517523326801,0.518737442800034,0.518616368675214,0.523806112787803,0.507514965078557,0.509729632928779,0.510391281626825,0.504894559459908
"LC504404.1",0.362769212971854,0.362703273707719,0.358892926574316,0.353601353172417,0.351745123430606,0.368325287304686,0.370963677955843,0.370982513142803,0.395469172591396,0.376390746921114,0.378188622758149,0.378233123131562,0.374849354337274,0.377345161066939,0.372421977183342,0.363957726445078,0.433046355746821,0.430080040835839,0.441647252474195,0.423166600654876,0.408077783328622,0.41707559267919,0.417123841790669,0.413517122751345,0.382266820780899,0.381678699789214,0.381133859273148,0.392423106137983,0.392490999997397,0.392400494438473,0.366242898382684,0.385310387071878,0.383134569014606,0.443326374438438,0.442809089322362,0.411076614991282,0.414785868766007,0.419051206618293,0.421178599181056,0.426582797987819,0.426485816242206,0.44058219645472,0.443600943899546,0.444303916886313,0.421909405800179,0.420282136030749,0.415720978283033,0.409836534137175,0.413795176368801,0.383145845785035,0.383197570478189,0.43044686967762,0.416066393083436,0.386912584354034,0.573175493680547,0.117960640330036,0.117857736353156,0.116629938976237,0.116762973665812,0.0896527426084744,0.088580731095296,0.0872233455168138,0.0881106179368332,0.0888543402790605,0.0886044998451219,0.0885854630816513,0.088566543180363,0.0882347912037125,0.0879471877807815,0.0840842352005208,0.0457966663682222,0.0472915801234097,0.0481365518890992,0.0484515874690194,0.0294722554232223,0.0318475758233356,0.00507560889134469,0,0.00854722663018727,0.0658004239333249,0.065736427477878,0.13041918558584,0.130224385705522,0.13026271161176,0.130643267788085,0.205952657820502,0.21071636626467,0.211933657889123,0.201733932607652,0.201733932607652,0.202483625804417,0.203996412934957,0.203996415315218,0.203958560126982,0.203977481734602,0.20270316021805,0.202917072327564,0.202758790287609,0.204301080487721,0.202783403284254,0.202802101835664,0.201336608299779,0.204033242187943,0.204033242187943,0.204129311304437,0.203644133477896,0.203605887883938,0.203586729182308,0.201585165500922,0.207206615879527,0.209697224622337,0.20990701607093,0.212721920194517,0.21337390192379,0.21240421855088,0.212341697498409,0.215116573141303,0.214920203794707,0.217275757250624,0.213899417033964,0.215131024548195,0.217806387353995,0.217884664396802,0.218121582339667,0.218895421901667,0.220167171059332,0.219862842349541,0.220008820895177,0.220041704149602,0.21992311728219,0.219498723921751,0.2198262860522,0.219958451014698,0.218258154153553,0.219888578140827,0.217533985793911,0.217983715649784,0.217118358373311,0.215700069129301,0.211845333996585,0.198393476465515,0.201172745610264,0.20295496157073,0.28454655697805,0.29155062487118,0.294829316625553,0.294829316625553,0.299600933857715,0.28185925223375,0.267736539200419,0.271522200337745,0.271540744602396,0.272154505085193,0.421811231730511,0.3777406761905,0.253105161809305,0.344650850206819,0.344598677465492,0.355256208166787,0.35777960743424,0.3572167109367,0.357457898708251,0.357812505816224,0.364002497709332,0.357803350488725,0.35831469897726,0.360423689875911,0.357907559651284,0.35954311512151,0.35954311512151,0.359644531794113,0.359682812188625,0.359636795316896,0.360702545999596,0.358317141755344,0.360339251844512,0.35843861671028,0.35843861671028,0.362091419010523,0.362091419010523,0.358775266158739,0.358775266158739,0.35231968892534,0.344659441484297,0.346023623064698,0.345476226507433,0.345397376682204,0.345386399294046,0.345170595436731,0.345198804203862,0.335337934155296,0.335485155039133,0.335505424017529,0.33661356611991,0.33723817165699,0.337258803151913,0.342300463579286,0.355614078540075,0.357456123937344,0.341715346017382,0.771705003504896,0.540551137483486,0.538753172300653,0.532308962775101,0.511624315633982,0.511624393035462,0.503985083325615,0.504045730797694,0.518933334216152,0.525477011310833,0.527804063471352,0.51985155448079,0.525094376378537,0.527289722952475,0.498238379558111,0.520458299031343,0.520337224906523,0.525526969019112,0.509235821309867,0.511450489160088,0.512112137858135,0.506615415691217
"AY237419.2",0.358892634906383,0.358826695642248,0.355016348508845,0.349724775106946,0.347868545365135,0.364448709239215,0.367087099890372,0.367105935077332,0.391592594525925,0.372514168855643,0.374312044692678,0.374356545066091,0.370972776271803,0.373468583001468,0.368545399117871,0.360081148379607,0.42916977768135,0.426203462770368,0.437770674408724,0.419290022589405,0.404201205263151,0.413199014613719,0.413247263725198,0.409640544685874,0.378390242715428,0.377802121723743,0.377257281207677,0.388546528072512,0.388614421931926,0.388523916373002,0.362366320317213,0.381433809006407,0.379257990949135,0.439449796372967,0.438932511256891,0.407200036925811,0.410909290700536,0.415174628552822,0.417302021115585,0.422706219922349,0.422609238176735,0.436705618389249,0.439724365834075,0.440427338820842,0.418032827734708,0.416405557965278,0.411844400217562,0.405959956071704,0.409918598303331,0.379269267719564,0.379320992412718,0.426570291612149,0.412189815017965,0.383036006288563,0.569298915615076,0.114084062264565,0.113981158287685,0.112753360910767,0.112886395600341,0.0857761645430035,0.084704153029825,0.0833467674513429,0.0842340398713623,0.0849777622135896,0.084727921779651,0.0847088850161804,0.0846899651148921,0.0843582131382416,0.0840706097153106,0.0802076571350498,0.0419200883027512,0.0434150020579387,0.0442599738236283,0.0445750094035485,0.0255956773577514,0.0279709977578647,0.00682637039887792,0.00854722663018727,0,0.061923845867854,0.061859849412407,0.126542607520369,0.126347807640051,0.126386133546289,0.126766689722615,0.202076079755031,0.206839788199199,0.208057079823652,0.197857354542181,0.197857354542181,0.198607047738946,0.200119834869486,0.200119837249747,0.200081982061511,0.200100903669131,0.198826582152579,0.199040494262093,0.198882212222138,0.20042450242225,0.198906825218783,0.198925523770193,0.197460030234309,0.200156664122472,0.200156664122472,0.200252733238966,0.199767555412425,0.199729309818467,0.199710151116837,0.197708587435451,0.203330037814056,0.205820646556866,0.206030438005459,0.208845342129046,0.209497323858319,0.208527640485409,0.208465119432938,0.211239995075832,0.211043625729236,0.213399179185153,0.210022838968493,0.211254446482724,0.213929809288524,0.214008086331331,0.214245004274196,0.215018843836196,0.216290592993861,0.21598626428407,0.216132242829706,0.216165126084131,0.216046539216719,0.21562214585628,0.215949707986729,0.216081872949227,0.214381576088083,0.216012000075356,0.21365740772844,0.214107137584313,0.21324178030784,0.21182349106383,0.207968755931114,0.194516898400044,0.197296167544793,0.199078383505259,0.280669978912579,0.287674046805709,0.290952738560082,0.290952738560082,0.295724355792244,0.277982674168279,0.263859961134948,0.267645622272274,0.267664166536925,0.268277927019723,0.41793465366504,0.373864098125029,0.249228583743834,0.340774272141348,0.340722099400021,0.351379630101316,0.353903029368769,0.353340132871229,0.353581320642781,0.353935927750753,0.360125919643861,0.353926772423254,0.354438120911789,0.35654711181044,0.354030981585813,0.355666537056039,0.355666537056039,0.355767953728642,0.355806234123154,0.355760217251426,0.356825967934125,0.354440563689873,0.356462673779041,0.354562038644809,0.354562038644809,0.358214840945052,0.358214840945052,0.354898688093268,0.354898688093268,0.348443110859869,0.340782863418826,0.342147044999227,0.341599648441963,0.341520798616734,0.341509821228575,0.34129401737126,0.341322226138391,0.331461356089825,0.331608576973662,0.331628845952058,0.332736988054439,0.33336159359152,0.333382225086442,0.338423885513815,0.351737500474604,0.353579545871873,0.337838767951911,0.767828425439425,0.536674559418015,0.534876594235182,0.52843238470963,0.507747737568511,0.507747814969991,0.500108505260144,0.500169152732224,0.515056756150681,0.521600433245363,0.523927485405881,0.515974976415319,0.521217798313066,0.523413144887005,0.49436180149264,0.516581720965872,0.516460646841052,0.521650390953641,0.505359243244396,0.507573911094617,0.508235559792664,0.502738837625746
"LC190463.1",0.366067343466927,0.366001404202791,0.362191057069388,0.35689948366749,0.355043253925678,0.371623417799759,0.374261808450915,0.374280643637876,0.398767303086469,0.379688877416187,0.381486753253222,0.381531253626635,0.378147484832347,0.380643291562012,0.375720107678415,0.367255856940151,0.436344486241894,0.433378171330912,0.444945382969267,0.426464731149949,0.411375913823694,0.420373723174263,0.420421972285741,0.416815253246417,0.385564951275972,0.384976830284287,0.384431989768221,0.395721236633055,0.39578913049247,0.395698624933546,0.369541028877756,0.388608517566951,0.386432699509679,0.446624504933511,0.446107219817435,0.414374745486355,0.41808399926108,0.422349337113366,0.424476729676129,0.429880928482892,0.429783946737279,0.443880326949793,0.446899074394619,0.447602047381386,0.425207536295252,0.423580266525821,0.419019108778106,0.413134664632247,0.417093306863874,0.386443976280107,0.386495700973261,0.433745000172692,0.419364523578509,0.390210714849107,0.57647362417562,0.121258770825109,0.121155866848229,0.11992806947131,0.120061104160885,0.0929508731035472,0.0918788615903687,0.0905214760118865,0.091408748431906,0.0921524707741333,0.0919026303401947,0.091883593576724,0.0918646736754358,0.0915329216987852,0.0912453182758542,0.0873823656955935,0.077623491525887,0.0791184052810745,0.079963377046764,0.0802784126266843,0.0612990805808871,0.0636744009810004,0.0640795677020156,0.0658004239333249,0.061923845867854,0,0.010715100353287,0.133717316080912,0.133522516200594,0.133560842106833,0.133941398283158,0.209250788315574,0.214014496759742,0.215231788384196,0.205032063102724,0.205032063102724,0.20578175629949,0.20729454343003,0.20729454581029,0.207256690622055,0.207275612229674,0.206001290713122,0.206215202822637,0.206056920782682,0.207599210982794,0.206081533779327,0.206100232330737,0.204634738794852,0.207331372683016,0.207331372683016,0.20742744179951,0.206942263972968,0.20690401837901,0.20688485967738,0.204883295995995,0.210504746374599,0.21299535511741,0.213205146566003,0.21602005068959,0.216672032418862,0.215702349045953,0.215639827993482,0.218414703636376,0.218218334289779,0.220573887745697,0.217197547529037,0.218429155043267,0.221104517849067,0.221182794891875,0.22141971283474,0.222193552396739,0.223465301554404,0.223160972844614,0.22330695139025,0.223339834644675,0.223221247777263,0.222796854416824,0.223124416547273,0.223256581509771,0.221556284648626,0.2231867086359,0.220832116288984,0.221281846144857,0.220416488868384,0.218998199624373,0.215143464491658,0.201691606960588,0.204470876105337,0.206253092065803,0.287844687473123,0.294848755366253,0.298127447120625,0.298127447120625,0.302899064352788,0.285157382728823,0.271034669695491,0.274820330832818,0.274838875097469,0.275452635580266,0.425109362225583,0.381038806685573,0.256403292304378,0.347948980701891,0.347896807960564,0.35855433866186,0.361077737929313,0.360514841431772,0.360756029203324,0.361110636311296,0.367300628204405,0.361101480983797,0.361612829472332,0.363721820370984,0.361205690146357,0.362841245616583,0.362841245616583,0.362942662289185,0.362980942683698,0.362934925811969,0.364000676494669,0.361615272250416,0.363637382339584,0.361736747205353,0.361736747205353,0.365389549505596,0.365389549505596,0.362073396653812,0.362073396653812,0.355617819420412,0.34795757197937,0.34932175355977,0.348774357002506,0.348695507177277,0.348684529789119,0.348468725931803,0.348496934698935,0.338636064650369,0.338783285534206,0.338803554512602,0.339911696614983,0.340536302152063,0.340556933646986,0.345598594074359,0.358912209035148,0.360754254432417,0.345013476512455,0.775003133999969,0.543849267978559,0.542051302795726,0.535607093270173,0.514922446129055,0.514922523530534,0.507283213820688,0.507343861292767,0.522231464711225,0.528775141805906,0.531102193966424,0.523149684975862,0.52839250687361,0.530587853447548,0.501536510053183,0.523756429526416,0.523635355401596,0.528825099514185,0.512533951804939,0.514748619655161,0.515410268353207,0.50991354618629
"MN102403.1",0.36600334701148,0.365937407747344,0.362127060613941,0.356835487212043,0.354979257470231,0.371559421344312,0.374197811995468,0.374216647182429,0.398703306631022,0.37962488096074,0.381422756797775,0.381467257171188,0.3780834883769,0.380579295106565,0.375656111222968,0.367191860484704,0.436280489786447,0.433314174875465,0.44488138651382,0.426400734694502,0.411311917368247,0.420309726718816,0.420357975830294,0.41675125679097,0.385500954820525,0.38491283382884,0.384367993312774,0.395657240177609,0.395725134037023,0.395634628478099,0.369477032422309,0.388544521111504,0.386368703054232,0.446560508478064,0.446043223361988,0.414310749030908,0.418020002805633,0.422285340657919,0.424412733220682,0.429816932027445,0.429719950281832,0.443816330494346,0.446835077939172,0.447538050925939,0.425143539839805,0.423516270070374,0.418955112322659,0.4130706681768,0.417029310408427,0.386379979824661,0.386431704517814,0.433681003717245,0.419300527123062,0.39014671839366,0.576409627720173,0.121194774369662,0.121091870392782,0.119864073015863,0.119997107705438,0.0928868766481002,0.0918148651349217,0.0904574795564395,0.091344751976459,0.0920884743186863,0.0918386338847477,0.0918195971212771,0.0918006772199888,0.0914689252433382,0.0911813218204072,0.0873183692401465,0.07755949507044,0.0790544088256275,0.079899380591317,0.0802144161712373,0.0612350841254401,0.0636104045255534,0.0640155712465686,0.065736427477878,0.061859849412407,0.010715100353287,0,0.133653319625465,0.133458519745147,0.133496845651386,0.133877401827711,0.209186791860127,0.213950500304295,0.215167791928749,0.204968066647277,0.204968066647277,0.205717759844043,0.207230546974583,0.207230549354843,0.207192694166608,0.207211615774227,0.205937294257675,0.20615120636719,0.205992924327235,0.207535214527347,0.20601753732388,0.20603623587529,0.204570742339405,0.207267376227569,0.207267376227569,0.207363445344063,0.206878267517521,0.206840021923563,0.206820863221933,0.204819299540548,0.210440749919152,0.212931358661963,0.213141150110556,0.215956054234143,0.216608035963415,0.215638352590506,0.215575831538035,0.218350707180929,0.218154337834332,0.22050989129025,0.21713355107359,0.21836515858782,0.22104052139362,0.221118798436428,0.221355716379293,0.222129555941292,0.223401305098957,0.223096976389167,0.223242954934803,0.223275838189228,0.223157251321816,0.222732857961377,0.223060420091826,0.223192585054324,0.221492288193179,0.223122712180453,0.220768119833537,0.22121784968941,0.220352492412937,0.218934203168926,0.215079468036211,0.201627610505141,0.20440687964989,0.206189095610356,0.287780691017676,0.294784758910806,0.298063450665178,0.298063450665178,0.302835067897341,0.285093386273376,0.270970673240044,0.274756334377371,0.274774878642022,0.275388639124819,0.425045365770136,0.380974810230126,0.256339295848931,0.347884984246444,0.347832811505117,0.358490342206413,0.361013741473866,0.360450844976325,0.360692032747877,0.361046639855849,0.367236631748958,0.36103748452835,0.361548833016885,0.363657823915537,0.36114169369091,0.362777249161136,0.362777249161136,0.362878665833738,0.362916946228251,0.362870929356522,0.363936680039222,0.361551275794969,0.363573385884137,0.361672750749906,0.361672750749906,0.365325553050149,0.365325553050149,0.362009400198365,0.362009400198365,0.355553822964965,0.347893575523923,0.349257757104323,0.348710360547059,0.34863151072183,0.348620533333672,0.348404729476356,0.348432938243488,0.338572068194922,0.338719289078759,0.338739558057154,0.339847700159536,0.340472305696616,0.340492937191539,0.345534597618912,0.3588482125797,0.36069025797697,0.344949480057008,0.774939137544522,0.543785271523112,0.541987306340279,0.535543096814726,0.514858449673608,0.514858527075088,0.507219217365241,0.50727986483732,0.522167468255778,0.528711145350459,0.531038197510977,0.523085688520415,0.528328510418163,0.530523856992101,0.501472513597736,0.523692433070969,0.523571358946149,0.528761103058738,0.512469955349492,0.514684623199714,0.51534627189776,0.509849549730843
"MK599471.1",0.377891454316151,0.377825515052016,0.374015167918613,0.368723594516715,0.366867364774903,0.383447528648983,0.38608591930014,0.3861047544871,0.410591413935693,0.391512988265411,0.393310864102446,0.39335536447586,0.389971595681572,0.392467402411236,0.38754421852764,0.379079967789376,0.448168597091118,0.445202282180137,0.456769493818492,0.438288841999174,0.423200024672919,0.432197834023488,0.432246083134966,0.428639364095642,0.397389062125197,0.396800941133512,0.396256100617445,0.40754534748228,0.407613241341695,0.407522735782771,0.381365139726981,0.400432628416176,0.398256810358903,0.458448615782735,0.457931330666659,0.42619885633558,0.429908110110305,0.434173447962591,0.436300840525353,0.441705039332117,0.441608057586504,0.455704437799017,0.458723185243844,0.45942615823061,0.437031647144476,0.435404377375046,0.43084321962733,0.424958775481472,0.428917417713099,0.398268087129332,0.398319811822486,0.445569111021917,0.431188634427734,0.402034825698332,0.588297735024844,0.133082881674334,0.132979977697453,0.131752180320535,0.131885215010109,0.124236753930305,0.123164742417127,0.121807356838645,0.122694629258664,0.123438351600891,0.123188511166953,0.123169474403482,0.123150554502194,0.122818802525543,0.122531199102612,0.118668246522352,0.142242253178402,0.143737166933589,0.144582138699279,0.144897174279199,0.125917842233402,0.128293162633515,0.12869832935453,0.13041918558584,0.126542607520369,0.133717316080912,0.133653319625465,0,0.00151599576457726,0.00155432167081561,0.0117803624230142,0.221074899164799,0.225838607608967,0.227055899233421,0.216856173951949,0.216856173951949,0.217605867148715,0.219118654279255,0.219118656659515,0.21908080147128,0.219099723078899,0.217825401562347,0.218039313671862,0.217881031631907,0.219423321832018,0.217905644628551,0.217924343179961,0.216458849644077,0.219155483532241,0.219155483532241,0.219251552648735,0.218766374822193,0.218728129228235,0.218708970526605,0.21670740684522,0.222328857223824,0.224819465966635,0.225029257415227,0.227844161538814,0.228496143268087,0.227526459895178,0.227463938842707,0.2302388144856,0.230042445139004,0.232397998594921,0.229021658378262,0.230253265892492,0.232928628698292,0.2330069057411,0.233243823683965,0.234017663245964,0.235289412403629,0.234985083693839,0.235131062239475,0.2351639454939,0.235045358626487,0.234620965266048,0.234948527396497,0.235080692358996,0.233380395497851,0.235010819485125,0.232656227138208,0.233105956994081,0.232240599717609,0.230822310473598,0.226967575340883,0.213515717809812,0.216294986954561,0.218077202915028,0.299668798322348,0.306672866215477,0.30995155796985,0.30995155796985,0.314723175202013,0.296981493578048,0.282858780544716,0.286644441682042,0.286662985946694,0.287276746429491,0.436933473074808,0.392862917534798,0.268227403153602,0.359773091551116,0.359720918809789,0.370378449511085,0.372901848778537,0.372338952280997,0.372580140052549,0.372934747160521,0.37912473905363,0.372925591833022,0.373436940321557,0.375545931220209,0.373029800995582,0.374665356465807,0.374665356465807,0.37476677313841,0.374805053532923,0.374759036661194,0.375824787343894,0.373439383099641,0.375461493188809,0.373560858054577,0.373560858054577,0.377213660354821,0.377213660354821,0.373897507503037,0.373897507503037,0.367441930269637,0.359781682828595,0.361145864408995,0.360598467851731,0.360519618026502,0.360508640638344,0.360292836781028,0.36032104554816,0.350460175499593,0.350607396383431,0.350627665361826,0.351735807464207,0.352360413001288,0.352381044496211,0.357422704923584,0.370736319884372,0.372578365281642,0.35683758736168,0.786827244849194,0.555673378827784,0.55387541364495,0.547431204119398,0.526746556978279,0.526746634379759,0.519107324669913,0.519167972141992,0.534055575560449,0.540599252655131,0.542926304815649,0.534973795825087,0.540216617722835,0.542411964296773,0.513360620902408,0.535580540375641,0.535459466250821,0.54064921036341,0.524358062654164,0.526572730504386,0.527234379202432,0.521737657035515
"MN102407.1",0.377696654435833,0.377630715171698,0.373820368038295,0.368528794636397,0.366672564894585,0.383252728768665,0.385891119419822,0.385909954606782,0.410396614055375,0.391318188385093,0.393116064222128,0.393160564595542,0.389776795801254,0.392272602530918,0.387349418647322,0.378885167909058,0.4479737972108,0.445007482299819,0.456574693938174,0.438094042118856,0.423005224792601,0.43200303414317,0.432051283254648,0.428444564215324,0.397194262244879,0.396606141253194,0.396061300737127,0.407350547601962,0.407418441461377,0.407327935902453,0.381170339846663,0.400237828535858,0.398062010478585,0.458253815902417,0.457736530786341,0.426004056455262,0.429713310229987,0.433978648082273,0.436106040645035,0.441510239451799,0.441413257706186,0.4555096379187,0.458528385363526,0.459231358350292,0.436836847264158,0.435209577494728,0.430648419747013,0.424763975601154,0.428722617832781,0.398073287249014,0.398125011942168,0.445374311141599,0.430993834547416,0.401840025818014,0.588102935144526,0.132888081794016,0.132785177817135,0.131557380440217,0.131690415129791,0.124041954049987,0.122969942536809,0.121612556958327,0.122499829378346,0.123243551720573,0.122993711286635,0.122974674523164,0.122955754621876,0.122624002645225,0.122336399222294,0.118473446642034,0.142047453298084,0.143542367053271,0.144387338818961,0.144702374398881,0.125723042353084,0.128098362753197,0.128503529474212,0.130224385705522,0.126347807640051,0.133522516200594,0.133458519745147,0.00151599576457726,0,3.89133143563832e-05,0.0115855625426962,0.220880099284481,0.225643807728649,0.226861099353103,0.216661374071631,0.216661374071631,0.217411067268397,0.218923854398937,0.218923856779197,0.218886001590962,0.218904923198581,0.217630601682029,0.217844513791544,0.217686231751589,0.2192285219517,0.217710844748233,0.217729543299643,0.216264049763759,0.218960683651923,0.218960683651923,0.219056752768417,0.218571574941875,0.218533329347917,0.218514170646287,0.216512606964902,0.222134057343506,0.224624666086317,0.224834457534909,0.227649361658496,0.228301343387769,0.22733166001486,0.227269138962389,0.230044014605282,0.229847645258686,0.232203198714604,0.228826858497944,0.230058466012174,0.232733828817974,0.232812105860782,0.233049023803647,0.233822863365646,0.235094612523311,0.234790283813521,0.234936262359157,0.234969145613582,0.234850558746169,0.23442616538573,0.234753727516179,0.234885892478678,0.233185595617533,0.234816019604807,0.23246142725789,0.232911157113763,0.232045799837291,0.23062751059328,0.226772775460565,0.213320917929494,0.216100187074243,0.21788240303471,0.29947399844203,0.306478066335159,0.309756758089532,0.309756758089532,0.314528375321695,0.29678669369773,0.282663980664398,0.286449641801724,0.286468186066376,0.287081946549173,0.43673867319449,0.39266811765448,0.268032603273284,0.359578291670798,0.359526118929471,0.370183649630767,0.372707048898219,0.372144152400679,0.372385340172231,0.372739947280203,0.378929939173312,0.372730791952704,0.373242140441239,0.375351131339891,0.372835001115264,0.374470556585489,0.374470556585489,0.374571973258092,0.374610253652605,0.374564236780876,0.375629987463576,0.373244583219323,0.375266693308491,0.373366058174259,0.373366058174259,0.377018860474503,0.377018860474503,0.373702707622719,0.373702707622719,0.367247130389319,0.359586882948277,0.360951064528677,0.360403667971413,0.360324818146184,0.360313840758026,0.36009803690071,0.360126245667842,0.350265375619275,0.350412596503113,0.350432865481508,0.351541007583889,0.35216561312097,0.352186244615893,0.357227905043266,0.370541520004054,0.372383565401324,0.356642787481362,0.786632444968876,0.555478578947466,0.553680613764633,0.54723640423908,0.526551757097962,0.526551834499441,0.518912524789595,0.518973172261674,0.533860775680131,0.540404452774813,0.542731504935331,0.534778995944769,0.540021817842517,0.542217164416455,0.51316582102209,0.535385740495323,0.535264666370503,0.540454410483092,0.524163262773846,0.526377930624068,0.527039579322114,0.521542857155197
"MN102408.1",0.377734980342072,0.377669041077936,0.373858693944533,0.368567120542635,0.366710890800823,0.383291054674904,0.38592944532606,0.385948280513021,0.410434939961614,0.391356514291332,0.393154390128367,0.39319889050178,0.389815121707492,0.392310928437157,0.38738774455356,0.378923493815296,0.448012123117039,0.445045808206057,0.456613019844412,0.438132368025094,0.423043550698839,0.432041360049408,0.432089609160887,0.428482890121562,0.397232588151117,0.396644467159432,0.396099626643366,0.407388873508201,0.407456767367615,0.407366261808691,0.381208665752901,0.400276154442096,0.398100336384824,0.458292141808656,0.45777485669258,0.4260423823615,0.429751636136225,0.434016973988511,0.436144366551274,0.441548565358037,0.441451583612424,0.455547963824938,0.458566711269764,0.459269684256531,0.436875173170397,0.435247903400966,0.430686745653251,0.424802301507392,0.428760943739019,0.398111613155253,0.398163337848406,0.445412637047837,0.431032160453654,0.401878351724252,0.588141261050765,0.132926407700254,0.132823503723374,0.131595706346455,0.13172874103603,0.124080279956226,0.123008268443047,0.121650882864565,0.122538155284584,0.123281877626812,0.123032037192873,0.123013000429402,0.122994080528114,0.122662328551464,0.122374725128533,0.118511772548272,0.142085779204322,0.143580692959509,0.144425664725199,0.144740700305119,0.125761368259322,0.128136688659435,0.128541855380451,0.13026271161176,0.126386133546289,0.133560842106833,0.133496845651386,0.00155432167081561,3.89133143563832e-05,0,0.0116238884489346,0.22091842519072,0.225682133634887,0.226899425259341,0.21669969997787,0.21669969997787,0.217449393174635,0.218962180305175,0.218962182685436,0.2189243274972,0.218943249104819,0.217668927588268,0.217882839697782,0.217724557657827,0.219266847857939,0.217749170654472,0.217767869205882,0.216302375669997,0.218999009558161,0.218999009558161,0.219095078674655,0.218609900848114,0.218571655254155,0.218552496552525,0.21655093287114,0.222172383249744,0.224662991992555,0.224872783441148,0.227687687564735,0.228339669294007,0.227369985921098,0.227307464868627,0.230082340511521,0.229885971164924,0.232241524620842,0.228865184404182,0.230096791918412,0.232772154724213,0.23285043176702,0.233087349709885,0.233861189271884,0.23513293842955,0.234828609719759,0.234974588265395,0.23500747151982,0.234888884652408,0.234464491291969,0.234792053422418,0.234924218384916,0.233223921523771,0.234854345511045,0.232499753164129,0.232949483020002,0.232084125743529,0.230665836499518,0.226811101366803,0.213359243835733,0.216138512980482,0.217920728940948,0.299512324348268,0.306516392241398,0.30979508399577,0.30979508399577,0.314566701227933,0.296825019603968,0.282702306570636,0.286487967707963,0.286506511972614,0.287120272455411,0.436776999100728,0.392706443560718,0.268070929179523,0.359616617577037,0.35956444483571,0.370221975537005,0.372745374804458,0.372182478306918,0.372423666078469,0.372778273186441,0.37896826507955,0.372769117858942,0.373280466347478,0.375389457246129,0.372873327021502,0.374508882491728,0.374508882491728,0.37461029916433,0.374648579558843,0.374602562687114,0.375668313369814,0.373282909125561,0.37530501921473,0.373404384080498,0.373404384080498,0.377057186380741,0.377057186380741,0.373741033528957,0.373741033528957,0.367285456295558,0.359625208854515,0.360989390434915,0.360441993877651,0.360363144052422,0.360352166664264,0.360136362806948,0.36016457157408,0.350303701525514,0.350450922409351,0.350471191387747,0.351579333490128,0.352203939027208,0.352224570522131,0.357266230949504,0.370579845910293,0.372421891307562,0.3566811133876,0.786670770875114,0.555516904853704,0.553718939670871,0.547274730145319,0.5265900830042,0.52659016040568,0.518950850695833,0.519011498167912,0.53389910158637,0.540442778681051,0.54276983084157,0.534817321851007,0.540060143748755,0.542255490322693,0.513204146928329,0.535424066401561,0.535302992276741,0.54049273638933,0.524201588680084,0.526416256530306,0.527077905228353,0.521581183061435
"OR837776.1",0.378115536518397,0.378049597254262,0.374239250120859,0.368947676718961,0.367091446977149,0.383671610851229,0.386310001502386,0.386328836689346,0.410815496137939,0.391737070467657,0.393534946304692,0.393579446678106,0.390195677883818,0.392691484613482,0.387768300729886,0.379304049991622,0.448392679293364,0.445426364382383,0.456993576020738,0.43851292420142,0.423424106875165,0.432421916225734,0.432470165337212,0.428863446297888,0.397613144327443,0.397025023335758,0.396480182819691,0.407769429684526,0.407837323543941,0.407746817985017,0.381589221929227,0.400656710618422,0.398480892561149,0.458672697984981,0.458155412868905,0.426422938537826,0.430132192312551,0.434397530164836,0.436524922727599,0.441929121534363,0.44183213978875,0.455928520001263,0.45894726744609,0.459650240432856,0.437255729346722,0.435628459577292,0.431067301829576,0.425182857683718,0.429141499915345,0.398492169331578,0.398543894024732,0.445793193224163,0.43141271662998,0.402258907900578,0.58852181722709,0.13330696387658,0.133204059899699,0.131976262522781,0.132109297212355,0.124460836132551,0.123388824619373,0.12203143904089,0.12291871146091,0.123662433803137,0.123412593369199,0.123393556605728,0.12337463670444,0.123042884727789,0.122755281304858,0.118892328724597,0.142466335380648,0.143961249135835,0.144806220901525,0.145121256481445,0.126141924435648,0.128517244835761,0.128922411556776,0.130643267788085,0.126766689722615,0.133941398283158,0.133877401827711,0.0117803624230142,0.0115855625426962,0.0116238884489346,0,0.221298981367045,0.226062689811213,0.227279981435667,0.217080256154195,0.217080256154195,0.217829949350961,0.219342736481501,0.219342738861761,0.219304883673525,0.219323805281145,0.218049483764593,0.218263395874108,0.218105113834153,0.219647404034264,0.218129726830797,0.218148425382207,0.216682931846323,0.219379565734487,0.219379565734487,0.219475634850981,0.218990457024439,0.218952211430481,0.218933052728851,0.216931489047466,0.22255293942607,0.225043548168881,0.225253339617473,0.22806824374106,0.228720225470333,0.227750542097424,0.227688021044953,0.230462896687846,0.23026652734125,0.232622080797167,0.229245740580508,0.230477348094738,0.233152710900538,0.233230987943346,0.233467905886211,0.23424174544821,0.235513494605875,0.235209165896085,0.23535514444172,0.235388027696146,0.235269440828733,0.234845047468294,0.235172609598743,0.235304774561241,0.233604477700097,0.235234901687371,0.232880309340454,0.233330039196327,0.232464681919855,0.231046392675844,0.227191657543129,0.213739800012058,0.216519069156807,0.218301285117274,0.299892880524593,0.306896948417723,0.310175640172096,0.310175640172096,0.314947257404259,0.297205575780294,0.283082862746962,0.286868523884288,0.28688706814894,0.287500828631737,0.437157555277054,0.393086999737044,0.268451485355848,0.359997173753362,0.359945001012035,0.370602531713331,0.373125930980783,0.372563034483243,0.372804222254795,0.373158829362767,0.379348821255875,0.373149674035268,0.373661022523803,0.375770013422455,0.373253883197828,0.374889438668053,0.374889438668053,0.374990855340656,0.375029135735168,0.37498311886344,0.37604886954614,0.373663465301887,0.375685575391055,0.373784940256823,0.373784940256823,0.377437742557066,0.377437742557066,0.374121589705283,0.374121589705283,0.367666012471883,0.360005765030841,0.361369946611241,0.360822550053977,0.360743700228748,0.36073272284059,0.360516918983274,0.360545127750405,0.350684257701839,0.350831478585676,0.350851747564072,0.351959889666453,0.352584495203534,0.352605126698456,0.35764678712583,0.370960402086618,0.372802447483887,0.357061669563925,0.78705132705144,0.55589746103003,0.554099495847196,0.547655286321644,0.526970639180525,0.526970716582005,0.519331406872159,0.519392054344238,0.534279657762695,0.540823334857377,0.543150387017895,0.535197878027333,0.54044069992508,0.542636046499019,0.513584703104654,0.535804622577887,0.535683548453067,0.540873292565656,0.52458214485641,0.526796812706632,0.527458461404678,0.521961739237761
"AB522390.3",0.355573376173249,0.355507436909113,0.35169708977571,0.346405516373812,0.344549286632,0.361129450506081,0.363767841157237,0.363786676344198,0.388273335792791,0.369194910122509,0.370992785959543,0.371037286332957,0.367653517538669,0.370149324268334,0.365226140384737,0.356761889646473,0.425850518948216,0.422884204037234,0.434451415675589,0.415970763856271,0.400881946530016,0.409879755880585,0.409928004992063,0.406321285952739,0.375070983982294,0.374482862990609,0.373938022474543,0.385227269339377,0.385295163198792,0.385204657639868,0.359047061584078,0.378114550273273,0.375938732216001,0.436130537639833,0.435613252523757,0.403880778192677,0.407590031967402,0.411855369819688,0.41398276238245,0.419386961189214,0.419289979443601,0.433386359656115,0.436405107100941,0.437108080087707,0.414713569001574,0.413086299232143,0.408525141484428,0.402640697338569,0.406599339570196,0.375950008986429,0.376001733679583,0.423251032879014,0.408870556284831,0.379716747555429,0.565979656881942,0.174412047791719,0.174309143814839,0.173081346437921,0.173214381127495,0.199770226164967,0.198698214651789,0.197340829073307,0.198228101493326,0.198971823835554,0.198721983401615,0.198702946638144,0.198684026736856,0.198352274760205,0.198064671337274,0.194201718757014,0.217775725413064,0.219270639168251,0.220115610933941,0.220430646513861,0.201451314468064,0.203826634868177,0.204231801589192,0.205952657820502,0.202076079755031,0.209250788315574,0.209186791860127,0.221074899164799,0.220880099284481,0.22091842519072,0.221298981367045,0,0.0204718554316462,0.0216891470560998,0.0707105626420649,0.0707105626420649,0.0714602558388307,0.0729730429693704,0.0729730453496308,0.0729351901613952,0.0729541117690147,0.0716797902524629,0.0718937023619774,0.0717354203220225,0.073277710522134,0.0717600333186671,0.071778731870077,0.0703132383341926,0.0730098722223564,0.0730098722223564,0.0731059413388506,0.072620763512309,0.0725825179183508,0.0725633592167208,0.0705617955353356,0.100656334752362,0.103146943495173,0.103356734943765,0.106171639067352,0.106823620796625,0.105853937423716,0.105791416371245,0.108566292014138,0.108369922667542,0.110725476123459,0.1073491359068,0.10858074342103,0.11125610622683,0.111334383269638,0.111571301212503,0.112345140774502,0.113616889932167,0.113312561222377,0.113458539768013,0.113491423022438,0.113372836155025,0.112948442794586,0.113276004925035,0.113408169887534,0.111707873026389,0.113338297013663,0.110983704666746,0.111433434522619,0.110568077246147,0.109149788002136,0.105295052869421,0.0918431953383503,0.0946224644830993,0.0964046804435657,0.277350720179445,0.284354788072575,0.287633479826947,0.287633479826947,0.29240509705911,0.274663415435145,0.260540702401813,0.26432636353914,0.264344907803791,0.264958668286588,0.414615394931905,0.370544839391895,0.2459093250107,0.337455013408213,0.337402840666886,0.348060371368182,0.350583770635635,0.350020874138094,0.350262061909646,0.350616669017618,0.356806660910727,0.350607513690119,0.351118862178654,0.353227853077306,0.350711722852679,0.352347278322905,0.352347278322905,0.352448694995507,0.35248697539002,0.352440958518291,0.353506709200991,0.351121304956738,0.353143415045906,0.351242779911674,0.351242779911674,0.354895582211918,0.354895582211918,0.351579429360134,0.351579429360134,0.345123852126734,0.337463604685692,0.338827786266092,0.338280389708828,0.338201539883599,0.338190562495441,0.337974758638125,0.338002967405257,0.328142097356691,0.328289318240528,0.328309587218923,0.329417729321304,0.330042334858385,0.330062966353308,0.335104626780681,0.348418241741469,0.350260287138739,0.334519509218777,0.764509166706291,0.533355300684881,0.531557335502048,0.525113125976495,0.504428478835377,0.504428556236856,0.49678924652701,0.496849893999089,0.511737497417546,0.518281174512228,0.520608226672746,0.512655717682184,0.517898539579932,0.52009388615387,0.491042542759505,0.513262462232738,0.513141388107918,0.518331132220507,0.502039984511261,0.504254652361483,0.504916301059529,0.499419578892612
"OP255973.1",0.360337084617417,0.360271145353281,0.356460798219878,0.35116922481798,0.349312995076168,0.365893158950248,0.368531549601405,0.368550384788365,0.393037044236958,0.373958618566677,0.375756494403711,0.375800994777125,0.372417225982837,0.374913032712501,0.369989848828905,0.361525598090641,0.430614227392383,0.427647912481402,0.439215124119757,0.420734472300439,0.405645654974184,0.414643464324753,0.414691713436231,0.411084994396907,0.379834692426462,0.379246571434777,0.37870173091871,0.389990977783545,0.39005887164296,0.389968366084036,0.363810770028246,0.382878258717441,0.380702440660168,0.440894246084,0.440376960967924,0.408644486636845,0.41235374041157,0.416619078263856,0.418746470826618,0.424150669633382,0.424053687887769,0.438150068100282,0.441168815545109,0.441871788531875,0.419477277445741,0.417850007676311,0.413288849928595,0.407404405782737,0.411363048014364,0.380713717430597,0.380765442123751,0.428014741323182,0.413634264728999,0.384480455999597,0.570743365326109,0.179175756235887,0.179072852259007,0.177845054882089,0.177978089571663,0.204533934609135,0.203461923095957,0.202104537517475,0.202991809937494,0.203735532279721,0.203485691845783,0.203466655082312,0.203447735181024,0.203115983204373,0.202828379781442,0.198965427201182,0.222539433857232,0.224034347612419,0.224879319378109,0.225194354958029,0.206215022912232,0.208590343312345,0.20899551003336,0.21071636626467,0.206839788199199,0.214014496759742,0.213950500304295,0.225838607608967,0.225643807728649,0.225682133634887,0.226062689811213,0.0204718554316462,0,0.0153403894856687,0.0754742710862328,0.0754742710862328,0.0762239642829986,0.0777367514135383,0.0777367537937987,0.077698898605563,0.0777178202131826,0.0764434986966308,0.0766574108061453,0.0764991287661904,0.0780414189663019,0.076523741762835,0.0765424403142449,0.0750769467783605,0.0777735806665243,0.0777735806665243,0.0778696497830185,0.0773844719564769,0.0773462263625187,0.0773270676608887,0.0753255039795035,0.10542004319653,0.107910651939341,0.108120443387933,0.11093534751152,0.111587329240793,0.110617645867884,0.110555124815412,0.113330000458306,0.11313363111171,0.115489184567627,0.112112844350967,0.113344451865198,0.116019814670998,0.116098091713806,0.116335009656671,0.11710884921867,0.118380598376335,0.118076269666545,0.11822224821218,0.118255131466606,0.118136544599193,0.117712151238754,0.118039713369203,0.118171878331701,0.116471581470557,0.11810200545783,0.115747413110914,0.116197142966787,0.115331785690315,0.113913496446304,0.110058761313588,0.0966069037825182,0.0993861729272671,0.101168388887734,0.282114428623613,0.289118496516742,0.292397188271115,0.292397188271115,0.297168805503278,0.279427123879313,0.265304410845981,0.269090071983307,0.269108616247959,0.269722376730756,0.419379103376073,0.375308547836063,0.250673033454867,0.342218721852381,0.342166549111054,0.35282407981235,0.355347479079802,0.354784582582262,0.355025770353814,0.355380377461786,0.361570369354895,0.355371222134287,0.355882570622822,0.357991561521474,0.355475431296847,0.357110986767072,0.357110986767072,0.357212403439675,0.357250683834188,0.357204666962459,0.358270417645159,0.355885013400906,0.357907123490074,0.356006488355842,0.356006488355842,0.359659290656086,0.359659290656086,0.356343137804302,0.356343137804302,0.349887560570902,0.34222731312986,0.34359149471026,0.343044098152996,0.342965248327767,0.342954270939609,0.342738467082293,0.342766675849425,0.332905805800858,0.333053026684696,0.333073295663091,0.334181437765472,0.334806043302553,0.334826674797476,0.339868335224849,0.353181950185637,0.355023995582907,0.339283217662945,0.769272875150459,0.538119009129049,0.536321043946215,0.529876834420663,0.509192187279544,0.509192264681024,0.501552954971178,0.501613602443257,0.516501205861714,0.523044882956396,0.525371935116914,0.517419426126352,0.522662248024099,0.524857594598038,0.495806251203673,0.518026170676906,0.517905096552086,0.523094840664675,0.506803692955429,0.509018360805651,0.509680009503697,0.50418328733678
"OR837781.1",0.36155437624187,0.361488436977735,0.357678089844332,0.352386516442433,0.350530286700622,0.367110450574702,0.369748841225859,0.369767676412819,0.394254335861412,0.37517591019113,0.376973786028165,0.377018286401578,0.37363451760729,0.376130324336955,0.371207140453358,0.362742889715094,0.431831519016837,0.428865204105855,0.440432415744211,0.421951763924892,0.406862946598638,0.415860755949207,0.415909005060685,0.412302286021361,0.381051984050916,0.38046386305923,0.379919022543164,0.391208269407999,0.391276163267413,0.39118565770849,0.3650280616527,0.384095550341894,0.381919732284622,0.442111537708454,0.441594252592378,0.409861778261298,0.413571032036023,0.417836369888309,0.419963762451072,0.425367961257836,0.425270979512222,0.439367359724736,0.442386107169562,0.443089080156329,0.420694569070195,0.419067299300765,0.414506141553049,0.408621697407191,0.412580339638818,0.381931009055051,0.381982733748205,0.429232032947636,0.414851556353452,0.38569774762405,0.571960656950563,0.180393047860341,0.180290143883461,0.179062346506542,0.179195381196117,0.205751226233589,0.20467921472041,0.203321829141928,0.204209101561948,0.204952823904175,0.204702983470236,0.204683946706766,0.204665026805477,0.204333274828827,0.204045671405896,0.200182718825635,0.223756725481685,0.225251639236873,0.226096611002562,0.226411646582483,0.207432314536685,0.209807634936799,0.210212801657814,0.211933657889123,0.208057079823652,0.215231788384196,0.215167791928749,0.227055899233421,0.226861099353103,0.226899425259341,0.227279981435667,0.0216891470560998,0.0153403894856687,0,0.0766915627106864,0.0766915627106864,0.0774412559074522,0.0789540430379919,0.0789540454182523,0.0789161902300167,0.0789351118376362,0.0776607903210844,0.0778747024305989,0.077716420390644,0.0792587105907556,0.0777410333872886,0.0777597319386985,0.0762942384028141,0.0789908722909779,0.0789908722909779,0.0790869414074721,0.0786017635809305,0.0785635179869723,0.0785443592853423,0.0765427956039571,0.106637334820983,0.109127943563794,0.109337735012387,0.112152639135974,0.112804620865246,0.111834937492337,0.111772416439866,0.11454729208276,0.114350922736163,0.116706476192081,0.113330135975421,0.114561743489651,0.117237106295452,0.117315383338259,0.117552301281124,0.118326140843124,0.119597890000789,0.119293561290998,0.119439539836634,0.119472423091059,0.119353836223647,0.118929442863208,0.119257004993657,0.119389169956155,0.11768887309501,0.119319297082284,0.116964704735368,0.117414434591241,0.116549077314768,0.115130788070758,0.111276052938042,0.0978241954069718,0.100603464551721,0.102385680512187,0.283331720248066,0.290335788141196,0.293614479895569,0.293614479895569,0.298386097127731,0.280644415503766,0.266521702470435,0.270307363607761,0.270325907872412,0.27093966835521,0.420596395000527,0.376525839460516,0.251890325079321,0.343436013476835,0.343383840735508,0.354041371436803,0.356564770704256,0.356001874206716,0.356243061978268,0.35659766908624,0.362787660979348,0.356588513758741,0.357099862247276,0.359208853145927,0.356692722921301,0.358328278391526,0.358328278391526,0.358429695064129,0.358467975458641,0.358421958586913,0.359487709269612,0.35710230502536,0.359124415114528,0.357223779980296,0.357223779980296,0.360876582280539,0.360876582280539,0.357560429428755,0.357560429428755,0.351104852195356,0.343444604754313,0.344808786334714,0.34426138977745,0.344182539952221,0.344171562564062,0.343955758706747,0.343983967473878,0.334123097425312,0.334270318309149,0.334290587287545,0.335398729389926,0.336023334927007,0.336043966421929,0.341085626849302,0.354399241810091,0.35624128720736,0.340500509287398,0.770490166774912,0.539336300753502,0.537538335570669,0.531094126045117,0.510409478903998,0.510409556305478,0.502770246595631,0.502830894067711,0.517718497486168,0.52426217458085,0.526589226741368,0.518636717750806,0.523879539648553,0.526074886222492,0.497023542828127,0.51924346230136,0.519122388176539,0.524312132289128,0.508020984579883,0.510235652430104,0.510897301128151,0.505400578961233
"AB614356.1",0.351354650960399,0.351288711696263,0.34747836456286,0.342186791160962,0.34033056141915,0.356910725293231,0.359549115944387,0.359567951131347,0.38405461057994,0.364976184909659,0.366774060746693,0.366818561120107,0.363434792325819,0.365930599055484,0.361007415171887,0.352543164433623,0.421631793735366,0.418665478824384,0.430232690462739,0.411752038643421,0.396663221317166,0.405661030667735,0.405709279779213,0.402102560739889,0.370852258769444,0.370264137777759,0.369719297261693,0.381008544126527,0.381076437985942,0.380985932427018,0.354828336371228,0.373895825060423,0.371720007003151,0.431911812426983,0.431394527310907,0.399662052979827,0.403371306754552,0.407636644606838,0.4097640371696,0.415168235976364,0.415071254230751,0.429167634443265,0.432186381888091,0.432889354874857,0.410494843788724,0.408867574019293,0.404306416271578,0.398421972125719,0.402380614357346,0.371731283773579,0.371783008466733,0.419032307666164,0.404651831071981,0.375498022342579,0.561760931669091,0.17019332257887,0.170090418601989,0.168862621225071,0.168995655914645,0.195551500952117,0.194479489438939,0.193122103860457,0.194009376280476,0.194753098622703,0.194503258188765,0.194484221425294,0.194465301524006,0.194133549547355,0.193845946124424,0.189982993544164,0.213557000200214,0.215051913955401,0.215896885721091,0.216211921301011,0.197232589255214,0.199607909655327,0.200013076376342,0.201733932607652,0.197857354542181,0.205032063102724,0.204968066647277,0.216856173951949,0.216661374071631,0.21669969997787,0.217080256154195,0.0707105626420649,0.0754742710862328,0.0766915627106864,0,5.87408118033991e-07,0.0028922623715408,0.00440504950208055,0.00440505188234095,0.00436719669410531,0.00438611830172483,0.00311179678517304,0.0033257088946875,0.00316742685473266,0.00470971705484418,0.00319203985137727,0.00321073840278716,0.00197138443145362,0.00954927023114573,0.00954927023114573,0.00964533934763996,0.00916016152109831,0.00912191592714012,0.00910275722551016,0.0071011935441249,0.096437609539512,0.0989282182823227,0.0991380097309152,0.101952913854502,0.102604895583775,0.101635212210866,0.101572691158394,0.104347566801288,0.104151197454692,0.106506750910609,0.103130410693949,0.10436201820818,0.10703738101398,0.107115658056788,0.107352575999653,0.108126415561652,0.109398164719317,0.109093836009527,0.109239814555163,0.109272697809588,0.109154110942175,0.108729717581736,0.109057279712185,0.109189444674684,0.107489147813539,0.109119571800813,0.106764979453896,0.107214709309769,0.106349352033297,0.104931062789286,0.101076327656571,0.0876244701255003,0.0904037392702492,0.0921859552307157,0.273131994966595,0.280136062859725,0.283414754614097,0.283414754614097,0.28818637184626,0.270444690222295,0.256321977188963,0.26010763832629,0.260126182590941,0.260739943073738,0.410396669719055,0.366326114179045,0.24169059979785,0.333236288195363,0.333184115454036,0.343841646155332,0.346365045422785,0.345802148925244,0.346043336696796,0.346397943804768,0.352587935697877,0.346388788477269,0.346900136965804,0.349009127864456,0.346492997639829,0.348128553110055,0.348128553110055,0.348229969782657,0.34826825017717,0.348222233305441,0.349287983988141,0.346902579743888,0.348924689833056,0.347024054698824,0.347024054698824,0.350676856999068,0.350676856999068,0.347360704147284,0.347360704147284,0.340905126913884,0.333244879472842,0.334609061053242,0.334061664495978,0.333982814670749,0.333971837282591,0.333756033425275,0.333784242192407,0.323923372143841,0.324070593027678,0.324090862006073,0.325199004108454,0.325823609645535,0.325844241140458,0.330885901567831,0.344199516528619,0.346041561925889,0.330300784005927,0.760290441493441,0.529136575472031,0.527338610289198,0.520894400763645,0.500209753622527,0.500209831024006,0.49257052131416,0.492631168786239,0.507518772204696,0.514062449299378,0.516389501459896,0.508436992469334,0.513679814367082,0.51587516094102,0.486823817546655,0.509043737019888,0.508922662895068,0.514112407007657,0.497821259298411,0.500035927148633,0.500697575846679,0.495200853679762
"LC504371.1",0.351354650960399,0.351288711696263,0.34747836456286,0.342186791160962,0.34033056141915,0.356910725293231,0.359549115944387,0.359567951131347,0.38405461057994,0.364976184909659,0.366774060746693,0.366818561120107,0.363434792325819,0.365930599055484,0.361007415171887,0.352543164433623,0.421631793735366,0.418665478824384,0.430232690462739,0.411752038643421,0.396663221317166,0.405661030667735,0.405709279779213,0.402102560739889,0.370852258769444,0.370264137777759,0.369719297261693,0.381008544126527,0.381076437985942,0.380985932427018,0.354828336371228,0.373895825060423,0.371720007003151,0.431911812426983,0.431394527310907,0.399662052979827,0.403371306754552,0.407636644606838,0.4097640371696,0.415168235976364,0.415071254230751,0.429167634443265,0.432186381888091,0.432889354874857,0.410494843788724,0.408867574019293,0.404306416271578,0.398421972125719,0.402380614357346,0.371731283773579,0.371783008466733,0.419032307666164,0.404651831071981,0.375498022342579,0.561760931669091,0.17019332257887,0.170090418601989,0.168862621225071,0.168995655914645,0.195551500952117,0.194479489438939,0.193122103860457,0.194009376280476,0.194753098622703,0.194503258188765,0.194484221425294,0.194465301524006,0.194133549547355,0.193845946124424,0.189982993544164,0.213557000200214,0.215051913955401,0.215896885721091,0.216211921301011,0.197232589255214,0.199607909655327,0.200013076376342,0.201733932607652,0.197857354542181,0.205032063102724,0.204968066647277,0.216856173951949,0.216661374071631,0.21669969997787,0.217080256154195,0.0707105626420649,0.0754742710862328,0.0766915627106864,5.87408118033991e-07,0,0.0028922623715408,0.00440504950208055,0.00440505188234095,0.00436719669410531,0.00438611830172483,0.00311179678517304,0.0033257088946875,0.00316742685473266,0.00470971705484418,0.00319203985137727,0.00321073840278716,0.00197138443145362,0.00954927023114573,0.00954927023114573,0.00964533934763996,0.00916016152109831,0.00912191592714012,0.00910275722551016,0.0071011935441249,0.096437609539512,0.0989282182823227,0.0991380097309152,0.101952913854502,0.102604895583775,0.101635212210866,0.101572691158394,0.104347566801288,0.104151197454692,0.106506750910609,0.103130410693949,0.10436201820818,0.10703738101398,0.107115658056788,0.107352575999653,0.108126415561652,0.109398164719317,0.109093836009527,0.109239814555163,0.109272697809588,0.109154110942175,0.108729717581736,0.109057279712185,0.109189444674684,0.107489147813539,0.109119571800813,0.106764979453896,0.107214709309769,0.106349352033297,0.104931062789286,0.101076327656571,0.0876244701255003,0.0904037392702492,0.0921859552307157,0.273131994966595,0.280136062859725,0.283414754614097,0.283414754614097,0.28818637184626,0.270444690222295,0.256321977188963,0.26010763832629,0.260126182590941,0.260739943073738,0.410396669719055,0.366326114179045,0.24169059979785,0.333236288195363,0.333184115454036,0.343841646155332,0.346365045422785,0.345802148925244,0.346043336696796,0.346397943804768,0.352587935697877,0.346388788477269,0.346900136965804,0.349009127864456,0.346492997639829,0.348128553110055,0.348128553110055,0.348229969782657,0.34826825017717,0.348222233305441,0.349287983988141,0.346902579743888,0.348924689833056,0.347024054698824,0.347024054698824,0.350676856999068,0.350676856999068,0.347360704147284,0.347360704147284,0.340905126913884,0.333244879472842,0.334609061053242,0.334061664495978,0.333982814670749,0.333971837282591,0.333756033425275,0.333784242192407,0.323923372143841,0.324070593027678,0.324090862006073,0.325199004108454,0.325823609645535,0.325844241140458,0.330885901567831,0.344199516528619,0.346041561925889,0.330300784005927,0.760290441493441,0.529136575472031,0.527338610289198,0.520894400763645,0.500209753622527,0.500209831024006,0.49257052131416,0.492631168786239,0.507518772204696,0.514062449299378,0.516389501459896,0.508436992469334,0.513679814367082,0.51587516094102,0.486823817546655,0.509043737019888,0.508922662895068,0.514112407007657,0.497821259298411,0.500035927148633,0.500697575846679,0.495200853679762
"JX993277.1",0.352104344157164,0.352038404893029,0.348228057759626,0.342936484357728,0.341080254615916,0.357660418489996,0.360298809141153,0.360317644328113,0.384804303776706,0.365725878106424,0.367523753943459,0.367568254316873,0.364184485522585,0.366680292252249,0.361757108368653,0.353292857630389,0.422381486932131,0.41941517202115,0.430982383659505,0.412501731840187,0.397412914513932,0.406410723864501,0.406458972975979,0.402852253936655,0.37160195196621,0.371013830974525,0.370468990458458,0.381758237323293,0.381826131182708,0.381735625623784,0.355578029567994,0.374645518257189,0.372469700199916,0.432661505623748,0.432144220507672,0.400411746176593,0.404120999951318,0.408386337803604,0.410513730366366,0.41591792917313,0.415820947427517,0.42991732764003,0.432936075084857,0.433639048071623,0.411244536985489,0.409617267216059,0.405056109468343,0.399171665322485,0.403130307554112,0.372480976970345,0.372532701663499,0.41978200086293,0.405401524268747,0.376247715539344,0.562510624865857,0.170943015775635,0.170840111798755,0.169612314421836,0.169745349111411,0.196301194148883,0.195229182635705,0.193871797057222,0.194759069477242,0.195502791819469,0.195252951385531,0.19523391462206,0.195214994720772,0.194883242744121,0.19459563932119,0.190732686740929,0.214306693396979,0.215801607152167,0.216646578917857,0.216961614497777,0.19798228245198,0.200357602852093,0.200762769573108,0.202483625804417,0.198607047738946,0.20578175629949,0.205717759844043,0.217605867148715,0.217411067268397,0.217449393174635,0.217829949350961,0.0714602558388307,0.0762239642829986,0.0774412559074522,0.0028922623715408,0.0028922623715408,0,0.00342217544297412,0.00342217782323452,0.00338432263499888,0.0034032442426184,0.00290950652648991,0.00312341863600436,0.00296513659604953,0.00450742679616105,0.00298974959269414,0.00300844814410403,0.00272107762821938,0.0102989634279115,0.0102989634279115,0.0103950325444057,0.00990985471786407,0.00987160912390588,0.00985245042227592,0.00785088674089067,0.0971873027362777,0.0996779114790884,0.099887702927681,0.102702607051268,0.103354588780541,0.102384905407631,0.10232238435516,0.105097259998054,0.104900890651458,0.107256444107375,0.103880103890715,0.105111711404946,0.107787074210746,0.107865351253553,0.108102269196418,0.108876108758418,0.110147857916083,0.109843529206292,0.109989507751928,0.110022391006353,0.109903804138941,0.109479410778502,0.109806972908951,0.109939137871449,0.108238841010305,0.109869264997578,0.107514672650662,0.107964402506535,0.107099045230063,0.105680755986052,0.101826020853336,0.088374163322266,0.091153432467015,0.0929356484274814,0.27388168816336,0.28088575605649,0.284164447810863,0.284164447810863,0.288936065043026,0.271194383419061,0.257071670385729,0.260857331523055,0.260875875787707,0.261489636270504,0.411146362915821,0.367075807375811,0.242440292994615,0.333985981392129,0.333933808650802,0.344591339352098,0.34711473861955,0.34655184212201,0.346793029893562,0.347147637001534,0.353337628894642,0.347138481674035,0.34764983016257,0.349758821061222,0.347242690836595,0.34887824630682,0.34887824630682,0.348979662979423,0.349017943373935,0.348971926502207,0.350037677184907,0.347652272940654,0.349674383029822,0.34777374789559,0.34777374789559,0.351426550195833,0.351426550195833,0.34811039734405,0.34811039734405,0.34165482011065,0.333994572669608,0.335358754250008,0.334811357692744,0.334732507867515,0.334721530479357,0.334505726622041,0.334533935389172,0.324673065340606,0.324820286224443,0.324840555202839,0.32594869730522,0.326573302842301,0.326593934337223,0.331635594764597,0.344949209725385,0.346791255122654,0.331050477202692,0.761040134690207,0.529886268668797,0.528088303485963,0.521644093960411,0.500959446819292,0.500959524220772,0.493320214510926,0.493380861983005,0.508268465401462,0.514812142496144,0.517139194656662,0.5091866856661,0.514429507563847,0.516624854137786,0.487573510743421,0.509793430216654,0.509672356091834,0.514862100204423,0.498570952495177,0.500785620345399,0.501447269043445,0.495950546876528
"MG515476.1",0.353617131287704,0.353551192023569,0.349740844890166,0.344449271488267,0.342593041746456,0.359173205620536,0.361811596271693,0.361830431458653,0.386317090907246,0.367238665236964,0.369036541073999,0.369081041447412,0.365697272653124,0.368193079382789,0.363269895499192,0.354805644760928,0.423894274062671,0.420927959151689,0.432495170790045,0.414014518970726,0.398925701644472,0.40792351099504,0.407971760106519,0.404365041067195,0.37311473909675,0.372526618105064,0.371981777588998,0.383271024453833,0.383338918313247,0.383248412754324,0.357090816698534,0.376158305387728,0.373982487330456,0.434174292754288,0.433657007638212,0.401924533307132,0.405633787081857,0.409899124934143,0.412026517496906,0.41743071630367,0.417333734558056,0.43143011477057,0.434448862215396,0.435151835202163,0.412757324116029,0.411130054346599,0.406568896598883,0.400684452453025,0.404643094684652,0.373993764100885,0.374045488794039,0.42129478799347,0.406914311399287,0.377760502669884,0.564023411996397,0.172455802906175,0.172352898929295,0.171125101552376,0.171258136241951,0.197813981279423,0.196741969766244,0.195384584187762,0.196271856607782,0.197015578950009,0.19676573851607,0.1967467017526,0.196727781851311,0.196396029874661,0.19610842645173,0.192245473871469,0.215819480527519,0.217314394282707,0.218159366048396,0.218474401628317,0.199495069582519,0.201870389982633,0.202275556703648,0.203996412934957,0.200119834869486,0.20729454343003,0.207230546974583,0.219118654279255,0.218923854398937,0.218962180305175,0.219342736481501,0.0729730429693704,0.0777367514135383,0.0789540430379919,0.00440504950208055,0.00440504950208055,0.00342217544297412,0,3.84521317342007e-05,3.90276242113109e-05,5.79492318308348e-05,0.00442229365702966,0.00463620576654411,0.00447792372658928,0.0060202139267008,0.00450253672323389,0.00452123527464378,0.00423386475875913,0.0118117505584512,0.0118117505584512,0.0119078196749455,0.0114226418484038,0.0113843962544456,0.0113652375528157,0.00936367387143042,0.0987000898668175,0.101190698609628,0.101400490058221,0.104215394181808,0.10486737591108,0.103897692538171,0.1038351714857,0.106610047128594,0.106413677781998,0.108769231237915,0.105392891021255,0.106624498535485,0.109299861341286,0.109378138384093,0.109615056326958,0.110388895888958,0.111660645046623,0.111356316336832,0.111502294882468,0.111535178136893,0.111416591269481,0.110992197909042,0.111319760039491,0.111451925001989,0.109751628140844,0.111382052128118,0.109027459781202,0.109477189637075,0.108611832360602,0.107193543116592,0.103338807983876,0.0898869504528058,0.0926662195975548,0.0944484355580212,0.2753944752939,0.28239854318703,0.285677234941403,0.285677234941403,0.290448852173565,0.2727071705496,0.258584457516269,0.262370118653595,0.262388662918246,0.263002423401044,0.412659150046361,0.36858859450635,0.243953080125155,0.335498768522669,0.335446595781342,0.346104126482637,0.34862752575009,0.34806462925255,0.348305817024102,0.348660424132074,0.354850416025182,0.348651268804575,0.34916261729311,0.351271608191762,0.348755477967135,0.35039103343736,0.35039103343736,0.350492450109963,0.350530730504475,0.350484713632747,0.351550464315446,0.349165060071194,0.351187170160362,0.34928653502613,0.34928653502613,0.352939337326373,0.352939337326373,0.349623184474589,0.349623184474589,0.34316760724119,0.335507359800147,0.336871541380548,0.336324144823284,0.336245294998055,0.336234317609896,0.336018513752581,0.336046722519712,0.326185852471146,0.326333073354983,0.326353342333379,0.32746148443576,0.328086089972841,0.328106721467763,0.333148381895137,0.346461996855925,0.348304042253194,0.332563264333232,0.762552921820746,0.531399055799337,0.529601090616503,0.523156881090951,0.502472233949832,0.502472311351312,0.494833001641465,0.494893649113545,0.509781252532002,0.516324929626684,0.518651981787202,0.51069947279664,0.515942294694387,0.518137641268326,0.489086297873961,0.511306217347194,0.511185143222373,0.516374887334962,0.500083739625717,0.502298407475938,0.502960056173985,0.497463334007068
"MG515478.1",0.353617133667964,0.353551194403829,0.349740847270426,0.344449273868528,0.342593044126716,0.359173208000796,0.361811598651953,0.361830433838913,0.386317093287506,0.367238667617224,0.369036543454259,0.369081043827673,0.365697275033385,0.368193081763049,0.363269897879453,0.354805647141189,0.423894276442931,0.42092796153195,0.432495173170305,0.414014521350987,0.398925704024732,0.407923513375301,0.407971762486779,0.404365043447455,0.37311474147701,0.372526620485325,0.371981779969259,0.383271026834093,0.383338920693508,0.383248415134584,0.357090819078794,0.376158307767989,0.373982489710717,0.434174295134549,0.433657010018472,0.401924535687393,0.405633789462118,0.409899127314404,0.412026519877166,0.41743071868393,0.417333736938317,0.431430117150831,0.434448864595657,0.435151837582423,0.41275732649629,0.411130056726859,0.406568898979144,0.400684454833285,0.404643097064912,0.373993766481145,0.374045491174299,0.42129479037373,0.406914313779547,0.377760505050145,0.564023414376657,0.172455805286435,0.172352901309555,0.171125103932637,0.171258138622211,0.197813983659683,0.196741972146505,0.195384586568023,0.196271858988042,0.197015581330269,0.196765740896331,0.19674670413286,0.196727784231572,0.196396032254921,0.19610842883199,0.19224547625173,0.21581948290778,0.217314396662967,0.218159368428657,0.218474404008577,0.19949507196278,0.201870392362893,0.202275559083908,0.203996415315218,0.200119837249747,0.20729454581029,0.207230549354843,0.219118656659515,0.218923856779197,0.218962182685436,0.219342738861761,0.0729730453496308,0.0777367537937987,0.0789540454182523,0.00440505188234095,0.00440505188234095,0.00342217782323452,3.84521317342007e-05,0,3.9030004471712e-05,5.7951612091236e-05,0.00442229603729006,0.00463620814680451,0.00447792610684968,0.0060202163069612,0.0045025391034943,0.00452123765490418,0.00423386713901954,0.0118117529387116,0.0118117529387116,0.0119078220552059,0.0114226442286642,0.011384398634706,0.0113652399330761,0.00936367625169082,0.0987000922470779,0.101190700989889,0.101400492438481,0.104215396562068,0.104867378291341,0.103897694918432,0.10383517386596,0.106610049508854,0.106413680162258,0.108769233618175,0.105392893401515,0.106624500915746,0.109299863721546,0.109378140764354,0.109615058707219,0.110388898269218,0.111660647426883,0.111356318717093,0.111502297262728,0.111535180517154,0.111416593649741,0.110992200289302,0.111319762419751,0.111451927382249,0.109751630521105,0.111382054508378,0.109027462161462,0.109477192017335,0.108611834740863,0.107193545496852,0.103338810364137,0.0898869528330662,0.0926662219778152,0.0944484379382816,0.275394477674161,0.28239854556729,0.285677237321663,0.285677237321663,0.290448854553826,0.272707172929861,0.258584459896529,0.262370121033855,0.262388665298507,0.263002425781304,0.412659152426621,0.368588596886611,0.243953082505415,0.335498770902929,0.335446598161602,0.346104128862898,0.34862752813035,0.34806463163281,0.348305819404362,0.348660426512334,0.354850418405443,0.348651271184835,0.34916261967337,0.351271610572022,0.348755480347395,0.35039103581762,0.35039103581762,0.350492452490223,0.350530732884736,0.350484716013007,0.351550466695707,0.349165062451454,0.351187172540622,0.34928653740639,0.34928653740639,0.352939339706634,0.352939339706634,0.34962318685485,0.34962318685485,0.34316760962145,0.335507362180408,0.336871543760808,0.336324147203544,0.336245297378315,0.336234319990157,0.336018516132841,0.336046724899973,0.326185854851406,0.326333075735244,0.326353344713639,0.32746148681602,0.328086092353101,0.328106723848024,0.333148384275397,0.346461999236185,0.348304044633455,0.332563266713493,0.762552924201007,0.531399058179597,0.529601092996764,0.523156883471211,0.502472236330093,0.502472313731572,0.494833004021726,0.494893651493805,0.509781254912262,0.516324932006944,0.518651984167462,0.5106994751769,0.515942297074648,0.518137643648586,0.489086300254221,0.511306219727454,0.511185145602634,0.516374889715223,0.500083742005977,0.502298409856199,0.502960058554245,0.497463336387328
"MG515477.1",0.353579278479729,0.353513339215593,0.34970299208219,0.344411418680292,0.34255518893848,0.359135352812561,0.361773743463717,0.361792578650678,0.386279238099271,0.367200812428989,0.368998688266024,0.369043188639437,0.365659419845149,0.368155226574814,0.363232042691217,0.354767791952953,0.423856421254696,0.420890106343714,0.432457317982069,0.413976666162751,0.398887848836496,0.407885658187065,0.407933907298544,0.40432718825922,0.373076886288774,0.372488765297089,0.371943924781023,0.383233171645858,0.383301065505272,0.383210559946348,0.357052963890558,0.376120452579753,0.373944634522481,0.434136439946313,0.433619154830237,0.401886680499157,0.405595934273882,0.409861272126168,0.411988664688931,0.417392863495694,0.417295881750081,0.431392261962595,0.434411009407421,0.435113982394188,0.412719471308054,0.411092201538624,0.406531043790908,0.400646599645049,0.404605241876676,0.37395591129291,0.374007635986063,0.421256935185494,0.406876458591311,0.377722649861909,0.563985559188422,0.1724179500982,0.172315046121319,0.171087248744401,0.171220283433975,0.197776128471448,0.196704116958269,0.195346731379787,0.196234003799806,0.196977726142034,0.196727885708095,0.196708848944625,0.196689929043336,0.196358177066686,0.196070573643755,0.192207621063494,0.215781627719544,0.217276541474732,0.218121513240421,0.218436548820341,0.199457216774544,0.201832537174657,0.202237703895673,0.203958560126982,0.200081982061511,0.207256690622055,0.207192694166608,0.21908080147128,0.218886001590962,0.2189243274972,0.219304883673525,0.0729351901613952,0.077698898605563,0.0789161902300167,0.00436719669410531,0.00436719669410531,0.00338432263499888,3.90276242113109e-05,3.9030004471712e-05,0,1.95090157375579e-05,0.00438444084905442,0.00459835295856887,0.00444007091861404,0.00598236111872556,0.00446468391525865,0.00448338246666853,0.00419601195078389,0.011773897750476,0.011773897750476,0.0118699668669702,0.0113847890404286,0.0113465434464704,0.0113273847448404,0.00932582106345518,0.0986622370588422,0.101152845801653,0.101362637250245,0.104177541373833,0.104829523103105,0.103859839730196,0.103797318677725,0.106572194320619,0.106375824974022,0.10873137842994,0.10535503821328,0.10658664572751,0.10926200853331,0.109340285576118,0.109577203518983,0.110351043080982,0.111622792238647,0.111318463528857,0.111464442074493,0.111497325328918,0.111378738461506,0.110954345101067,0.111281907231516,0.111414072194014,0.109713775332869,0.111344199320143,0.108989606973226,0.1094393368291,0.108573979552627,0.107155690308616,0.103300955175901,0.0898490976448305,0.0926283667895795,0.0944105827500459,0.275356622485925,0.282360690379055,0.285639382133428,0.285639382133428,0.29041099936559,0.272669317741625,0.258546604708293,0.26233226584562,0.262350810110271,0.262964570593068,0.412621297238386,0.368550741698375,0.24391522731718,0.335460915714694,0.335408742973367,0.346066273674662,0.348589672942115,0.348026776444575,0.348267964216126,0.348622571324099,0.354812563217207,0.3486134159966,0.349124764485135,0.351233755383786,0.348717625159159,0.350353180629385,0.350353180629385,0.350454597301988,0.3504928776965,0.350446860824771,0.351512611507471,0.349127207263219,0.351149317352387,0.349248682218155,0.349248682218155,0.352901484518398,0.352901484518398,0.349585331666614,0.349585331666614,0.343129754433215,0.335469506992172,0.336833688572573,0.336286292015308,0.33620744219008,0.336196464801921,0.335980660944606,0.336008869711737,0.326147999663171,0.326295220547008,0.326315489525404,0.327423631627785,0.328048237164865,0.328068868659788,0.333110529087161,0.34642414404795,0.348266189445219,0.332525411525257,0.762515069012771,0.531361202991361,0.529563237808528,0.523119028282976,0.502434381141857,0.502434458543337,0.49479514883349,0.49485579630557,0.509743399724027,0.516287076818708,0.518614128979227,0.510661619988665,0.515904441886412,0.51809978846035,0.489048445065986,0.511268364539218,0.511147290414398,0.516337034526987,0.500045886817742,0.502260554667963,0.50292220336601,0.497425481199092
"MG515479.1",0.353598200087348,0.353532260823213,0.34972191368981,0.344430340287912,0.3425741105461,0.35915427442018,0.361792665071337,0.361811500258297,0.38629815970689,0.367219734036608,0.369017609873643,0.369062110247057,0.365678341452769,0.368174148182433,0.363250964298837,0.354786713560573,0.423875342862315,0.420909027951334,0.432476239589689,0.413995587770371,0.398906770444116,0.407904579794685,0.407952828906163,0.404346109866839,0.373095807896394,0.372507686904709,0.371962846388642,0.383252093253477,0.383319987112892,0.383229481553968,0.357071885498178,0.376139374187373,0.3739635561301,0.434155361553932,0.433638076437856,0.401905602106777,0.405614855881502,0.409880193733788,0.41200758629655,0.417411785103314,0.417314803357701,0.431411183570214,0.434429931015041,0.435132904001807,0.412738392915673,0.411111123146243,0.406549965398527,0.400665521252669,0.404624163484296,0.373974832900529,0.374026557593683,0.421275856793114,0.406895380198931,0.377741571469528,0.564004480796041,0.172436871705819,0.172333967728939,0.17110617035202,0.171239205041595,0.197795050079067,0.196723038565889,0.195365652987407,0.196252925407426,0.196996647749653,0.196746807315715,0.196727770552244,0.196708850650956,0.196377098674305,0.196089495251374,0.192226542671113,0.215800549327164,0.217295463082351,0.218140434848041,0.218455470427961,0.199476138382164,0.201851458782277,0.202256625503292,0.203977481734602,0.200100903669131,0.207275612229674,0.207211615774227,0.219099723078899,0.218904923198581,0.218943249104819,0.219323805281145,0.0729541117690147,0.0777178202131826,0.0789351118376362,0.00438611830172483,0.00438611830172483,0.0034032442426184,5.79492318308348e-05,5.7951612091236e-05,1.95090157375579e-05,0,0.00440336245667394,0.00461727456618839,0.00445899252623356,0.00600128272634508,0.00448360552287817,0.00450230407428806,0.00421493355840342,0.0117928193580955,0.0117928193580955,0.0118888884745898,0.0114037106480481,0.0113654650540899,0.01134630635246,0.0093447426710747,0.0986811586664618,0.101171767409272,0.101381558857865,0.104196462981452,0.104848444710725,0.103878761337815,0.103816240285344,0.106591115928238,0.106394746581642,0.108750300037559,0.105373959820899,0.10660556733513,0.10928093014093,0.109359207183737,0.109596125126602,0.110369964688602,0.111641713846267,0.111337385136476,0.111483363682112,0.111516246936537,0.111397660069125,0.110973266708686,0.111300828839135,0.111432993801633,0.109732696940489,0.111363120927762,0.109008528580846,0.109458258436719,0.108592901160247,0.107174611916236,0.10331987678352,0.08986801925245,0.092647288397199,0.0944295043576655,0.275375544093544,0.282379611986674,0.285658303741047,0.285658303741047,0.29042992097321,0.272688239349245,0.258565526315913,0.262351187453239,0.262369731717891,0.262983492200688,0.412640218846005,0.368569663305995,0.243934148924799,0.335479837322313,0.335427664580986,0.346085195282282,0.348608594549734,0.348045698052194,0.348286885823746,0.348641492931718,0.354831484824827,0.348632337604219,0.349143686092754,0.351252676991406,0.348736546766779,0.350372102237004,0.350372102237004,0.350473518909607,0.350511799304119,0.350465782432391,0.351531533115091,0.349146128870838,0.351168238960006,0.349267603825774,0.349267603825774,0.352920406126018,0.352920406126018,0.349604253274234,0.349604253274234,0.343148676040834,0.335488428599792,0.336852610180192,0.336305213622928,0.336226363797699,0.336215386409541,0.335999582552225,0.336027791319357,0.32616692127079,0.326314142154628,0.326334411133023,0.327442553235404,0.328067158772485,0.328087790267408,0.333129450694781,0.346443065655569,0.348285111052839,0.332544333132876,0.762533990620391,0.531380124598981,0.529582159416148,0.523137949890595,0.502453302749476,0.502453380150956,0.49481407044111,0.494874717913189,0.509762321331646,0.516305998426328,0.518633050586846,0.510680541596284,0.515923363494031,0.51811871006797,0.489067366673605,0.511287286146838,0.511166212022018,0.516355956134607,0.500064808425361,0.502279476275583,0.502941124973629,0.497444402806712
"LC504350.1",0.352323878570797,0.352257939306661,0.348447592173258,0.34315601877136,0.341299789029548,0.357879952903629,0.360518343554785,0.360537178741746,0.385023838190339,0.365945412520057,0.367743288357091,0.367787788730505,0.364404019936217,0.366899826665882,0.361976642782285,0.353512392044021,0.422601021345764,0.419634706434782,0.431201918073137,0.412721266253819,0.397632448927564,0.406630258278133,0.406678507389611,0.403071788350287,0.371821486379842,0.371233365388157,0.370688524872091,0.381977771736925,0.38204566559634,0.381955160037416,0.355797563981626,0.374865052670821,0.372689234613549,0.432881040037381,0.432363754921305,0.400631280590225,0.40434053436495,0.408605872217236,0.410733264779998,0.416137463586762,0.416040481841149,0.430136862053663,0.433155609498489,0.433858582485255,0.411464071399122,0.409836801629691,0.405275643881976,0.399391199736117,0.403349841967744,0.372700511383977,0.372752236077131,0.420001535276562,0.405621058682379,0.376467249952977,0.562730159279489,0.171162550189267,0.171059646212387,0.169831848835469,0.169964883525043,0.196520728562515,0.195448717049337,0.194091331470855,0.194978603890874,0.195722326233101,0.195472485799163,0.195453449035692,0.195434529134404,0.195102777157753,0.194815173734822,0.190952221154562,0.214526227810612,0.216021141565799,0.216866113331489,0.217181148911409,0.198201816865612,0.200577137265725,0.20098230398674,0.20270316021805,0.198826582152579,0.206001290713122,0.205937294257675,0.217825401562347,0.217630601682029,0.217668927588268,0.218049483764593,0.0716797902524629,0.0764434986966308,0.0776607903210844,0.00311179678517304,0.00311179678517304,0.00290950652648991,0.00442229365702966,0.00442229603729006,0.00438444084905442,0.00440336245667394,0,0.000913079332338999,0.000754797292384164,0.00229708749249568,0.000808960590996702,0.000827659142406585,0.00294061204185162,0.0105184978415437,0.0105184978415437,0.010614566958038,0.0101293891314963,0.0100911435375381,0.0100719848359082,0.00807042115452291,0.09740683714991,0.0998974458927207,0.100107237341313,0.1029221414649,0.103574123194173,0.102604439821264,0.102541918768792,0.105316794411686,0.10512042506509,0.107475978521007,0.104099638304347,0.105331245818578,0.108006608624378,0.108084885667186,0.108321803610051,0.10909564317205,0.110367392329715,0.110063063619925,0.110209042165561,0.110241925419986,0.110123338552573,0.109698945192134,0.110026507322583,0.110158672285082,0.108458375423937,0.110088799411211,0.107734207064294,0.108183936920167,0.107318579643695,0.105900290399684,0.102045555266969,0.0885936977358983,0.0913729668806473,0.0931551828411137,0.274101222576993,0.281105290470123,0.284383982224495,0.284383982224495,0.289155599456658,0.271413917832693,0.257291204799361,0.261076865936687,0.261095410201339,0.261709170684136,0.411365897329453,0.367295341789443,0.242659827408247,0.334205515805761,0.334153343064434,0.34481087376573,0.347334273033182,0.346771376535642,0.347012564307194,0.347367171415166,0.353557163308275,0.347358016087667,0.347869364576202,0.349978355474854,0.347462225250227,0.349097780720452,0.349097780720452,0.349199197393055,0.349237477787568,0.349191460915839,0.350257211598539,0.347871807354286,0.349893917443454,0.347993282309222,0.347993282309222,0.351646084609466,0.351646084609466,0.348329931757682,0.348329931757682,0.341874354524282,0.33421410708324,0.33557828866364,0.335030892106376,0.334952042281147,0.334941064892989,0.334725261035673,0.334753469802805,0.324892599754239,0.325039820638076,0.325060089616471,0.326168231718852,0.326792837255933,0.326813468750856,0.331855129178229,0.345168744139017,0.347010789536287,0.331270011616325,0.761259669103839,0.530105803082429,0.528307837899596,0.521863628374043,0.501178981232925,0.501179058634404,0.493539748924558,0.493600396396637,0.508487999815094,0.515031676909776,0.517358729070294,0.509406220079732,0.51464904197748,0.516844388551418,0.487793045157053,0.510012964630286,0.509891890505466,0.515081634618055,0.498790486908809,0.501005154759031,0.501666803457077,0.49617008129016
"LC504354.1",0.352537790680311,0.352471851416176,0.348661504282773,0.343369930880874,0.341513701139063,0.358093865013143,0.3607322556643,0.36075109085126,0.385237750299853,0.366159324629571,0.367957200466606,0.368001700840019,0.364617932045731,0.367113738775396,0.362190554891799,0.353726304153535,0.422814933455278,0.419848618544296,0.431415830182652,0.412935178363333,0.397846361037079,0.406844170387647,0.406892419499126,0.403285700459802,0.372035398489356,0.371447277497671,0.370902436981605,0.38219168384644,0.382259577705854,0.38216907214693,0.356011476091141,0.375078964780335,0.372903146723063,0.433094952146895,0.432577667030819,0.400845192699739,0.404554446474464,0.40881978432675,0.410947176889513,0.416351375696276,0.416254393950663,0.430350774163177,0.433369521608003,0.43407249459477,0.411677983508636,0.410050713739206,0.40548955599149,0.399605111845632,0.403563754077258,0.372914423493492,0.372966148186645,0.420215447386076,0.405834970791893,0.376681162062491,0.562944071389004,0.171376462298782,0.171273558321901,0.170045760944983,0.170178795634557,0.19673464067203,0.195662629158851,0.194305243580369,0.195192516000389,0.195936238342616,0.195686397908677,0.195667361145207,0.195648441243918,0.195316689267268,0.195029085844337,0.191166133264076,0.214740139920126,0.216235053675314,0.217080025441003,0.217395061020923,0.198415728975126,0.20079104937524,0.201196216096255,0.202917072327564,0.199040494262093,0.206215202822637,0.20615120636719,0.218039313671862,0.217844513791544,0.217882839697782,0.218263395874108,0.0718937023619774,0.0766574108061453,0.0778747024305989,0.0033257088946875,0.0033257088946875,0.00312341863600436,0.00463620576654411,0.00463620814680451,0.00459835295856887,0.00461727456618839,0.000913079332338999,0,0.000425665896401783,0.00243794178199433,0.00102287270051115,0.00104157125192104,0.00315452415136608,0.0107324099510582,0.0107324099510582,0.0108284790675524,0.0103433012410108,0.0103050556470526,0.0102858969454226,0.00828433326403736,0.0976207492594244,0.100111358002235,0.100321149450828,0.103136053574415,0.103788035303687,0.102818351930778,0.102755830878307,0.105530706521201,0.105334337174604,0.107689890630522,0.104313550413862,0.105545157928092,0.108220520733893,0.1082987977767,0.108535715719565,0.109309555281565,0.11058130443923,0.110276975729439,0.110422954275075,0.1104558375295,0.110337250662088,0.109912857301649,0.110240419432098,0.110372584394596,0.108672287533451,0.110302711520725,0.107948119173809,0.108397849029682,0.107532491753209,0.106114202509198,0.102259467376483,0.0888076098454127,0.0915868789901617,0.0933690949506281,0.274315134686507,0.281319202579637,0.28459789433401,0.28459789433401,0.289369511566172,0.271627829942207,0.257505116908876,0.261290778046202,0.261309322310853,0.261923082793651,0.411579809438968,0.367509253898957,0.242873739517762,0.334419427915276,0.334367255173949,0.345024785875244,0.347548185142697,0.346985288645157,0.347226476416709,0.347581083524681,0.353771075417789,0.347571928197182,0.348083276685717,0.350192267584368,0.347676137359741,0.349311692829967,0.349311692829967,0.34941310950257,0.349451389897082,0.349405373025354,0.350471123708053,0.348085719463801,0.350107829552969,0.348207194418737,0.348207194418737,0.35185999671898,0.35185999671898,0.348543843867196,0.348543843867196,0.342088266633797,0.334428019192754,0.335792200773155,0.33524480421589,0.335165954390662,0.335154977002503,0.334939173145188,0.334967381912319,0.325106511863753,0.32525373274759,0.325274001725986,0.326382143828367,0.327006749365447,0.32702738086037,0.332069041287743,0.345382656248532,0.347224701645801,0.331483923725839,0.761473581213353,0.530319715191943,0.52852175000911,0.522077540483558,0.501392893342439,0.501392970743919,0.493753661034072,0.493814308506152,0.508701911924609,0.51524558901929,0.517572641179809,0.509620132189247,0.514862954086994,0.517058300660933,0.488006957266568,0.5102268767398,0.51010580261498,0.515295546727569,0.499004399018324,0.501219066868545,0.501880715566592,0.496383993399674
"LC504385.1",0.352379508640356,0.352313569376221,0.348503222242818,0.34321164884092,0.341355419099108,0.357935582973188,0.360573973624345,0.360592808811305,0.385079468259898,0.366001042589616,0.367798918426651,0.367843418800065,0.364459650005777,0.366955456735441,0.362032272851845,0.35356802211358,0.422656651415323,0.419690336504342,0.431257548142697,0.412776896323379,0.397688078997124,0.406685888347693,0.406734137459171,0.403127418419847,0.371877116449402,0.371288995457716,0.37074415494165,0.382033401806485,0.382101295665899,0.382010790106976,0.355853194051186,0.37492068274038,0.372744864683108,0.43293667010694,0.432419384990864,0.400686910659784,0.40439616443451,0.408661502286795,0.410788894849558,0.416193093656322,0.416096111910708,0.430192492123222,0.433211239568048,0.433914212554815,0.411519701468681,0.409892431699251,0.405331273951535,0.399446829805677,0.403405472037304,0.372756141453537,0.372807866146691,0.420057165346122,0.405676688751939,0.376522880022536,0.562785789349049,0.171218180258827,0.171115276281947,0.169887478905028,0.170020513594603,0.196576358632075,0.195504347118896,0.194146961540414,0.195034233960434,0.195777956302661,0.195528115868722,0.195509079105252,0.195490159203964,0.195158407227313,0.194870803804382,0.191007851224121,0.214581857880171,0.216076771635359,0.216921743401048,0.217236778980969,0.198257446935171,0.200632767335285,0.2010379340563,0.202758790287609,0.198882212222138,0.206056920782682,0.205992924327235,0.217881031631907,0.217686231751589,0.217724557657827,0.218105113834153,0.0717354203220225,0.0764991287661904,0.077716420390644,0.00316742685473266,0.00316742685473266,0.00296513659604953,0.00447792372658928,0.00447792610684968,0.00444007091861404,0.00445899252623356,0.000754797292384164,0.000425665896401783,0,0.00227965974203949,0.000864590660556319,0.000883289211966203,0.00299624211141124,0.0105741279111034,0.0105741279111034,0.0106701970275976,0.0101850192010559,0.0101467736070977,0.0101276149054678,0.00812605122408252,0.0974624672194696,0.0999530759622803,0.100162867410873,0.10297777153446,0.103629753263732,0.102660069890823,0.102597548838352,0.105372424481246,0.10517605513465,0.107531608590567,0.104155268373907,0.105386875888138,0.108062238693938,0.108140515736745,0.10837743367961,0.10915127324161,0.110423022399275,0.110118693689484,0.11026467223512,0.110297555489545,0.110178968622133,0.109754575261694,0.110082137392143,0.110214302354641,0.108514005493497,0.11014442948077,0.107789837133854,0.108239566989727,0.107374209713254,0.105955920469244,0.102101185336528,0.0886493278054579,0.0914285969502069,0.0932108129106733,0.274156852646552,0.281160920539682,0.284439612294055,0.284439612294055,0.289211229526217,0.271469547902253,0.257346834868921,0.261132496006247,0.261151040270898,0.261764800753696,0.411421527399013,0.367350971859003,0.242715457477807,0.334261145875321,0.334208973133994,0.344866503835289,0.347389903102742,0.346827006605202,0.347068194376754,0.347422801484726,0.353612793377834,0.347413646157227,0.347924994645762,0.350033985544414,0.347517855319787,0.349153410790012,0.349153410790012,0.349254827462615,0.349293107857127,0.349247090985399,0.350312841668098,0.347927437423846,0.349949547513014,0.348048912378782,0.348048912378782,0.351701714679025,0.351701714679025,0.348385561827241,0.348385561827241,0.341929984593842,0.334269737152799,0.3356339187332,0.335086522175936,0.335007672350707,0.334996694962548,0.334780891105233,0.334809099872364,0.324948229823798,0.325095450707635,0.325115719686031,0.326223861788412,0.326848467325493,0.326869098820415,0.331910759247789,0.345224374208577,0.347066419605846,0.331325641685884,0.761315299173398,0.530161433151988,0.528363467969155,0.521919258443603,0.501234611302484,0.501234688703964,0.493595378994117,0.493656026466197,0.508543629884654,0.515087306979336,0.517414359139854,0.509461850149292,0.514704672047039,0.516900018620978,0.487848675226613,0.510068594699846,0.509947520575025,0.515137264687614,0.498846116978369,0.50106078482859,0.501722433526637,0.49622571135972
"OR517473.1",0.353921798840468,0.353855859576332,0.35004551244293,0.344753939041031,0.342897709299219,0.3594778731733,0.362116263824456,0.362135099011417,0.38662175846001,0.367543332789728,0.369341208626763,0.369385709000176,0.366001940205888,0.368497746935553,0.363574563051956,0.355110312313692,0.424198941615435,0.421232626704453,0.432799838342808,0.41431918652349,0.399230369197235,0.408228178547804,0.408276427659282,0.404669708619958,0.373419406649513,0.372831285657828,0.372286445141762,0.383575692006597,0.383643585866011,0.383553080307087,0.357395484251297,0.376462972940492,0.37428715488322,0.434478960307052,0.433961675190976,0.402229200859896,0.405938454634621,0.410203792486907,0.41233118504967,0.417735383856433,0.41763840211082,0.431734782323334,0.43475352976816,0.435456502754927,0.413061991668793,0.411434721899362,0.406873564151647,0.400989120005788,0.404947762237415,0.374298431653648,0.374350156346802,0.421599455546233,0.40721897895205,0.378065170222648,0.564328079549161,0.172760470458939,0.172657566482058,0.17142976910514,0.171562803794714,0.198118648832186,0.197046637319008,0.195689251740526,0.196576524160545,0.197320246502773,0.197070406068834,0.197051369305363,0.197032449404075,0.196700697427425,0.196413094004494,0.192550141424233,0.216124148080283,0.21761906183547,0.21846403360116,0.21877906918108,0.199799737135283,0.202175057535396,0.202580224256411,0.204301080487721,0.20042450242225,0.207599210982794,0.207535214527347,0.219423321832018,0.2192285219517,0.219266847857939,0.219647404034264,0.073277710522134,0.0780414189663019,0.0792587105907556,0.00470971705484418,0.00470971705484418,0.00450742679616105,0.0060202139267008,0.0060202163069612,0.00598236111872556,0.00600128272634508,0.00229708749249568,0.00243794178199433,0.00227965974203949,0,0.00240688086066784,0.00242557941207772,0.00453853231152276,0.0121164181112149,0.0121164181112149,0.0122124872277091,0.0117273094011674,0.0116890638072093,0.0116699051055793,0.00966834142419404,0.0990047574195811,0.101495366162392,0.101705157610984,0.104520061734571,0.105172043463844,0.104202360090935,0.104139839038464,0.106914714681357,0.106718345334761,0.109073898790678,0.105697558574019,0.106929166088249,0.109604528894049,0.109682805936857,0.109919723879722,0.110693563441721,0.111965312599386,0.111660983889596,0.111806962435232,0.111839845689657,0.111721258822245,0.111296865461806,0.111624427592254,0.111756592554753,0.110056295693608,0.111686719680882,0.109332127333965,0.109781857189839,0.108916499913366,0.107498210669355,0.10364347553664,0.0901916180055694,0.0929708871503184,0.0947531031107848,0.275699142846664,0.282703210739794,0.285981902494166,0.285981902494166,0.290753519726329,0.273011838102364,0.258889125069032,0.262674786206359,0.26269333047101,0.263307090953807,0.412963817599124,0.368893262059114,0.244257747677919,0.335803436075432,0.335751263334105,0.346408794035401,0.348932193302854,0.348369296805313,0.348610484576865,0.348965091684837,0.355155083577946,0.348955936357338,0.349467284845873,0.351576275744525,0.349060145519898,0.350695700990124,0.350695700990124,0.350797117662726,0.350835398057239,0.35078938118551,0.35185513186821,0.349469727623957,0.351491837713125,0.349591202578894,0.349591202578894,0.353244004879137,0.353244004879137,0.349927852027353,0.349927852027353,0.343472274793953,0.335812027352911,0.337176208933311,0.336628812376047,0.336549962550818,0.33653898516266,0.336323181305344,0.336351390072476,0.32649052002391,0.326637740907747,0.326658009886143,0.327766151988524,0.328390757525604,0.328411389020527,0.3334530494479,0.346766664408689,0.348608709805958,0.332867931885996,0.76285758937351,0.5317037233521,0.529905758169267,0.523461548643715,0.502776901502596,0.502776978904076,0.495137669194229,0.495198316666308,0.510085920084766,0.516629597179447,0.518956649339965,0.511004140349403,0.516246962247151,0.518442308821089,0.489390965426724,0.511610884899957,0.511489810775137,0.516679554887726,0.50038840717848,0.502603075028702,0.503264723726748,0.497768001559831
"LC504364.1",0.352404121637001,0.352338182372865,0.348527835239462,0.343236261837564,0.341380032095752,0.357960195969833,0.360598586620989,0.36061742180795,0.385104081256543,0.366025655586261,0.367823531423296,0.367868031796709,0.364484263002421,0.366980069732086,0.362056885848489,0.353592635110225,0.422681264411968,0.419714949500986,0.431282161139341,0.412801509320023,0.397712691993768,0.406710501344337,0.406758750455816,0.403152031416491,0.371901729446046,0.371313608454361,0.370768767938295,0.38205801480313,0.382125908662544,0.38203540310362,0.35587780704783,0.374945295737025,0.372769477679753,0.432961283103585,0.432443997987509,0.400711523656429,0.404420777431154,0.40868611528344,0.410813507846203,0.416217706652966,0.416120724907353,0.430217105119867,0.433235852564693,0.43393882555146,0.411544314465326,0.409917044695895,0.40535588694818,0.399471442802321,0.403430085033948,0.372780754450182,0.372832479143335,0.420081778342766,0.405701301748583,0.376547493019181,0.562810402345694,0.171242793255472,0.171139889278591,0.169912091901673,0.170045126591247,0.19660097162872,0.195528960115541,0.194171574537059,0.195058846957078,0.195802569299306,0.195552728865367,0.195533692101896,0.195514772200608,0.195183020223958,0.194895416801027,0.191032464220766,0.214606470876816,0.216101384632003,0.216946356397693,0.217261391977613,0.198282059931816,0.200657380331929,0.201062547052945,0.202783403284254,0.198906825218783,0.206081533779327,0.20601753732388,0.217905644628551,0.217710844748233,0.217749170654472,0.218129726830797,0.0717600333186671,0.076523741762835,0.0777410333872886,0.00319203985137727,0.00319203985137727,0.00298974959269414,0.00450253672323389,0.0045025391034943,0.00446468391525865,0.00448360552287817,0.000808960590996702,0.00102287270051115,0.000864590660556319,0.00240688086066784,0,1.92859595279173e-05,0.00302085510805586,0.010598740907748,0.010598740907748,0.0106948100242422,0.0102096321977005,0.0101713866037424,0.0101522279021124,0.00815066422072714,0.0974870802161142,0.0999776889589249,0.100187480407517,0.103002384531105,0.103654366260377,0.102684682887468,0.102622161834997,0.105397037477891,0.105200668131294,0.107556221587212,0.104179881370552,0.105411488884782,0.108086851690582,0.10816512873339,0.108402046676255,0.109175886238254,0.110447635395919,0.110143306686129,0.110289285231765,0.11032216848619,0.110203581618778,0.109779188258339,0.110106750388787,0.110238915351286,0.108538618490141,0.110169042477415,0.107814450130498,0.108264179986372,0.107398822709899,0.105980533465888,0.102125798333173,0.0886739408021025,0.0914532099468515,0.0932354259073179,0.274181465643197,0.281185533536327,0.2844642252907,0.2844642252907,0.289235842522862,0.271494160898897,0.257371447865565,0.261157109002892,0.261175653267543,0.26178941375034,0.411446140395657,0.367375584855647,0.242740070474452,0.334285758871966,0.334233586130639,0.344891116831934,0.347414516099387,0.346851619601847,0.347092807373398,0.34744741448137,0.353637406374479,0.347438259153871,0.347949607642407,0.350058598541058,0.347542468316431,0.349178023786657,0.349178023786657,0.34927944045926,0.349317720853772,0.349271703982043,0.350337454664743,0.34795205042049,0.349974160509658,0.348073525375427,0.348073525375427,0.35172632767567,0.35172632767567,0.348410174823886,0.348410174823886,0.341954597590487,0.334294350149444,0.335658531729844,0.33511113517258,0.335032285347351,0.335021307959193,0.334805504101878,0.334833712869009,0.324972842820443,0.32512006370428,0.325140332682676,0.326248474785057,0.326873080322137,0.32689371181706,0.331935372244433,0.345248987205222,0.347091032602491,0.331350254682529,0.761339912170043,0.530186046148633,0.5283880809658,0.521943871440248,0.501259224299129,0.501259301700609,0.493619991990762,0.493680639462841,0.508568242881299,0.51511191997598,0.517438972136499,0.509486463145937,0.514729285043684,0.516924631617622,0.487873288223258,0.51009320769649,0.50997213357167,0.515161877684259,0.498870729975014,0.501085397825235,0.501747046523282,0.496250324356364
"LC504365.1",0.352422820188411,0.352356880924275,0.348546533790872,0.343254960388974,0.341398730647162,0.357978894521243,0.360617285172399,0.36063612035936,0.385122779807953,0.366044354137671,0.367842229974705,0.367886730348119,0.364502961553831,0.366998768283496,0.362075584399899,0.353611333661635,0.422699962963378,0.419733648052396,0.431300859690751,0.412820207871433,0.397731390545178,0.406729199895747,0.406777449007225,0.403170729967901,0.371920427997456,0.371332307005771,0.370787466489705,0.382076713354539,0.382144607213954,0.38205410165503,0.35589650559924,0.374963994288435,0.372788176231163,0.432979981654995,0.432462696538919,0.400730222207839,0.404439475982564,0.40870481383485,0.410832206397613,0.416236405204376,0.416139423458763,0.430235803671277,0.433254551116103,0.43395752410287,0.411563013016736,0.409935743247305,0.40537458549959,0.399490141353731,0.403448783585358,0.372799453001592,0.372851177694745,0.420100476894176,0.405720000299993,0.376566191570591,0.562829100897103,0.171261491806882,0.171158587830001,0.169930790453083,0.170063825142657,0.196619670180129,0.195547658666951,0.194190273088469,0.195077545508488,0.195821267850716,0.195571427416777,0.195552390653306,0.195533470752018,0.195201718775368,0.194914115352437,0.191051162772176,0.214625169428226,0.216120083183413,0.216965054949103,0.217280090529023,0.198300758483226,0.200676078883339,0.201081245604354,0.202802101835664,0.198925523770193,0.206100232330737,0.20603623587529,0.217924343179961,0.217729543299643,0.217767869205882,0.218148425382207,0.071778731870077,0.0765424403142449,0.0777597319386985,0.00321073840278716,0.00321073840278716,0.00300844814410403,0.00452123527464378,0.00452123765490418,0.00448338246666853,0.00450230407428806,0.000827659142406585,0.00104157125192104,0.000883289211966203,0.00242557941207772,1.92859595279173e-05,0,0.00303955365946574,0.0106174394591579,0.0106174394591579,0.0107135085756521,0.0102283307491104,0.0101900851551522,0.0101709264535223,0.00816936277213702,0.0975057787675241,0.0999963875103348,0.100206178958927,0.103021083082514,0.103673064811787,0.102703381438878,0.102640860386407,0.1054157360293,0.105219366682704,0.107574920138621,0.104198579921962,0.105430187436192,0.108105550241992,0.1081838272848,0.108420745227665,0.109194584789664,0.110466333947329,0.110162005237539,0.110307983783175,0.1103408670376,0.110222280170187,0.109797886809748,0.110125448940197,0.110257613902696,0.108557317041551,0.110187741028825,0.107833148681908,0.108282878537781,0.107417521261309,0.105999232017298,0.102144496884583,0.0886926393535124,0.0914719084982614,0.0932541244587278,0.274200164194607,0.281204232087737,0.284482923842109,0.284482923842109,0.289254541074272,0.271512859450307,0.257390146416975,0.261175807554302,0.261194351818953,0.26180811230175,0.411464838947067,0.367394283407057,0.242758769025862,0.334304457423376,0.334252284682049,0.344909815383344,0.347433214650797,0.346870318153256,0.347111505924808,0.34746611303278,0.353656104925889,0.347456957705281,0.347968306193816,0.350077297092468,0.347561166867841,0.349196722338067,0.349196722338067,0.349298139010669,0.349336419405182,0.349290402533453,0.350356153216153,0.3479707489719,0.349992859061068,0.348092223926837,0.348092223926837,0.35174502622708,0.35174502622708,0.348428873375296,0.348428873375296,0.341973296141896,0.334313048700854,0.335677230281254,0.33512983372399,0.335050983898761,0.335040006510603,0.334824202653287,0.334852411420419,0.324991541371853,0.32513876225569,0.325159031234086,0.326267173336467,0.326891778873547,0.32691241036847,0.331954070795843,0.345267685756632,0.347109731153901,0.331368953233939,0.761358610721453,0.530204744700043,0.52840677951721,0.521962569991657,0.501277922850539,0.501278000252019,0.493638690542172,0.493699338014251,0.508586941432709,0.51513061852739,0.517457670687908,0.509505161697346,0.514747983595094,0.516943330169032,0.487891986774667,0.5101119062479,0.50999083212308,0.515180576235669,0.498889428526423,0.501104096376645,0.501765745074692,0.496269022907774
"LC504367.1",0.350957326652526,0.350891387388391,0.347081040254988,0.34178946685309,0.339933237111278,0.356513400985358,0.359151791636515,0.359170626823475,0.383657286272068,0.364578860601786,0.366376736438821,0.366421236812235,0.363037468017947,0.365533274747611,0.360610090864015,0.352145840125751,0.421234469427493,0.418268154516512,0.429835366154867,0.411354714335549,0.396265897009294,0.405263706359863,0.405311955471341,0.401705236432017,0.370454934461572,0.369866813469887,0.36932197295382,0.380611219818655,0.38067911367807,0.380588608119146,0.354431012063356,0.373498500752551,0.371322682695278,0.43151448811911,0.430997203003034,0.399264728671955,0.40297398244668,0.407239320298965,0.409366712861728,0.414770911668492,0.414673929922879,0.428770310135392,0.431789057580219,0.432492030566985,0.410097519480851,0.408470249711421,0.403909091963705,0.398024647817847,0.401983290049474,0.371333959465707,0.371385684158861,0.418634983358292,0.404254506764109,0.375100698034706,0.561363607361219,0.169795998270997,0.169693094294117,0.168465296917198,0.168598331606773,0.195154176644245,0.194082165131067,0.192724779552584,0.193612051972604,0.194355774314831,0.194105933880893,0.194086897117422,0.194067977216134,0.193736225239483,0.193448621816552,0.189585669236291,0.213159675892341,0.214654589647529,0.215499561413219,0.215814596993139,0.196835264947342,0.199210585347455,0.19961575206847,0.201336608299779,0.197460030234309,0.204634738794852,0.204570742339405,0.216458849644077,0.216264049763759,0.216302375669997,0.216682931846323,0.0703132383341926,0.0750769467783605,0.0762942384028141,0.00197138443145362,0.00197138443145362,0.00272107762821938,0.00423386475875913,0.00423386713901954,0.00419601195078389,0.00421493355840342,0.00294061204185162,0.00315452415136608,0.00299624211141124,0.00453853231152276,0.00302085510805586,0.00303955365946574,0,0.00915194592327347,0.00915194592327347,0.00924801503976769,0.00876283721322604,0.00872459161926785,0.00870543291763789,0.00670386923625264,0.0960402852316397,0.0985308939744504,0.0987406854230429,0.10155558954663,0.102207571275903,0.101237887902993,0.101175366850522,0.103950242493416,0.10375387314682,0.106109426602737,0.102733086386077,0.103964693900308,0.106640056706108,0.106718333748915,0.10695525169178,0.10772909125378,0.109000840411445,0.108696511701654,0.10884249024729,0.108875373501715,0.108756786634303,0.108332393273864,0.108659955404313,0.108792120366811,0.107091823505667,0.10872224749294,0.106367655146024,0.106817385001897,0.105952027725425,0.104533738481414,0.100679003348698,0.087227145817628,0.090006414962377,0.0917886309228434,0.272734670658722,0.279738738551852,0.283017430306225,0.283017430306225,0.287789047538388,0.270047365914423,0.255924652881091,0.259710314018417,0.259728858283069,0.260342618765866,0.409999345411183,0.365928789871173,0.241293275489977,0.332838963887491,0.332786791146164,0.34344432184746,0.345967721114912,0.345404824617372,0.345646012388924,0.346000619496896,0.352190611390004,0.345991464169397,0.346502812657932,0.348611803556584,0.346095673331957,0.347731228802182,0.347731228802182,0.347832645474785,0.347870925869297,0.347824908997569,0.348890659680269,0.346505255436016,0.348527365525184,0.346626730390952,0.346626730390952,0.350279532691195,0.350279532691195,0.346963379839412,0.346963379839412,0.340507802606012,0.33284755516497,0.33421173674537,0.333664340188106,0.333585490362877,0.333574512974719,0.333358709117403,0.333386917884534,0.323526047835968,0.323673268719805,0.323693537698201,0.324801679800582,0.325426285337663,0.325446916832585,0.330488577259959,0.343802192220747,0.345644237618016,0.329903459698054,0.759893117185569,0.528739251164159,0.526941285981326,0.520497076455773,0.499812429314654,0.499812506716134,0.492173197006288,0.492233844478367,0.507121447896824,0.513665124991506,0.515992177152024,0.508039668161462,0.513282490059209,0.515477836633148,0.486426493238783,0.508646412712016,0.508525338587196,0.513715082699785,0.497423934990539,0.499638602840761,0.500300251538807,0.49480352937189
"MK250983.1",0.35365396054069,0.353588021276555,0.349777674143152,0.344486100741253,0.342629870999442,0.359210034873522,0.361848425524679,0.361867260711639,0.386353920160232,0.36727549448995,0.369073370326985,0.369117870700399,0.36573410190611,0.368229908635775,0.363306724752179,0.354842474013914,0.423931103315657,0.420964788404675,0.432532000043031,0.414051348223713,0.398962530897458,0.407960340248026,0.408008589359505,0.404401870320181,0.373151568349736,0.37256344735805,0.372018606841984,0.383307853706819,0.383375747566233,0.383285242007309,0.35712764595152,0.376195134640714,0.374019316583442,0.434211122007274,0.433693836891198,0.401961362560118,0.405670616334843,0.409935954187129,0.412063346749892,0.417467545556656,0.417370563811042,0.431466944023556,0.434485691468382,0.435188664455149,0.412794153369015,0.411166883599585,0.406605725851869,0.400721281706011,0.404679923937638,0.374030593353871,0.374082318047025,0.421331617246456,0.406951140652273,0.37779733192287,0.564060241249383,0.172492632159161,0.172389728182281,0.171161930805362,0.171294965494937,0.197850810532409,0.19677879901923,0.195421413440748,0.196308685860768,0.197052408202995,0.196802567769056,0.196783531005586,0.196764611104297,0.196432859127647,0.196145255704716,0.192282303124455,0.215856309780505,0.217351223535693,0.218196195301382,0.218511230881303,0.199531898835505,0.201907219235619,0.202312385956634,0.204033242187943,0.200156664122472,0.207331372683016,0.207267376227569,0.219155483532241,0.218960683651923,0.218999009558161,0.219379565734487,0.0730098722223564,0.0777735806665243,0.0789908722909779,0.00954927023114573,0.00954927023114573,0.0102989634279115,0.0118117505584512,0.0118117529387116,0.011773897750476,0.0117928193580955,0.0105184978415437,0.0107324099510582,0.0105741279111034,0.0121164181112149,0.010598740907748,0.0106174394591579,0.00915194592327347,0,5.87408118033991e-07,9.72373655058093e-05,0.000427681833572379,0.000427941712123647,0.000447309503857042,0.00530217179811291,0.0987369191198035,0.101227527862614,0.101437319311207,0.104252223434794,0.104904205164066,0.103934521791157,0.103872000738686,0.10664687638158,0.106450507034984,0.108806060490901,0.105429720274241,0.106661327788471,0.109336690594272,0.109414967637079,0.109651885579944,0.110425725141944,0.111697474299609,0.111393145589818,0.111539124135454,0.111572007389879,0.111453420522467,0.111029027162028,0.111356589292477,0.111488754254975,0.10978845739383,0.111418881381104,0.109064289034188,0.109514018890061,0.108648661613588,0.107230372369578,0.103375637236862,0.0899237797057918,0.0927030488505407,0.0944852648110072,0.275431304546886,0.282435372440016,0.285714064194389,0.285714064194389,0.290485681426551,0.272743999802586,0.258621286769255,0.262406947906581,0.262425492171232,0.26303925265403,0.412695979299347,0.368625423759337,0.243989909378141,0.335535597775655,0.335483425034328,0.346140955735623,0.348664355003076,0.348101458505536,0.348342646277088,0.34869725338506,0.354887245278168,0.348688098057561,0.349199446546096,0.351308437444747,0.34879230722012,0.350427862690346,0.350427862690346,0.350529279362949,0.350567559757461,0.350521542885733,0.351587293568432,0.34920188932418,0.351223999413348,0.349323364279116,0.349323364279116,0.352976166579359,0.352976166579359,0.349660013727575,0.349660013727575,0.343204436494176,0.335544189053133,0.336908370633534,0.33636097407627,0.336282124251041,0.336271146862882,0.336055343005567,0.336083551772698,0.326222681724132,0.326369902607969,0.326390171586365,0.327498313688746,0.328122919225827,0.328143550720749,0.333185211148122,0.346498826108911,0.34834087150618,0.332600093586218,0.762589751073732,0.531435885052322,0.529637919869489,0.523193710343937,0.502509063202818,0.502509140604298,0.494869830894451,0.494930478366531,0.509818081784988,0.51636175887967,0.518688811040188,0.510736302049626,0.515979123947373,0.518174470521312,0.489123127126947,0.51134304660018,0.511221972475359,0.516411716587948,0.500120568878703,0.502335236728924,0.502996885426971,0.497500163260053
"MK250984.1",0.35365396054069,0.353588021276555,0.349777674143152,0.344486100741253,0.342629870999442,0.359210034873522,0.361848425524679,0.361867260711639,0.386353920160232,0.36727549448995,0.369073370326985,0.369117870700399,0.36573410190611,0.368229908635775,0.363306724752179,0.354842474013914,0.423931103315657,0.420964788404675,0.432532000043031,0.414051348223713,0.398962530897458,0.407960340248026,0.408008589359505,0.404401870320181,0.373151568349736,0.37256344735805,0.372018606841984,0.383307853706819,0.383375747566233,0.383285242007309,0.35712764595152,0.376195134640714,0.374019316583442,0.434211122007274,0.433693836891198,0.401961362560118,0.405670616334843,0.409935954187129,0.412063346749892,0.417467545556656,0.417370563811042,0.431466944023556,0.434485691468382,0.435188664455149,0.412794153369015,0.411166883599585,0.406605725851869,0.400721281706011,0.404679923937638,0.374030593353871,0.374082318047025,0.421331617246456,0.406951140652273,0.37779733192287,0.564060241249383,0.172492632159161,0.172389728182281,0.171161930805362,0.171294965494937,0.197850810532409,0.19677879901923,0.195421413440748,0.196308685860768,0.197052408202995,0.196802567769056,0.196783531005586,0.196764611104297,0.196432859127647,0.196145255704716,0.192282303124455,0.215856309780505,0.217351223535693,0.218196195301382,0.218511230881303,0.199531898835505,0.201907219235619,0.202312385956634,0.204033242187943,0.200156664122472,0.207331372683016,0.207267376227569,0.219155483532241,0.218960683651923,0.218999009558161,0.219379565734487,0.0730098722223564,0.0777735806665243,0.0789908722909779,0.00954927023114573,0.00954927023114573,0.0102989634279115,0.0118117505584512,0.0118117529387116,0.011773897750476,0.0117928193580955,0.0105184978415437,0.0107324099510582,0.0105741279111034,0.0121164181112149,0.010598740907748,0.0106174394591579,0.00915194592327347,5.87408118033991e-07,0,9.72373655058093e-05,0.000427681833572379,0.000427941712123647,0.000447309503857042,0.00530217179811291,0.0987369191198035,0.101227527862614,0.101437319311207,0.104252223434794,0.104904205164066,0.103934521791157,0.103872000738686,0.10664687638158,0.106450507034984,0.108806060490901,0.105429720274241,0.106661327788471,0.109336690594272,0.109414967637079,0.109651885579944,0.110425725141944,0.111697474299609,0.111393145589818,0.111539124135454,0.111572007389879,0.111453420522467,0.111029027162028,0.111356589292477,0.111488754254975,0.10978845739383,0.111418881381104,0.109064289034188,0.109514018890061,0.108648661613588,0.107230372369578,0.103375637236862,0.0899237797057918,0.0927030488505407,0.0944852648110072,0.275431304546886,0.282435372440016,0.285714064194389,0.285714064194389,0.290485681426551,0.272743999802586,0.258621286769255,0.262406947906581,0.262425492171232,0.26303925265403,0.412695979299347,0.368625423759337,0.243989909378141,0.335535597775655,0.335483425034328,0.346140955735623,0.348664355003076,0.348101458505536,0.348342646277088,0.34869725338506,0.354887245278168,0.348688098057561,0.349199446546096,0.351308437444747,0.34879230722012,0.350427862690346,0.350427862690346,0.350529279362949,0.350567559757461,0.350521542885733,0.351587293568432,0.34920188932418,0.351223999413348,0.349323364279116,0.349323364279116,0.352976166579359,0.352976166579359,0.349660013727575,0.349660013727575,0.343204436494176,0.335544189053133,0.336908370633534,0.33636097407627,0.336282124251041,0.336271146862882,0.336055343005567,0.336083551772698,0.326222681724132,0.326369902607969,0.326390171586365,0.327498313688746,0.328122919225827,0.328143550720749,0.333185211148122,0.346498826108911,0.34834087150618,0.332600093586218,0.762589751073732,0.531435885052322,0.529637919869489,0.523193710343937,0.502509063202818,0.502509140604298,0.494869830894451,0.494930478366531,0.509818081784988,0.51636175887967,0.518688811040188,0.510736302049626,0.515979123947373,0.518174470521312,0.489123127126947,0.51134304660018,0.511221972475359,0.516411716587948,0.500120568878703,0.502335236728924,0.502996885426971,0.497500163260053
"MK250985.1",0.353750029657184,0.353684090393049,0.349873743259646,0.344582169857748,0.342725940115936,0.359306103990016,0.361944494641173,0.361963329828133,0.386449989276726,0.367371563606444,0.369169439443479,0.369213939816893,0.365830171022605,0.368325977752269,0.363402793868673,0.354938543130409,0.424027172432151,0.42106085752117,0.432628069159525,0.414147417340207,0.399058600013952,0.408056409364521,0.408104658475999,0.404497939436675,0.37324763746623,0.372659516474544,0.372114675958478,0.383403922823313,0.383471816682727,0.383381311123804,0.357223715068014,0.376291203757209,0.374115385699936,0.434307191123768,0.433789906007692,0.402057431676613,0.405766685451338,0.410032023303623,0.412159415866386,0.41756361467315,0.417466632927537,0.43156301314005,0.434581760584877,0.435284733571643,0.412890222485509,0.411262952716079,0.406701794968363,0.400817350822505,0.404775993054132,0.374126662470365,0.374178387163519,0.42142768636295,0.407047209768767,0.377893401039364,0.564156310365877,0.172588701275655,0.172485797298775,0.171257999921856,0.171391034611431,0.197946879648903,0.196874868135725,0.195517482557242,0.196404754977262,0.197148477319489,0.196898636885551,0.19687960012208,0.196860680220792,0.196528928244141,0.19624132482121,0.192378372240949,0.215952378896999,0.217447292652187,0.218292264417876,0.218607299997797,0.199627967952,0.202003288352113,0.202408455073128,0.204129311304437,0.200252733238966,0.20742744179951,0.207363445344063,0.219251552648735,0.219056752768417,0.219095078674655,0.219475634850981,0.0731059413388506,0.0778696497830185,0.0790869414074721,0.00964533934763996,0.00964533934763996,0.0103950325444057,0.0119078196749455,0.0119078220552059,0.0118699668669702,0.0118888884745898,0.010614566958038,0.0108284790675524,0.0106701970275976,0.0122124872277091,0.0106948100242422,0.0107135085756521,0.00924801503976769,9.72373655058093e-05,9.72373655058093e-05,0,0.0005237509500666,0.000524010828617868,0.000543378620351264,0.00539824091460713,0.0988329882362977,0.101323596979108,0.101533388427701,0.104348292551288,0.105000274280561,0.104030590907651,0.10396806985518,0.106742945498074,0.106546576151478,0.108902129607395,0.105525789390735,0.106757396904966,0.109432759710766,0.109511036753573,0.109747954696438,0.110521794258438,0.111793543416103,0.111489214706312,0.111635193251948,0.111668076506373,0.111549489638961,0.111125096278522,0.111452658408971,0.111584823371469,0.109884526510325,0.111514950497598,0.109160358150682,0.109610088006555,0.108744730730083,0.107326441486072,0.103471706353356,0.090019848822286,0.092799117967035,0.0945813339275014,0.27552737366338,0.28253144155651,0.285810133310883,0.285810133310883,0.290581750543046,0.272840068919081,0.258717355885749,0.262503017023075,0.262521561287727,0.263135321770524,0.412792048415841,0.368721492875831,0.244085978494635,0.335631666892149,0.335579494150822,0.346237024852118,0.34876042411957,0.34819752762203,0.348438715393582,0.348793322501554,0.354983314394662,0.348784167174055,0.34929551566259,0.351404506561242,0.348888376336615,0.35052393180684,0.35052393180684,0.350625348479443,0.350663628873955,0.350617612002227,0.351683362684926,0.349297958440674,0.351320068529842,0.34941943339561,0.34941943339561,0.353072235695853,0.353072235695853,0.34975608284407,0.34975608284407,0.34330050561067,0.335640258169627,0.337004439750028,0.336457043192764,0.336378193367535,0.336367215979377,0.336151412122061,0.336179620889192,0.326318750840626,0.326465971724463,0.326486240702859,0.32759438280524,0.328218988342321,0.328239619837243,0.333281280264617,0.346594895225405,0.348436940622674,0.332696162702712,0.762685820190226,0.531531954168817,0.529733988985983,0.523289779460431,0.502605132319312,0.502605209720792,0.494965900010946,0.495026547483025,0.509914150901482,0.516457827996164,0.518784880156682,0.51083237116612,0.516075193063867,0.518270539637806,0.489219196243441,0.511439115716674,0.511318041591853,0.516507785704443,0.500216637995197,0.502431305845419,0.503092954543465,0.497596232376548
"MK250988.1",0.353264851830643,0.353198912566507,0.349388565433104,0.344096992031206,0.342240762289394,0.358820926163475,0.361459316814631,0.361478152001592,0.385964811450185,0.366886385779903,0.368684261616938,0.368728761990351,0.365344993196063,0.367840799925728,0.362917616042131,0.354453365303867,0.42354199460561,0.420575679694628,0.432142891332983,0.413662239513665,0.39857342218741,0.407571231537979,0.407619480649457,0.404012761610133,0.372762459639688,0.372174338648003,0.371629498131937,0.382918744996771,0.382986638856186,0.382896133297262,0.356738537241472,0.375806025930667,0.373630207873395,0.433822013297227,0.43330472818115,0.401572253850071,0.405281507624796,0.409546845477082,0.411674238039844,0.417078436846608,0.416981455100995,0.431077835313509,0.434096582758335,0.434799555745101,0.412405044658967,0.410777774889537,0.406216617141822,0.400332172995963,0.40429081522759,0.373641484643823,0.373693209336977,0.420942508536408,0.406562031942225,0.377408223212823,0.563671132539336,0.172103523449114,0.172000619472233,0.170772822095315,0.170905856784889,0.197461701822361,0.196389690309183,0.195032304730701,0.19591957715072,0.196663299492948,0.196413459059009,0.196394422295538,0.19637550239425,0.196043750417599,0.195756146994668,0.191893194414408,0.215467201070458,0.216962114825645,0.217807086591335,0.218122122171255,0.199142790125458,0.201518110525571,0.201923277246586,0.203644133477896,0.199767555412425,0.206942263972968,0.206878267517521,0.218766374822193,0.218571574941875,0.218609900848114,0.218990457024439,0.072620763512309,0.0773844719564769,0.0786017635809305,0.00916016152109831,0.00916016152109831,0.00990985471786407,0.0114226418484038,0.0114226442286642,0.0113847890404286,0.0114037106480481,0.0101293891314963,0.0103433012410108,0.0101850192010559,0.0117273094011674,0.0102096321977005,0.0102283307491104,0.00876283721322604,0.000427681833572379,0.000427681833572379,0.0005237509500666,0,3.88330020762214e-05,5.8200793809617e-05,0.00491306308806549,0.098347810409756,0.100838419152567,0.101048210601159,0.103863114724746,0.104515096454019,0.10354541308111,0.103482892028639,0.106257767671532,0.106061398324936,0.108416951780853,0.105040611564194,0.106272219078424,0.108947581884224,0.109025858927032,0.109262776869897,0.110036616431896,0.111308365589561,0.111004036879771,0.111150015425407,0.111182898679832,0.111064311812419,0.11063991845198,0.110967480582429,0.111099645544928,0.109399348683783,0.111029772671057,0.10867518032414,0.109124910180013,0.108259552903541,0.10684126365953,0.102986528526815,0.0895346709957443,0.0923139401404933,0.0940961561009597,0.275042195836839,0.282046263729969,0.285324955484341,0.285324955484341,0.290096572716504,0.272354891092539,0.258232178059207,0.262017839196534,0.262036383461185,0.262650143943982,0.412306870589299,0.368236315049289,0.243600800668094,0.335146489065607,0.33509431632428,0.345751847025576,0.348275246293029,0.347712349795488,0.34795353756704,0.348308144675012,0.354498136568121,0.348298989347513,0.348810337836048,0.3509193287347,0.348403198510073,0.350038753980299,0.350038753980299,0.350140170652901,0.350178451047414,0.350132434175685,0.351198184858385,0.348812780614132,0.3508348907033,0.348934255569068,0.348934255569068,0.352587057869312,0.352587057869312,0.349270905017528,0.349270905017528,0.342815327784128,0.335155080343086,0.336519261923486,0.335971865366222,0.335893015540993,0.335882038152835,0.335666234295519,0.335694443062651,0.325833573014085,0.325980793897922,0.326001062876317,0.327109204978698,0.327733810515779,0.327754442010702,0.332796102438075,0.346109717398863,0.347951762796133,0.332210984876171,0.762200642363685,0.531046776342275,0.529248811159442,0.522804601633889,0.502119954492771,0.50212003189425,0.494480722184404,0.494541369656483,0.509428973074941,0.515972650169622,0.51829970233014,0.510347193339578,0.515590015237326,0.517785361811264,0.488734018416899,0.510953937890132,0.510832863765312,0.516022607877901,0.499731460168655,0.501946128018877,0.502607776716923,0.497111054550006
"MK250986.1",0.353226606236685,0.353160666972549,0.349350319839146,0.344058746437248,0.342202516695436,0.358782680569517,0.361421071220673,0.361439906407633,0.385926565856226,0.366848140185945,0.368646016022979,0.368690516396393,0.365306747602105,0.367802554331769,0.362879370448173,0.354415119709909,0.423503749011651,0.42053743410067,0.432104645739025,0.413623993919707,0.398535176593452,0.407532985944021,0.407581235055499,0.403974516016175,0.37272421404573,0.372136093054045,0.371591252537978,0.382880499402813,0.382948393262228,0.382857887703304,0.356700291647514,0.375767780336709,0.373591962279436,0.433783767703268,0.433266482587192,0.401534008256113,0.405243262030838,0.409508599883124,0.411635992445886,0.41704019125265,0.416943209507037,0.43103958971955,0.434058337164377,0.434761310151143,0.412366799065009,0.410739529295579,0.406178371547863,0.400293927402005,0.404252569633632,0.373603239049865,0.373654963743019,0.42090426294245,0.406523786348267,0.377369977618864,0.563632886945377,0.172065277855155,0.171962373878275,0.170734576501357,0.170867611190931,0.197423456228403,0.196351444715225,0.194994059136743,0.195881331556762,0.196625053898989,0.196375213465051,0.19635617670158,0.196337256800292,0.196005504823641,0.19571790140071,0.19185494882045,0.2154289554765,0.216923869231687,0.217768840997377,0.218083876577297,0.1991045445315,0.201479864931613,0.201885031652628,0.203605887883938,0.199729309818467,0.20690401837901,0.206840021923563,0.218728129228235,0.218533329347917,0.218571655254155,0.218952211430481,0.0725825179183508,0.0773462263625187,0.0785635179869723,0.00912191592714012,0.00912191592714012,0.00987160912390588,0.0113843962544456,0.011384398634706,0.0113465434464704,0.0113654650540899,0.0100911435375381,0.0103050556470526,0.0101467736070977,0.0116890638072093,0.0101713866037424,0.0101900851551522,0.00872459161926785,0.000427941712123647,0.000427941712123647,0.000524010828617868,3.88330020762214e-05,0,1.99551998514295e-05,0.0048748174941073,0.0983095648157979,0.100800173558609,0.101009965007201,0.103824869130788,0.104476850860061,0.103507167487152,0.10344464643468,0.106219522077574,0.106023152730978,0.108378706186895,0.105002365970235,0.106233973484466,0.108909336290266,0.108987613333073,0.109224531275939,0.109998370837938,0.111270119995603,0.110965791285813,0.111111769831448,0.111144653085874,0.111026066218461,0.110601672858022,0.110929234988471,0.111061399950969,0.109361103089825,0.110991527077098,0.108636934730182,0.109086664586055,0.108221307309583,0.106803018065572,0.102948282932856,0.0894964254017862,0.0922756945465351,0.0940579105070016,0.275003950242881,0.28200801813601,0.285286709890383,0.285286709890383,0.290058327122546,0.272316645498581,0.258193932465249,0.261979593602575,0.261998137867227,0.262611898350024,0.412268624995341,0.368198069455331,0.243562555074135,0.335108243471649,0.335056070730322,0.345713601431618,0.34823700069907,0.34767410420153,0.347915291973082,0.348269899081054,0.354459890974163,0.348260743753555,0.34877209224209,0.350881083140742,0.348364952916115,0.35000050838634,0.35000050838634,0.350101925058943,0.350140205453455,0.350094188581727,0.351159939264427,0.348774535020174,0.350796645109342,0.34889600997511,0.34889600997511,0.352548812275354,0.352548812275354,0.34923265942357,0.34923265942357,0.34277708219017,0.335116834749128,0.336481016329528,0.335933619772264,0.335854769947035,0.335843792558877,0.335627988701561,0.335656197468693,0.325795327420126,0.325942548303964,0.325962817282359,0.32707095938474,0.327695564921821,0.327716196416744,0.332757856844117,0.346071471804905,0.347913517202175,0.332172739282212,0.762162396769727,0.531008530748317,0.529210565565484,0.522766356039931,0.502081708898812,0.502081786300292,0.494442476590446,0.494503124062525,0.509390727480982,0.515934404575664,0.518261456736182,0.51030894774562,0.515551769643367,0.517747116217306,0.488695772822941,0.510915692296174,0.510794618171354,0.515984362283943,0.499693214574697,0.501907882424919,0.502569531122965,0.497072808956048
"MK250987.1",0.353207447535055,0.353141508270919,0.349331161137516,0.344039587735618,0.342183357993806,0.358763521867887,0.361401912519043,0.361420747706003,0.385907407154596,0.366828981484315,0.368626857321349,0.368671357694763,0.365287588900475,0.36778339563014,0.362860211746543,0.354395961008279,0.423484590310022,0.42051827539904,0.432085487037395,0.413604835218077,0.398516017891822,0.407513827242391,0.407562076353869,0.403955357314545,0.3727050553441,0.372116934352415,0.371572093836348,0.382861340701183,0.382929234560598,0.382838729001674,0.356681132945884,0.375748621635079,0.373572803577806,0.433764609001639,0.433247323885562,0.401514849554483,0.405224103329208,0.409489441181494,0.411616833744256,0.41702103255102,0.416924050805407,0.43102043101792,0.434039178462747,0.434742151449513,0.412347640363379,0.410720370593949,0.406159212846233,0.400274768700375,0.404233410932002,0.373584080348235,0.373635805041389,0.42088510424082,0.406504627646637,0.377350818917234,0.563613728243747,0.172046119153525,0.171943215176645,0.170715417799727,0.170848452489301,0.197404297526773,0.196332286013595,0.194974900435113,0.195862172855132,0.196605895197359,0.196356054763421,0.19633701799995,0.196318098098662,0.195986346122011,0.19569874269908,0.19183579011882,0.21540979677487,0.216904710530057,0.217749682295747,0.218064717875667,0.19908538582987,0.201460706229983,0.201865872950998,0.203586729182308,0.199710151116837,0.20688485967738,0.206820863221933,0.218708970526605,0.218514170646287,0.218552496552525,0.218933052728851,0.0725633592167208,0.0773270676608887,0.0785443592853423,0.00910275722551016,0.00910275722551016,0.00985245042227592,0.0113652375528157,0.0113652399330761,0.0113273847448404,0.01134630635246,0.0100719848359082,0.0102858969454226,0.0101276149054678,0.0116699051055793,0.0101522279021124,0.0101709264535223,0.00870543291763789,0.000447309503857042,0.000447309503857042,0.000543378620351264,5.8200793809617e-05,1.99551998514295e-05,0,0.00485565879247733,0.0982904061141679,0.100781014856979,0.100990806305571,0.103805710429158,0.104457692158431,0.103488008785522,0.10342548773305,0.106200363375944,0.106003994029348,0.108359547485265,0.104983207268605,0.106214814782836,0.108890177588636,0.108968454631444,0.109205372574309,0.109979212136308,0.111250961293973,0.110946632584183,0.111092611129818,0.111125494384244,0.111006907516831,0.110582514156392,0.110910076286841,0.111042241249339,0.109341944388195,0.110972368375468,0.108617776028552,0.109067505884425,0.108202148607953,0.106783859363942,0.102929124231227,0.0894772667001562,0.0922565358449052,0.0940387518053716,0.274984791541251,0.28198885943438,0.285267551188753,0.285267551188753,0.290039168420916,0.272297486796951,0.258174773763619,0.261960434900945,0.261978979165597,0.262592739648394,0.412249466293711,0.368178910753701,0.243543396372505,0.335089084770019,0.335036912028692,0.345694442729988,0.34821784199744,0.3476549454999,0.347896133271452,0.348250740379424,0.354440732272533,0.348241585051925,0.34875293354046,0.350861924439112,0.348345794214485,0.34998134968471,0.34998134968471,0.350082766357313,0.350121046751825,0.350075029880097,0.351140780562797,0.348755376318544,0.350777486407712,0.34887685127348,0.34887685127348,0.352529653573724,0.352529653573724,0.34921350072194,0.34921350072194,0.34275792348854,0.335097676047498,0.336461857627898,0.335914461070634,0.335835611245405,0.335824633857247,0.335608829999931,0.335637038767063,0.325776168718496,0.325923389602334,0.325943658580729,0.32705180068311,0.327676406220191,0.327697037715114,0.332738698142487,0.346052313103275,0.347894358500545,0.332153580580582,0.762143238068097,0.530989372046687,0.529191406863854,0.522747197338301,0.502062550197182,0.502062627598662,0.494423317888816,0.494483965360895,0.509371568779352,0.515915245874034,0.518242298034552,0.51028978904399,0.515532610941738,0.517727957515676,0.488676614121311,0.510896533594544,0.510775459469724,0.515965203582313,0.499674055873067,0.501888723723289,0.502550372421335,0.497053650254418
"MN102397.1",0.351205883853669,0.351139944589534,0.347329597456131,0.342038024054233,0.340181794312421,0.356761958186501,0.359400348837658,0.359419184024618,0.383905843473211,0.364827417802929,0.366625293639964,0.366669794013378,0.36328602521909,0.365781831948754,0.360858648065158,0.352394397326894,0.421483026628636,0.418516711717655,0.43008392335601,0.411603271536692,0.396514454210437,0.405512263561006,0.405560512672484,0.40195379363316,0.370703491662715,0.370115370671029,0.369570530154963,0.380859777019798,0.380927670879212,0.380837165320289,0.354679569264499,0.373747057953694,0.371571239896421,0.431763045320253,0.431245760204177,0.399513285873097,0.403222539647823,0.407487877500108,0.409615270062871,0.415019468869635,0.414922487124022,0.429018867336535,0.432037614781362,0.432740587768128,0.410346076681994,0.408718806912564,0.404157649164848,0.39827320501899,0.402231847250617,0.37158251666685,0.371634241360004,0.418883540559435,0.404503063965252,0.375349255235849,0.561612164562362,0.17004455547214,0.16994165149526,0.168713854118341,0.168846888807916,0.195402733845388,0.19433072233221,0.192973336753727,0.193860609173747,0.194604331515974,0.194354491082036,0.194335454318565,0.194316534417277,0.193984782440626,0.193697179017695,0.189834226437434,0.213408233093484,0.214903146848672,0.215748118614361,0.216063154194282,0.197083822148484,0.199459142548598,0.199864309269613,0.201585165500922,0.197708587435451,0.204883295995995,0.204819299540548,0.21670740684522,0.216512606964902,0.21655093287114,0.216931489047466,0.0705617955353356,0.0753255039795035,0.0765427956039571,0.0071011935441249,0.0071011935441249,0.00785088674089067,0.00936367387143042,0.00936367625169082,0.00932582106345518,0.0093447426710747,0.00807042115452291,0.00828433326403736,0.00812605122408252,0.00966834142419404,0.00815066422072714,0.00816936277213702,0.00670386923625264,0.00530217179811291,0.00530217179811291,0.00539824091460713,0.00491306308806549,0.0048748174941073,0.00485565879247733,0,0.0962888424327826,0.0987794511755933,0.0989892426241859,0.101804146747773,0.102456128477046,0.101486445104136,0.101423924051665,0.104198799694559,0.104002430347963,0.10635798380388,0.10298164358722,0.104213251101451,0.106888613907251,0.106966890950058,0.107203808892923,0.107977648454923,0.109249397612588,0.108945068902797,0.109091047448433,0.109123930702858,0.109005343835446,0.108580950475007,0.108908512605456,0.109040677567954,0.10734038070681,0.108970804694083,0.106616212347167,0.10706594220304,0.106200584926568,0.104782295682557,0.100927560549841,0.0874757030187709,0.0902549721635199,0.0920371881239863,0.272983227859865,0.279987295752995,0.283265987507368,0.283265987507368,0.28803760473953,0.270295923115566,0.256173210082234,0.25995887121956,0.259977415484212,0.260591175967009,0.410247902612326,0.366177347072316,0.24154183269112,0.333087521088634,0.333035348347307,0.343692879048603,0.346216278316055,0.345653381818515,0.345894569590067,0.346249176698039,0.352439168591147,0.34624002137054,0.346751369859075,0.348860360757727,0.3463442305331,0.347979786003325,0.347979786003325,0.348081202675928,0.34811948307044,0.348073466198712,0.349139216881411,0.346753812637159,0.348775922726327,0.346875287592095,0.346875287592095,0.350528089892338,0.350528089892338,0.347211937040554,0.347211937040554,0.340756359807155,0.333096112366112,0.334460293946513,0.333912897389249,0.33383404756402,0.333823070175862,0.333607266318546,0.333635475085677,0.323774605037111,0.323921825920948,0.323942094899344,0.325050237001725,0.325674842538806,0.325695474033728,0.330737134461102,0.34405074942189,0.345892794819159,0.330152016899197,0.760141674386711,0.528987808365302,0.527189843182468,0.520745633656916,0.500060986515797,0.500061063917277,0.49242175420743,0.49248240167951,0.507370005097967,0.513913682192649,0.516240734353167,0.508288225362605,0.513531047260352,0.515726393834291,0.486675050439926,0.508894969913159,0.508773895788338,0.513963639900928,0.497672492191682,0.499887160041904,0.50054880873995,0.495052086573033
"AB623037.2",0.356827334232273,0.356761394968138,0.352951047834735,0.347659474432837,0.345803244691025,0.362383408565105,0.365021799216262,0.365040634403222,0.389527293851815,0.370448868181533,0.372246744018568,0.372291244391982,0.368907475597694,0.371403282327358,0.366480098443762,0.358015847705498,0.42710447700724,0.424138162096259,0.435705373734614,0.417224721915296,0.402135904589041,0.41113371393961,0.411181963051088,0.407575244011764,0.376324942041319,0.375736821049634,0.375191980533567,0.386481227398402,0.386549121257817,0.386458615698893,0.360301019643103,0.379368508332298,0.377192690275025,0.437384495698858,0.436867210582781,0.405134736251702,0.408843990026427,0.413109327878713,0.415236720441475,0.420640919248239,0.420543937502626,0.434640317715139,0.437659065159966,0.438362038146732,0.415967527060598,0.414340257291168,0.409779099543452,0.403894655397594,0.407853297629221,0.377203967045454,0.377255691738608,0.424504990938039,0.410124514343856,0.380970705614453,0.567233614940966,0.175666005850744,0.175563101873864,0.174335304496945,0.17446833918652,0.201024184223992,0.199952172710814,0.198594787132332,0.199482059552351,0.200225781894578,0.19997594146064,0.199956904697169,0.199937984795881,0.19960623281923,0.199318629396299,0.195455676816039,0.219029683472089,0.220524597227276,0.221369568992966,0.221684604572886,0.202705272527089,0.205080592927202,0.205485759648217,0.207206615879527,0.203330037814056,0.210504746374599,0.210440749919152,0.222328857223824,0.222134057343506,0.222172383249744,0.22255293942607,0.100656334752362,0.10542004319653,0.106637334820983,0.096437609539512,0.096437609539512,0.0971873027362777,0.0987000898668175,0.0987000922470779,0.0986622370588422,0.0986811586664618,0.09740683714991,0.0976207492594244,0.0974624672194696,0.0990047574195811,0.0974870802161142,0.0975057787675241,0.0960402852316397,0.0987369191198035,0.0987369191198035,0.0988329882362977,0.098347810409756,0.0983095648157979,0.0982904061141679,0.0962888424327826,0,0.070678292835233,0.0708880842838255,0.0737029884074126,0.0743549701366852,0.073385286763776,0.0733227657113048,0.0760976413541987,0.0759012720076023,0.0782568254635197,0.0748804852468598,0.0761120927610902,0.0787874555668905,0.0788657326096979,0.079102650552563,0.0798764901145624,0.0811482392722275,0.080843910562437,0.0809898891080729,0.081022772362498,0.0809041854950857,0.0804797921346467,0.0808073542650956,0.0809395192275939,0.0792392223664492,0.0808696463537229,0.0785150540068065,0.0789647838626797,0.0780994265862072,0.0766811373421964,0.0728264022094809,0.075501369806021,0.07828063895077,0.0800628549112364,0.27860467823847,0.285608746131599,0.288887437885972,0.288887437885972,0.293659055118135,0.27591737349417,0.261794660460838,0.265580321598164,0.265598865862816,0.266212626345613,0.41586935299093,0.37179879745092,0.247163283069724,0.338708971467238,0.338656798725911,0.349314329427207,0.351837728694659,0.351274832197119,0.351516019968671,0.351870627076643,0.358060618969751,0.351861471749144,0.352372820237679,0.354481811136331,0.351965680911704,0.353601236381929,0.353601236381929,0.353702653054532,0.353740933449044,0.353694916577316,0.354760667260016,0.352375263015763,0.354397373104931,0.352496737970699,0.352496737970699,0.356149540270943,0.356149540270943,0.352833387419159,0.352833387419159,0.346377810185759,0.338717562744717,0.340081744325117,0.339534347767853,0.339455497942624,0.339444520554466,0.33922871669715,0.339256925464281,0.329396055415715,0.329543276299552,0.329563545277948,0.330671687380329,0.33129629291741,0.331316924412333,0.336358584839706,0.349672199800494,0.351514245197764,0.335773467277801,0.765763124765316,0.534609258743906,0.532811293561072,0.52636708403552,0.505682436894401,0.505682514295881,0.498043204586035,0.498103852058114,0.512991455476571,0.519535132571253,0.521862184731771,0.513909675741209,0.519152497638956,0.521347844212895,0.49229650081853,0.514516420291763,0.514395346166943,0.519585090279532,0.503293942570286,0.505508610420508,0.506170259118554,0.500673536951637
"AY237422.3",0.359317942975084,0.359252003710949,0.355441656577546,0.350150083175647,0.348293853433836,0.364874017307916,0.367512407959073,0.367531243146033,0.392017902594626,0.372939476924344,0.374737352761379,0.374781853134792,0.371398084340504,0.373893891070169,0.368970707186572,0.360506456448308,0.429595085750051,0.426628770839069,0.438195982477425,0.419715330658106,0.404626513331852,0.413624322682421,0.413672571793899,0.410065852754575,0.37881555078413,0.378227429792444,0.377682589276378,0.388971836141213,0.389039730000627,0.388949224441704,0.362791628385914,0.381859117075109,0.379683299017836,0.439875104441668,0.439357819325592,0.407625344994512,0.411334598769238,0.415599936621523,0.417727329184286,0.42313152799105,0.423034546245437,0.43713092645795,0.440149673902777,0.440852646889543,0.418458135803409,0.416830866033979,0.412269708286263,0.406385264140405,0.410343906372032,0.379694575788265,0.379746300481419,0.42699559968085,0.412615123086667,0.383461314357264,0.569724223683777,0.178156614593555,0.178053710616675,0.176825913239756,0.176958947929331,0.203514792966803,0.202442781453624,0.201085395875142,0.201972668295162,0.202716390637389,0.20246655020345,0.20244751343998,0.202428593538692,0.202096841562041,0.20180923813911,0.197946285558849,0.221520292214899,0.223015205970087,0.223860177735776,0.224175213315697,0.205195881269899,0.207571201670013,0.207976368391028,0.209697224622337,0.205820646556866,0.21299535511741,0.212931358661963,0.224819465966635,0.224624666086317,0.224662991992555,0.225043548168881,0.103146943495173,0.107910651939341,0.109127943563794,0.0989282182823227,0.0989282182823227,0.0996779114790884,0.101190698609628,0.101190700989889,0.101152845801653,0.101171767409272,0.0998974458927207,0.100111358002235,0.0999530759622803,0.101495366162392,0.0999776889589249,0.0999963875103348,0.0985308939744504,0.101227527862614,0.101227527862614,0.101323596979108,0.100838419152567,0.100800173558609,0.100781014856979,0.0987794511755933,0.070678292835233,0,0.00273574426227132,0.0109690781816649,0.0116210599109375,0.0106513765380283,0.0105888554855571,0.0184157296146421,0.0182193602680457,0.0205749137239631,0.0171985735073032,0.0184301810215336,0.0211055438273339,0.0211838208701413,0.0214207388130064,0.0221945783750057,0.0234663275326709,0.0231619988228804,0.0233079773685162,0.0233408606229414,0.0232222737555291,0.02279788039509,0.0231254425255389,0.0232576074880372,0.0215573106268926,0.0231877346141663,0.0208331422672499,0.0212828721231231,0.0204175148466506,0.0189992256026397,0.0151444904699243,0.0779919785488317,0.0807712476935807,0.0825534636540471,0.28109528698128,0.28809935487441,0.291378046628783,0.291378046628783,0.296149663860945,0.27840798223698,0.264285269203649,0.268070930340975,0.268089474605626,0.268703235088424,0.418359961733741,0.37428940619373,0.249653891812535,0.341199580210049,0.341147407468722,0.351804938170017,0.35432833743747,0.35376544093993,0.354006628711482,0.354361235819454,0.360551227712562,0.354352080491955,0.35486342898049,0.356972419879142,0.354456289654515,0.35609184512474,0.35609184512474,0.356193261797343,0.356231542191855,0.356185525320127,0.357251276002826,0.354865871758574,0.356887981847742,0.35498734671351,0.35498734671351,0.358640149013753,0.358640149013753,0.355323996161969,0.355323996161969,0.34886841892857,0.341208171487527,0.342572353067928,0.342024956510664,0.341946106685435,0.341935129297276,0.341719325439961,0.341747534207092,0.331886664158526,0.332033885042363,0.332054154020759,0.33316229612314,0.333786901660221,0.333807533155143,0.338849193582517,0.352162808543305,0.354004853940574,0.338264076020612,0.768253733508126,0.537099867486717,0.535301902303883,0.528857692778331,0.508173045637212,0.508173123038692,0.500533813328846,0.500594460800925,0.515482064219382,0.522025741314064,0.524352793474582,0.51640028448402,0.521643106381767,0.523838452955706,0.494787109561341,0.517007029034574,0.516885954909753,0.522075699022342,0.505784551313097,0.507999219163318,0.508660867861365,0.503164145694448
"AY237423.2",0.359527734423677,0.359461795159541,0.355651448026138,0.35035987462424,0.348503644882428,0.365083808756509,0.367722199407665,0.367741034594625,0.392227694043218,0.373149268372937,0.374947144209971,0.374991644583385,0.371607875789097,0.374103682518762,0.369180498635165,0.360716247896901,0.429804877198644,0.426838562287662,0.438405773926017,0.419925122106699,0.404836304780444,0.413834114131013,0.413882363242491,0.410275644203167,0.379025342232722,0.378437221241037,0.377892380724971,0.389181627589805,0.38924952144922,0.389159015890296,0.363001419834506,0.382068908523701,0.379893090466429,0.440084895890261,0.439567610774185,0.407835136443105,0.41154439021783,0.415809728070116,0.417937120632879,0.423341319439642,0.423244337694029,0.437340717906543,0.440359465351369,0.441062438338136,0.418667927252002,0.417040657482571,0.412479499734856,0.406595055588997,0.410553697820624,0.379904367236857,0.379956091930011,0.427205391129442,0.412824914535259,0.383671105805857,0.569934015132369,0.178366406042148,0.178263502065267,0.177035704688349,0.177168739377923,0.203724584415395,0.202652572902217,0.201295187323735,0.202182459743754,0.202926182085982,0.202676341652043,0.202657304888572,0.202638384987284,0.202306633010634,0.202019029587703,0.198156077007442,0.221730083663492,0.223224997418679,0.224069969184369,0.224385004764289,0.205405672718492,0.207780993118605,0.20818615983962,0.20990701607093,0.206030438005459,0.213205146566003,0.213141150110556,0.225029257415227,0.224834457534909,0.224872783441148,0.225253339617473,0.103356734943765,0.108120443387933,0.109337735012387,0.0991380097309152,0.0991380097309152,0.099887702927681,0.101400490058221,0.101400492438481,0.101362637250245,0.101381558857865,0.100107237341313,0.100321149450828,0.100162867410873,0.101705157610984,0.100187480407517,0.100206178958927,0.0987406854230429,0.101437319311207,0.101437319311207,0.101533388427701,0.101048210601159,0.101009965007201,0.100990806305571,0.0989892426241859,0.0708880842838255,0.00273574426227132,0,0.0111788696302574,0.01183085135953,0.0108611679866209,0.0107986469341496,0.0186255210632346,0.0184291517166382,0.0207847051725556,0.0174083649558957,0.0186399724701262,0.0213153352759264,0.0213936123187338,0.0216305302615989,0.0224043698235982,0.0236761189812634,0.0233717902714729,0.0235177688171087,0.0235506520715339,0.0234320652041216,0.0230076718436826,0.0233352339741314,0.0234673989366297,0.0217671020754851,0.0233975260627588,0.0210429337158424,0.0214926635717156,0.0206273062952431,0.0192090170512323,0.0153542819185168,0.0782017699974243,0.0809810391421733,0.0827632551026397,0.281305078429873,0.288309146323003,0.291587838077375,0.291587838077375,0.296359455309538,0.278617773685573,0.264495060652241,0.268280721789568,0.268299266054219,0.268913026537016,0.418569753182333,0.374499197642323,0.249863683261128,0.341409371658641,0.341357198917314,0.35201472961861,0.354538128886063,0.353975232388522,0.354216420160074,0.354571027268046,0.360761019161155,0.354561871940547,0.355073220429082,0.357182211327734,0.354666081103107,0.356301636573333,0.356301636573333,0.356403053245935,0.356441333640448,0.356395316768719,0.357461067451419,0.355075663207166,0.357097773296334,0.355197138162103,0.355197138162103,0.358849940462346,0.358849940462346,0.355533787610562,0.355533787610562,0.349078210377162,0.34141796293612,0.34278214451652,0.342234747959256,0.342155898134027,0.342144920745869,0.341929116888553,0.341957325655685,0.332096455607119,0.332243676490956,0.332263945469352,0.333372087571733,0.333996693108813,0.334017324603736,0.339058985031109,0.352372599991898,0.354214645389167,0.338473867469205,0.768463524956719,0.537309658935309,0.535511693752476,0.529067484226924,0.508382837085805,0.508382914487285,0.500743604777438,0.500804252249517,0.515691855667975,0.522235532762656,0.524562584923174,0.516610075932612,0.52185289783036,0.524048244404298,0.494996901009933,0.517216820483166,0.517095746358346,0.522285490470935,0.505994342761689,0.508209010611911,0.508870659309957,0.50337393714304
"KP298674.1",0.362342638547264,0.362276699283128,0.358466352149725,0.353174778747827,0.351318549006015,0.367898712880096,0.370537103531252,0.370555938718213,0.395042598166806,0.375964172496524,0.377762048333558,0.377806548706972,0.374422779912684,0.376918586642349,0.371995402758752,0.363531152020488,0.432619781322231,0.429653466411249,0.441220678049604,0.422740026230286,0.407651208904031,0.4166490182546,0.416697267366079,0.413090548326754,0.381840246356309,0.381252125364624,0.380707284848558,0.391996531713393,0.392064425572807,0.391973920013883,0.365816323958093,0.384883812647288,0.382707994590016,0.442899800013848,0.442382514897772,0.410650040566692,0.414359294341417,0.418624632193703,0.420752024756466,0.426156223563229,0.426059241817616,0.44015562203013,0.443174369474956,0.443877342461723,0.421482831375589,0.419855561606158,0.415294403858443,0.409409959712584,0.413368601944211,0.382719271360445,0.382770996053598,0.430020295253029,0.415639818658846,0.386486009929444,0.572748919255957,0.181181310165735,0.181078406188854,0.179850608811936,0.17998364350151,0.206539488538983,0.205467477025804,0.204110091447322,0.204997363867341,0.205741086209569,0.20549124577563,0.205472209012159,0.205453289110871,0.205121537134221,0.20483393371129,0.200970981131029,0.224544987787079,0.226039901542266,0.226884873307956,0.227199908887876,0.208220576842079,0.210595897242192,0.211001063963208,0.212721920194517,0.208845342129046,0.21602005068959,0.215956054234143,0.227844161538814,0.227649361658496,0.227687687564735,0.22806824374106,0.106171639067352,0.11093534751152,0.112152639135974,0.101952913854502,0.101952913854502,0.102702607051268,0.104215394181808,0.104215396562068,0.104177541373833,0.104196462981452,0.1029221414649,0.103136053574415,0.10297777153446,0.104520061734571,0.103002384531105,0.103021083082514,0.10155558954663,0.104252223434794,0.104252223434794,0.104348292551288,0.103863114724746,0.103824869130788,0.103805710429158,0.101804146747773,0.0737029884074126,0.0109690781816649,0.0111788696302574,0,0.00322757779875672,0.00225789442584758,0.00506237924630698,0.0214404251868217,0.0212440558402253,0.0235996092961427,0.0202232690794828,0.0214548765937132,0.0241302393995135,0.0242085164423209,0.024445434385186,0.0252192739471853,0.0264910231048505,0.02618669439506,0.0263326729406958,0.026365556195121,0.0262469693277087,0.0258225759672697,0.0261501380977185,0.0262823030602168,0.0245820061990722,0.0262124301863459,0.0238578378394295,0.0243075676953027,0.0234422104188302,0.0220239211748194,0.0181691860421039,0.0810166741210113,0.0837959432657603,0.0855781592262267,0.28411998255346,0.29112405044659,0.294402742200962,0.294402742200962,0.299174359433125,0.28143267780916,0.267309964775828,0.271095625913155,0.271114170177806,0.271727930660603,0.42138465730592,0.37731410176591,0.252678587384715,0.344224275782229,0.344172103040902,0.354829633742197,0.35735303300965,0.356790136512109,0.357031324283661,0.357385931391633,0.363575923284742,0.357376776064134,0.357888124552669,0.359997115451321,0.357480985226694,0.35911654069692,0.35911654069692,0.359217957369522,0.359256237764035,0.359210220892306,0.360275971575006,0.357890567330753,0.359912677419921,0.35801204228569,0.35801204228569,0.361664844585933,0.361664844585933,0.358348691734149,0.358348691734149,0.35189311450075,0.344232867059707,0.345597048640107,0.345049652082843,0.344970802257614,0.344959824869456,0.34474402101214,0.344772229779272,0.334911359730706,0.335058580614543,0.335078849592939,0.33618699169532,0.3368115972324,0.336832228727323,0.341873889154696,0.355187504115485,0.357029549512754,0.341288771592792,0.771278429080306,0.540124563058896,0.538326597876063,0.53188238835051,0.511197741209392,0.511197818610872,0.503558508901025,0.503619156373104,0.518506759791562,0.525050436886243,0.527377489046761,0.5194249800562,0.524667801953947,0.526863148527885,0.49781180513352,0.520031724606753,0.519910650481933,0.525100394594522,0.508809246885277,0.511023914735498,0.511685563433545,0.506188841266627
"LC504315.1",0.362994620276536,0.362928681012401,0.359118333878998,0.3538267604771,0.351970530735288,0.368550694609368,0.371189085260525,0.371207920447485,0.395694579896078,0.376616154225796,0.378414030062831,0.378458530436245,0.375074761641957,0.377570568371621,0.372647384488025,0.36418313374976,0.433271763051503,0.430305448140522,0.441872659778877,0.423392007959559,0.408303190633304,0.417300999983873,0.417349249095351,0.413742530056027,0.382492228085582,0.381904107093897,0.38135926657783,0.392648513442665,0.39271640730208,0.392625901743156,0.366468305687366,0.385535794376561,0.383359976319288,0.44355178174312,0.443034496627044,0.411302022295965,0.41501127607069,0.419276613922975,0.421404006485738,0.426808205292502,0.426711223546889,0.440807603759402,0.443826351204229,0.444529324190995,0.422134813104861,0.420507543335431,0.415946385587715,0.410061941441857,0.414020583673484,0.383371253089717,0.383422977782871,0.430672276982302,0.416291800388119,0.387137991658716,0.573400900985229,0.181833291895007,0.181730387918127,0.180502590541208,0.180635625230783,0.207191470268255,0.206119458755077,0.204762073176595,0.205649345596614,0.206393067938841,0.206143227504903,0.206124190741432,0.206105270840144,0.205773518863493,0.205485915440562,0.201622962860301,0.225196969516352,0.226691883271539,0.227536855037229,0.227851890617149,0.208872558571352,0.211247878971465,0.21165304569248,0.21337390192379,0.209497323858319,0.216672032418862,0.216608035963415,0.228496143268087,0.228301343387769,0.228339669294007,0.228720225470333,0.106823620796625,0.111587329240793,0.112804620865246,0.102604895583775,0.102604895583775,0.103354588780541,0.10486737591108,0.104867378291341,0.104829523103105,0.104848444710725,0.103574123194173,0.103788035303687,0.103629753263732,0.105172043463844,0.103654366260377,0.103673064811787,0.102207571275903,0.104904205164066,0.104904205164066,0.105000274280561,0.104515096454019,0.104476850860061,0.104457692158431,0.102456128477046,0.0743549701366852,0.0116210599109375,0.01183085135953,0.00322757779875672,0,0.00196543227486434,0.00571436097557956,0.0220924069160943,0.0218960375694979,0.0242515910254153,0.0208752508087554,0.0221068583229858,0.024782221128786,0.0248604981715935,0.0250974161144586,0.0258712556764579,0.027143004834123,0.0268386761243325,0.0269846546699684,0.0270175379243936,0.0268989510569812,0.0264745576965422,0.0268021198269911,0.0269342847894894,0.0252339879283448,0.0268644119156184,0.0245098195687021,0.0249595494245753,0.0240941921481028,0.0226759029040919,0.0188211677713765,0.0816686558502839,0.0844479249950329,0.0862301409554993,0.284771964282732,0.291776032175862,0.295054723930235,0.295054723930235,0.299826341162398,0.282084659538433,0.267961946505101,0.271747607642427,0.271766151907079,0.272379912389876,0.422036639035193,0.377966083495183,0.253330569113987,0.344876257511501,0.344824084770174,0.35548161547147,0.358005014738922,0.357442118241382,0.357683306012934,0.358037913120906,0.364227905014014,0.358028757793407,0.358540106281942,0.360649097180594,0.358132966955967,0.359768522426192,0.359768522426192,0.359869939098795,0.359908219493307,0.359862202621579,0.360927953304279,0.358542549060026,0.360564659149194,0.358664024014962,0.358664024014962,0.362316826315205,0.362316826315205,0.359000673463422,0.359000673463422,0.352545096230022,0.34488484878898,0.34624903036938,0.345701633812116,0.345622783986887,0.345611806598729,0.345396002741413,0.345424211508544,0.335563341459978,0.335710562343815,0.335730831322211,0.336838973424592,0.337463578961673,0.337484210456595,0.342525870883969,0.355839485844757,0.357681531242026,0.341940753322064,0.771930410809579,0.540776544788169,0.538978579605335,0.532534370079783,0.511849722938664,0.511849800340144,0.504210490630298,0.504271138102377,0.519158741520834,0.525702418615516,0.528029470776034,0.520076961785472,0.525319783683219,0.527515130257158,0.498463786862793,0.520683706336026,0.520562632211205,0.525752376323795,0.509461228614549,0.511675896464771,0.512337545162817,0.5068408229959
"LC504342.1",0.362024936903627,0.361958997639492,0.358148650506089,0.35285707710419,0.351000847362379,0.367581011236459,0.370219401887616,0.370238237074576,0.394724896523169,0.375646470852887,0.377444346689922,0.377488847063336,0.374105078269047,0.376600884998712,0.371677701115116,0.363213450376851,0.432302079678594,0.429335764767612,0.440902976405968,0.42242232458665,0.407333507260395,0.416331316610964,0.416379565722442,0.412772846683118,0.381522544712673,0.380934423720987,0.380389583204921,0.391678830069756,0.39174672392917,0.391656218370247,0.365498622314457,0.384566111003652,0.382390292946379,0.442582098370211,0.442064813254135,0.410332338923055,0.41404159269778,0.418306930550066,0.420434323112829,0.425838521919593,0.42574154017398,0.439837920386493,0.44285666783132,0.443559640818086,0.421165129731952,0.419537859962522,0.414976702214806,0.409092258068948,0.413050900300575,0.382401569716808,0.382453294409962,0.429702593609393,0.41532211701521,0.386168308285807,0.57243121761232,0.180863608522098,0.180760704545218,0.179532907168299,0.179665941857874,0.206221786895346,0.205149775382168,0.203792389803685,0.204679662223705,0.205423384565932,0.205173544131994,0.205154507368523,0.205135587467235,0.204803835490584,0.204516232067653,0.200653279487392,0.224227286143442,0.22572219989863,0.226567171664319,0.22688220724424,0.207902875198442,0.210278195598556,0.210683362319571,0.21240421855088,0.208527640485409,0.215702349045953,0.215638352590506,0.227526459895178,0.22733166001486,0.227369985921098,0.227750542097424,0.105853937423716,0.110617645867884,0.111834937492337,0.101635212210866,0.101635212210866,0.102384905407631,0.103897692538171,0.103897694918432,0.103859839730196,0.103878761337815,0.102604439821264,0.102818351930778,0.102660069890823,0.104202360090935,0.102684682887468,0.102703381438878,0.101237887902993,0.103934521791157,0.103934521791157,0.104030590907651,0.10354541308111,0.103507167487152,0.103488008785522,0.101486445104136,0.073385286763776,0.0106513765380283,0.0108611679866209,0.00225789442584758,0.00196543227486434,0,0.00474467760267041,0.0211227235431851,0.0209263541965888,0.0232819076525061,0.0199055674358463,0.0211371749500767,0.0238125377558769,0.0238908147986844,0.0241277327415494,0.0249015723035488,0.0261733214612139,0.0258689927514234,0.0260149712970593,0.0260478545514844,0.0259292676840721,0.0255048743236331,0.025832436454082,0.0259646014165803,0.0242643045554356,0.0258947285427093,0.023540136195793,0.0239898660516661,0.0231245087751936,0.0217062195311828,0.0178514843984673,0.0806989724773748,0.0834782416221238,0.0852604575825902,0.283802280909823,0.290806348802953,0.294085040557326,0.294085040557326,0.298856657789488,0.281114976165523,0.266992263132192,0.270777924269518,0.270796468534169,0.271410229016967,0.421066955662284,0.376996400122274,0.252360885741078,0.343906574138592,0.343854401397265,0.35451193209856,0.357035331366013,0.356472434868473,0.356713622640025,0.357068229747997,0.363258221641105,0.357059074420498,0.357570422909033,0.359679413807685,0.357163283583058,0.358798839053283,0.358798839053283,0.358900255725886,0.358938536120398,0.35889251924867,0.359958269931369,0.357572865687117,0.359594975776285,0.357694340642053,0.357694340642053,0.361347142942296,0.361347142942296,0.358030990090512,0.358030990090512,0.351575412857113,0.34391516541607,0.345279346996471,0.344731950439207,0.344653100613978,0.34464212322582,0.344426319368504,0.344454528135635,0.334593658087069,0.334740878970906,0.334761147949302,0.335869290051683,0.336493895588764,0.336514527083686,0.34155618751106,0.354869802471848,0.356711847869117,0.340971069949155,0.770960727436669,0.53980686141526,0.538008896232426,0.531564686706874,0.510880039565755,0.510880116967235,0.503240807257389,0.503301454729468,0.518189058147925,0.524732735242607,0.527059787403125,0.519107278412563,0.52435010031031,0.526545446884249,0.497494103489884,0.519714022963117,0.519592948838296,0.524782692950886,0.50849154524164,0.510706213091861,0.511367861789908,0.505871139622991
"LC504312.1",0.361962415851156,0.361896476587021,0.358086129453618,0.352794556051719,0.350938326309908,0.367518490183988,0.370156880835145,0.370175716022105,0.394662375470698,0.375583949800416,0.377381825637451,0.377426326010864,0.374042557216576,0.376538363946241,0.371615180062644,0.36315092932438,0.432239558626123,0.429273243715141,0.440840455353496,0.422359803534178,0.407270986207924,0.416268795558492,0.416317044669971,0.412710325630647,0.381460023660201,0.380871902668516,0.38032706215245,0.391616309017285,0.391684202876699,0.391593697317775,0.365436101261986,0.38450358995118,0.382327771893908,0.44251957731774,0.442002292201664,0.410269817870584,0.413979071645309,0.418244409497595,0.420371802060358,0.425776000867121,0.425679019121508,0.439775399334022,0.442794146778848,0.443497119765615,0.421102608679481,0.419475338910051,0.414914181162335,0.409029737016477,0.412988379248103,0.382339048664337,0.38239077335749,0.429640072556921,0.415259595962738,0.386105787233336,0.572368696559849,0.180801087469627,0.180698183492746,0.179470386115828,0.179603420805402,0.206159265842875,0.205087254329696,0.203729868751214,0.204617141171234,0.205360863513461,0.205111023079522,0.205091986316052,0.205073066414763,0.204741314438113,0.204453711015182,0.200590758434921,0.224164765090971,0.225659678846159,0.226504650611848,0.226819686191768,0.207840354145971,0.210215674546085,0.2106208412671,0.212341697498409,0.208465119432938,0.215639827993482,0.215575831538035,0.227463938842707,0.227269138962389,0.227307464868627,0.227688021044953,0.105791416371245,0.110555124815412,0.111772416439866,0.101572691158394,0.101572691158394,0.10232238435516,0.1038351714857,0.10383517386596,0.103797318677725,0.103816240285344,0.102541918768792,0.102755830878307,0.102597548838352,0.104139839038464,0.102622161834997,0.102640860386407,0.101175366850522,0.103872000738686,0.103872000738686,0.10396806985518,0.103482892028639,0.10344464643468,0.10342548773305,0.101423924051665,0.0733227657113048,0.0105888554855571,0.0107986469341496,0.00506237924630698,0.00571436097557956,0.00474467760267041,0,0.0210602024907139,0.0208638331441175,0.0232193866000349,0.019843046383375,0.0210746538976055,0.0237500167034057,0.0238282937462131,0.0240652116890782,0.0248390512510775,0.0261108004087427,0.0258064716989522,0.025952450244588,0.0259853334990132,0.0258667466316009,0.0254423532711619,0.0257699154016107,0.025902080364109,0.0242017835029644,0.0258322074902381,0.0234776151433218,0.0239273449991949,0.0230619877227224,0.0216436984787116,0.0177889633459961,0.0806364514249036,0.0834157205696525,0.085197936530119,0.283739759857352,0.290743827750482,0.294022519504855,0.294022519504855,0.298794136737017,0.281052455113052,0.266929742079721,0.270715403217047,0.270733947481698,0.271347707964495,0.421004434609813,0.376933879069802,0.252298364688607,0.343844053086121,0.343791880344794,0.354449411046089,0.356972810313542,0.356409913816002,0.356651101587554,0.357005708695526,0.363195700588634,0.356996553368027,0.357507901856562,0.359616892755213,0.357100762530586,0.358736318000812,0.358736318000812,0.358837734673415,0.358876015067927,0.358829998196199,0.359895748878898,0.357510344634646,0.359532454723814,0.357631819589582,0.357631819589582,0.361284621889825,0.361284621889825,0.357968469038041,0.357968469038041,0.351512891804642,0.343852644363599,0.345216825944,0.344669429386736,0.344590579561507,0.344579602173348,0.344363798316033,0.344392007083164,0.334531137034598,0.334678357918435,0.334698626896831,0.335806768999212,0.336431374536292,0.336452006031215,0.341493666458588,0.354807281419377,0.356649326816646,0.340908548896684,0.770898206384198,0.539744340362788,0.537946375179955,0.531502165654403,0.510817518513284,0.510817595914764,0.503178286204917,0.503238933676997,0.518126537095454,0.524670214190135,0.526997266350654,0.519044757360092,0.524287579257839,0.526482925831778,0.497431582437413,0.519651501910645,0.519530427785825,0.524720171898414,0.508429024189169,0.51064369203939,0.511305340737437,0.505808618570519
"AY646853.2",0.36473729149405,0.364671352229914,0.360861005096512,0.355569431694613,0.353713201952801,0.370293365826882,0.372931756478038,0.372950591664999,0.397437251113592,0.37835882544331,0.380156701280345,0.380201201653758,0.37681743285947,0.379313239589135,0.374390055705538,0.365925804967274,0.435014434269017,0.432048119358035,0.44361533099639,0.425134679177072,0.410045861850817,0.419043671201386,0.419091920312865,0.415485201273541,0.384234899303095,0.38364677831141,0.383101937795344,0.394391184660179,0.394459078519593,0.394368572960669,0.368210976904879,0.387278465594074,0.385102647536802,0.445294452960634,0.444777167844558,0.413044693513478,0.416753947288203,0.421019285140489,0.423146677703252,0.428550876510015,0.428453894764402,0.442550274976916,0.445569022421742,0.446271995408509,0.423877484322375,0.422250214552944,0.417689056805229,0.41180461265937,0.415763254890997,0.385113924307231,0.385165649000384,0.432414948199815,0.418034471605632,0.38888066287623,0.575143572202743,0.183575963112521,0.18347305913564,0.182245261758722,0.182378296448296,0.208934141485769,0.20786212997259,0.206504744394108,0.207392016814127,0.208135739156355,0.207885898722416,0.207866861958945,0.207847942057657,0.207516190081007,0.207228586658076,0.203365634077815,0.226939640733865,0.228434554489052,0.229279526254742,0.229594561834662,0.210615229788865,0.212990550188978,0.213395716909994,0.215116573141303,0.211239995075832,0.218414703636376,0.218350707180929,0.2302388144856,0.230044014605282,0.230082340511521,0.230462896687846,0.108566292014138,0.113330000458306,0.11454729208276,0.104347566801288,0.104347566801288,0.105097259998054,0.106610047128594,0.106610049508854,0.106572194320619,0.106591115928238,0.105316794411686,0.105530706521201,0.105372424481246,0.106914714681357,0.105397037477891,0.1054157360293,0.103950242493416,0.10664687638158,0.10664687638158,0.106742945498074,0.106257767671532,0.106219522077574,0.106200363375944,0.104198799694559,0.0760976413541987,0.0184157296146421,0.0186255210632346,0.0214404251868217,0.0220924069160943,0.0211227235431851,0.0210602024907139,0,0.00466053017812347,0.00701608363404081,0.00872214720654721,0.0115366723381906,0.0142120351439908,0.0142903121867982,0.0145272301296633,0.0153010696916626,0.0165728188493278,0.0162684901395373,0.0164144686851731,0.0164473519395983,0.016328765072186,0.015904371711747,0.0162319338421958,0.0163640988046941,0.0146638019435495,0.0162942259308232,0.0139396335839068,0.01438936343978,0.0135240061633075,0.0121057169192967,0.0157800117951711,0.0834113270677974,0.0861905962125464,0.0879728121730128,0.286514635500246,0.293518703393376,0.296797395147748,0.296797395147748,0.301569012379911,0.283827330755946,0.269704617722614,0.273490278859941,0.273508823124592,0.274122583607389,0.423779310252706,0.379708754712696,0.255073240331501,0.346618928729015,0.346566755987688,0.357224286688983,0.359747685956436,0.359184789458896,0.359425977230447,0.35978058433842,0.365970576231528,0.35977142901092,0.360282777499456,0.362391768398107,0.35987563817348,0.361511193643706,0.361511193643706,0.361612610316308,0.361650890710821,0.361604873839092,0.362670624521792,0.360285220277539,0.362307330366707,0.360406695232476,0.360406695232476,0.364059497532719,0.364059497532719,0.360743344680935,0.360743344680935,0.354287767447536,0.346627520006493,0.347991701586893,0.347444305029629,0.3473654552044,0.347354477816242,0.347138673958927,0.347166882726058,0.337306012677492,0.337453233561329,0.337473502539725,0.338581644642106,0.339206250179186,0.339226881674109,0.344268542101482,0.357582157062271,0.35942420245954,0.343683424539578,0.773673082027092,0.542519216005682,0.540721250822849,0.534277041297297,0.513592394156178,0.513592471557658,0.505953161847811,0.50601380931989,0.520901412738348,0.527445089833029,0.529772141993547,0.521819633002986,0.527062454900733,0.529257801474671,0.500206458080307,0.522426377553539,0.522305303428719,0.527495047541308,0.511203899832062,0.513418567682284,0.514080216380331,0.508583494213413
"LC504334.1",0.364540922147453,0.364474982883318,0.360664635749915,0.355373062348017,0.353516832606205,0.370096996480285,0.372735387131442,0.372754222318402,0.397240881766995,0.378162456096713,0.379960331933748,0.380004832307162,0.376621063512874,0.379116870242538,0.374193686358942,0.365729435620678,0.43481806492242,0.431851750011439,0.443418961649794,0.424938309830476,0.409849492504221,0.41884730185479,0.418895550966268,0.415288831926944,0.384038529956499,0.383450408964814,0.382905568448748,0.394194815313582,0.394262709172997,0.394172203614073,0.368014607558283,0.387082096247478,0.384906278190205,0.445098083614038,0.444580798497961,0.412848324166882,0.416557577941607,0.420822915793893,0.422950308356655,0.428354507163419,0.428257525417806,0.44235390563032,0.445372653075146,0.446075626061912,0.423681114975778,0.422053845206348,0.417492687458632,0.411608243312774,0.415566885544401,0.384917554960634,0.384969279653788,0.432218578853219,0.417838102259036,0.388684293529634,0.574947202856146,0.183379593765924,0.183276689789044,0.182048892412126,0.1821819271017,0.208737772139172,0.207665760625994,0.206308375047512,0.207195647467531,0.207939369809758,0.20768952937582,0.207670492612349,0.207651572711061,0.20731982073441,0.207032217311479,0.203169264731219,0.226743271387269,0.228238185142456,0.229083156908146,0.229398192488066,0.210418860442269,0.212794180842382,0.213199347563397,0.214920203794707,0.211043625729236,0.218218334289779,0.218154337834332,0.230042445139004,0.229847645258686,0.229885971164924,0.23026652734125,0.108369922667542,0.11313363111171,0.114350922736163,0.104151197454692,0.104151197454692,0.104900890651458,0.106413677781998,0.106413680162258,0.106375824974022,0.106394746581642,0.10512042506509,0.105334337174604,0.10517605513465,0.106718345334761,0.105200668131294,0.105219366682704,0.10375387314682,0.106450507034984,0.106450507034984,0.106546576151478,0.106061398324936,0.106023152730978,0.106003994029348,0.104002430347963,0.0759012720076023,0.0182193602680457,0.0184291517166382,0.0212440558402253,0.0218960375694979,0.0209263541965888,0.0208638331441175,0.00466053017812347,0,0.0054648519427156,0.00852577785995087,0.0113403029915942,0.0140156657973944,0.0140939428402019,0.014330860783067,0.0151047003450663,0.0163764495027314,0.0160721207929409,0.0162180993385768,0.016250982593002,0.0161323957255896,0.0157080023651506,0.0160355644955995,0.0161677294580978,0.0144674325969532,0.0160978565842268,0.0137432642373105,0.0141929940931836,0.0133276368167111,0.0119093475727003,0.0155836424485747,0.0832149577212011,0.08599422686595,0.0877764428264165,0.28631826615365,0.293322334046779,0.296601025801152,0.296601025801152,0.301372643033315,0.28363096140935,0.269508248376018,0.273293909513344,0.273312453777996,0.273926214260793,0.42358294090611,0.3795123853661,0.254876870984904,0.346422559382418,0.346370386641091,0.357027917342387,0.359551316609839,0.358988420112299,0.359229607883851,0.359584214991823,0.365774206884932,0.359575059664324,0.360086408152859,0.362195399051511,0.359679268826884,0.36131482429711,0.36131482429711,0.361416240969712,0.361454521364225,0.361408504492496,0.362474255175196,0.360088850930943,0.362110961020111,0.360210325885879,0.360210325885879,0.363863128186123,0.363863128186123,0.360546975334339,0.360546975334339,0.354091398100939,0.346431150659897,0.347795332240297,0.347247935683033,0.347169085857804,0.347158108469646,0.34694230461233,0.346970513379462,0.337109643330895,0.337256864214733,0.337277133193128,0.338385275295509,0.33900988083259,0.339030512327513,0.344072172754886,0.357385787715674,0.359227833112944,0.343487055192982,0.773476712680496,0.542322846659086,0.540524881476253,0.5340806719507,0.513396024809582,0.513396102211061,0.505756792501215,0.505817439973294,0.520705043391751,0.527248720486433,0.529575772646951,0.521623263656389,0.526866085554137,0.529061432128075,0.50001008873371,0.522230008206943,0.522108934082123,0.527298678194712,0.511007530485466,0.513222198335688,0.513883847033734,0.508387124866817
"LC504341.1",0.366896475603371,0.366830536339235,0.363020189205832,0.357728615803934,0.355872386062122,0.372452549936203,0.375090940587359,0.37510977577432,0.399596435222913,0.380518009552631,0.382315885389666,0.382360385763079,0.378976616968791,0.381472423698456,0.376549239814859,0.368084989076595,0.437173618378338,0.434207303467356,0.445774515105711,0.427293863286393,0.412205045960138,0.421202855310707,0.421251104422186,0.417644385382862,0.386394083412416,0.385805962420731,0.385261121904665,0.3965503687695,0.396618262628914,0.39652775706999,0.3703701610142,0.389437649703395,0.387261831646123,0.447453637069955,0.446936351953879,0.415203877622799,0.418913131397524,0.42317846924981,0.425305861812573,0.430710060619336,0.430613078873723,0.444709459086237,0.447728206531063,0.44843117951783,0.426036668431696,0.424409398662265,0.41984824091455,0.413963796768691,0.417922439000318,0.387273108416552,0.387324833109705,0.434574132309136,0.420193655714953,0.391039846985551,0.577302756312064,0.185735147221842,0.185632243244961,0.184404445868043,0.184537480557617,0.21109332559509,0.210021314081911,0.208663928503429,0.209551200923448,0.210294923265676,0.210045082831737,0.210026046068266,0.210007126166978,0.209675374190328,0.209387770767397,0.205524818187136,0.229098824843186,0.230593738598374,0.231438710364063,0.231753745943983,0.212774413898186,0.215149734298299,0.215554901019315,0.217275757250624,0.213399179185153,0.220573887745697,0.22050989129025,0.232397998594921,0.232203198714604,0.232241524620842,0.232622080797167,0.110725476123459,0.115489184567627,0.116706476192081,0.106506750910609,0.106506750910609,0.107256444107375,0.108769231237915,0.108769233618175,0.10873137842994,0.108750300037559,0.107475978521007,0.107689890630522,0.107531608590567,0.109073898790678,0.107556221587212,0.107574920138621,0.106109426602737,0.108806060490901,0.108806060490901,0.108902129607395,0.108416951780853,0.108378706186895,0.108359547485265,0.10635798380388,0.0782568254635197,0.0205749137239631,0.0207847051725556,0.0235996092961427,0.0242515910254153,0.0232819076525061,0.0232193866000349,0.00701608363404081,0.0054648519427156,0,0.0108813313158682,0.0136958564475116,0.0163712192533118,0.0164494962961192,0.0166864142389843,0.0174602538009836,0.0187320029586488,0.0184276742488583,0.0185736527944941,0.0186065360489193,0.018487949181507,0.018063555821068,0.0183911179515168,0.0185232829140151,0.0168229860528705,0.0184534100401442,0.0160988176932278,0.016548547549101,0.0156831902726285,0.0142649010286177,0.0179391959044921,0.0855705111771184,0.0883497803218674,0.0901319962823338,0.288673819609567,0.295677887502697,0.298956579257069,0.298956579257069,0.303728196489232,0.285986514865267,0.271863801831935,0.275649462969262,0.275668007233913,0.27628176771671,0.425938494362027,0.381867938822017,0.257232424440822,0.348778112838336,0.348725940097009,0.359383470798304,0.361906870065757,0.361343973568217,0.361585161339768,0.36193976844774,0.368129760340849,0.361930613120241,0.362441961608777,0.364550952507428,0.362034822282801,0.363670377753027,0.363670377753027,0.36377179442563,0.363810074820142,0.363764057948413,0.364829808631113,0.36244440438686,0.364466514476028,0.362565879341797,0.362565879341797,0.36621868164204,0.36621868164204,0.362902528790256,0.362902528790256,0.356446951556857,0.348786704115814,0.350150885696214,0.34960348913895,0.349524639313721,0.349513661925563,0.349297858068248,0.349326066835379,0.339465196786813,0.33961241767065,0.339632686649046,0.340740828751427,0.341365434288507,0.34138606578343,0.346427726210803,0.359741341171592,0.361583386568861,0.345842608648899,0.775832266136413,0.544678400115003,0.54288043493217,0.536436225406618,0.515751578265499,0.515751655666979,0.508112345957132,0.508172993429211,0.523060596847669,0.52960427394235,0.531931326102869,0.523978817112307,0.529221639010054,0.531416985583992,0.502365642189628,0.52458556166286,0.52446448753804,0.529654231650629,0.513363083941384,0.515577751791605,0.516239400489652,0.510742678322734
"NC_006269.1",0.363520135386711,0.363454196122576,0.359643848989173,0.354352275587274,0.352496045845463,0.369076209719543,0.3717146003707,0.37173343555766,0.396220095006253,0.377141669335971,0.378939545173006,0.378984045546419,0.375600276752131,0.378096083481796,0.373172899598199,0.364708648859935,0.433797278161678,0.430830963250696,0.442398174889051,0.423917523069733,0.408828705743479,0.417826515094047,0.417874764205526,0.414268045166202,0.383017743195756,0.382429622204071,0.381884781688005,0.39317402855284,0.393241922412254,0.39315141685333,0.366993820797541,0.386061309486735,0.383885491429463,0.444077296853295,0.443560011737219,0.411827537406139,0.415536791180864,0.41980212903315,0.421929521595913,0.427333720402677,0.427236738657063,0.441333118869577,0.444351866314403,0.44505483930117,0.422660328215036,0.421033058445606,0.41647190069789,0.410587456552032,0.414546098783658,0.383896768199892,0.383948492893046,0.431197792092477,0.416817315498293,0.387663506768891,0.573926416095404,0.182358807005182,0.182255903028301,0.181028105651383,0.181161140340957,0.20771698537843,0.206644973865251,0.205287588286769,0.206174860706789,0.206918583049016,0.206668742615077,0.206649705851607,0.206630785950318,0.206299033973668,0.206011430550737,0.202148477970476,0.225722484626526,0.227217398381714,0.228062370147403,0.228377405727323,0.209398073681526,0.21177339408164,0.212178560802655,0.213899417033964,0.210022838968493,0.217197547529037,0.21713355107359,0.229021658378262,0.228826858497944,0.228865184404182,0.229245740580508,0.1073491359068,0.112112844350967,0.113330135975421,0.103130410693949,0.103130410693949,0.103880103890715,0.105392891021255,0.105392893401515,0.10535503821328,0.105373959820899,0.104099638304347,0.104313550413862,0.104155268373907,0.105697558574019,0.104179881370552,0.104198579921962,0.102733086386077,0.105429720274241,0.105429720274241,0.105525789390735,0.105040611564194,0.105002365970235,0.104983207268605,0.10298164358722,0.0748804852468598,0.0171985735073032,0.0174083649558957,0.0202232690794828,0.0208752508087554,0.0199055674358463,0.019843046383375,0.00872214720654721,0.00852577785995087,0.0108813313158682,0,0.0103195162308517,0.0129948790366519,0.0130731560794594,0.0133100740223245,0.0140839135843238,0.0153556627419889,0.0150513340321984,0.0151973125778343,0.0152301958322595,0.0151116089648471,0.0146872156044081,0.015014777734857,0.0151469426973553,0.0134466458362107,0.0150770698234843,0.012722477476568,0.0131722073324411,0.0123068500559686,0.0108885608119578,0.0145628556878322,0.0821941709604586,0.0849734401052076,0.086755656065674,0.285297479392907,0.292301547286037,0.29558023904041,0.29558023904041,0.300351856272572,0.282610174648607,0.268487461615276,0.272273122752602,0.272291667017253,0.27290542750005,0.422562154145368,0.378491598605357,0.253856084224162,0.345401772621676,0.345349599880349,0.356007130581644,0.358530529849097,0.357967633351557,0.358208821123109,0.358563428231081,0.364753420124189,0.358554272903582,0.359065621392117,0.361174612290768,0.358658482066141,0.360294037536367,0.360294037536367,0.36039545420897,0.360433734603482,0.360387717731754,0.361453468414453,0.359068064170201,0.361090174259369,0.359189539125137,0.359189539125137,0.36284234142538,0.36284234142538,0.359526188573596,0.359526188573596,0.353070611340197,0.345410363899154,0.346774545479555,0.34622714892229,0.346148299097062,0.346137321708903,0.345921517851588,0.345949726618719,0.336088856570153,0.33623607745399,0.336256346432386,0.337364488534767,0.337989094071847,0.33800972556677,0.343051385994143,0.356365000954932,0.358207046352201,0.342466268432239,0.772455925919753,0.541302059898343,0.53950409471551,0.533059885189958,0.512375238048839,0.512375315450319,0.504736005740472,0.504796653212552,0.519684256631009,0.52622793372569,0.528554985886209,0.520602476895647,0.525845298793394,0.528040645367333,0.498989301972968,0.5212092214462,0.52108814732138,0.526277891433969,0.509986743724724,0.512201411574945,0.512863060272992,0.507366338106074
"AY646854.2",0.364751742900941,0.364685803636806,0.360875456503403,0.355583883101505,0.353727653359693,0.370307817233773,0.37294620788493,0.37296504307189,0.397451702520483,0.378373276850201,0.380171152687236,0.38021565306065,0.376831884266362,0.379327690996026,0.37440450711243,0.365940256374166,0.435028885675908,0.432062570764927,0.443629782403282,0.425149130583964,0.410060313257709,0.419058122608278,0.419106371719756,0.415499652680432,0.384249350709987,0.383661229718302,0.383116389202235,0.39440563606707,0.394473529926485,0.394383024367561,0.368225428311771,0.387292917000966,0.385117098943693,0.445308904367525,0.444791619251449,0.41305914492037,0.416768398695095,0.42103373654738,0.423161129110143,0.428565327916907,0.428468346171294,0.442564726383807,0.445583473828634,0.4462864468154,0.423891935729266,0.422264665959836,0.41770350821212,0.411819064066262,0.415777706297889,0.385128375714122,0.385180100407276,0.432429399606707,0.418048923012524,0.388895114283121,0.575158023609634,0.183590414519412,0.183487510542532,0.182259713165613,0.182392747855188,0.20894859289266,0.207876581379482,0.206519195801,0.207406468221019,0.208150190563246,0.207900350129308,0.207881313365837,0.207862393464549,0.207530641487898,0.207243038064967,0.203380085484706,0.226954092140757,0.228449005895944,0.229293977661634,0.229609013241554,0.210629681195757,0.21300500159587,0.213410168316885,0.215131024548195,0.211254446482724,0.218429155043267,0.21836515858782,0.230253265892492,0.230058466012174,0.230096791918412,0.230477348094738,0.10858074342103,0.113344451865198,0.114561743489651,0.10436201820818,0.10436201820818,0.105111711404946,0.106624498535485,0.106624500915746,0.10658664572751,0.10660556733513,0.105331245818578,0.105545157928092,0.105386875888138,0.106929166088249,0.105411488884782,0.105430187436192,0.103964693900308,0.106661327788471,0.106661327788471,0.106757396904966,0.106272219078424,0.106233973484466,0.106214814782836,0.104213251101451,0.0761120927610902,0.0184301810215336,0.0186399724701262,0.0214548765937132,0.0221068583229858,0.0211371749500767,0.0210746538976055,0.0115366723381906,0.0113403029915942,0.0136958564475116,0.0103195162308517,0,0.00969398242089251,0.00977225946369998,0.0100091774065651,0.0107830169685644,0.0120547661262295,0.011750437416439,0.0118964159620749,0.0119292992165001,0.0118107123490877,0.0113863189886487,0.0117138811190976,0.0118460460815959,0.0101457492204512,0.0117761732077249,0.00942158086080859,0.00987131071668173,0.00900595344020923,0.0097455740058697,0.0157944632020626,0.083425778474689,0.086205047619438,0.0879872635799044,0.286529086907137,0.293533154800267,0.29681184655464,0.29681184655464,0.301583463786803,0.283841782162838,0.269719069129506,0.273504730266832,0.273523274531484,0.274137035014281,0.423793761659598,0.379723206119588,0.255087691738392,0.346633380135906,0.346581207394579,0.357238738095875,0.359762137363327,0.359199240865787,0.359440428637339,0.359795035745311,0.365985027638419,0.359785880417812,0.360297228906347,0.362406219804999,0.359890089580372,0.361525645050597,0.361525645050597,0.3616270617232,0.361665342117712,0.361619325245984,0.362685075928684,0.360299671684431,0.362321781773599,0.360421146639367,0.360421146639367,0.36407394893961,0.36407394893961,0.360757796087827,0.360757796087827,0.354302218854427,0.346641971413385,0.348006152993785,0.347458756436521,0.347379906611292,0.347368929223134,0.347153125365818,0.347181334132949,0.337320464084383,0.33746768496822,0.337487953946616,0.338596096048997,0.339220701586078,0.339241333081,0.344282993508374,0.357596608469162,0.359438653866431,0.343697875946469,0.773687533433984,0.542533667412574,0.54073570222974,0.534291492704188,0.513606845563069,0.513606922964549,0.505967613254703,0.506028260726782,0.520915864145239,0.527459541239921,0.529786593400439,0.521834084409877,0.527076906307624,0.529272252881563,0.500220909487198,0.522440828960431,0.522319754835611,0.5275094989482,0.511218351238954,0.513433019089176,0.514094667787222,0.508597945620305
"KT327081.1",0.367427105706742,0.367361166442606,0.363550819309203,0.358259245907305,0.356403016165493,0.372983180039574,0.37562157069073,0.37564040587769,0.400127065326283,0.381048639656002,0.382846515493036,0.38289101586645,0.379507247072162,0.382003053801827,0.37707986991823,0.368615619179966,0.437704248481709,0.434737933570727,0.446305145209082,0.427824493389764,0.412735676063509,0.421733485414078,0.421781734525556,0.418175015486232,0.386924713515787,0.386336592524102,0.385791752008036,0.39708099887287,0.397148892732285,0.397058387173361,0.370900791117571,0.389968279806766,0.387792461749494,0.447984267173326,0.44746698205725,0.41573450772617,0.419443761500895,0.423709099353181,0.425836491915943,0.431240690722707,0.431143708977094,0.445240089189608,0.448258836634434,0.4489618096212,0.426567298535067,0.424940028765636,0.420378871017921,0.414494426872062,0.418453069103689,0.387803738519922,0.387855463213076,0.435104762412507,0.420724285818324,0.391570477088922,0.577833386415434,0.186265777325212,0.186162873348332,0.184935075971414,0.185068110660988,0.21162395569846,0.210551944185282,0.2091945586068,0.210081831026819,0.210825553369047,0.210575712935108,0.210556676171637,0.210537756270349,0.210206004293698,0.209918400870767,0.206055448290507,0.229629454946557,0.231124368701744,0.231969340467434,0.232284376047354,0.213305044001557,0.21568036440167,0.216085531122685,0.217806387353995,0.213929809288524,0.221104517849067,0.22104052139362,0.232928628698292,0.232733828817974,0.232772154724213,0.233152710900538,0.11125610622683,0.116019814670998,0.117237106295452,0.10703738101398,0.10703738101398,0.107787074210746,0.109299861341286,0.109299863721546,0.10926200853331,0.10928093014093,0.108006608624378,0.108220520733893,0.108062238693938,0.109604528894049,0.108086851690582,0.108105550241992,0.106640056706108,0.109336690594272,0.109336690594272,0.109432759710766,0.108947581884224,0.108909336290266,0.108890177588636,0.106888613907251,0.0787874555668905,0.0211055438273339,0.0213153352759264,0.0241302393995135,0.024782221128786,0.0238125377558769,0.0237500167034057,0.0142120351439908,0.0140156657973944,0.0163712192533118,0.0129948790366519,0.00969398242089251,0,0.000669110097458196,0.000906028040323272,0.0016798676023226,0.00295161675998773,0.00264728805019723,0.0027932665958331,0.00282614985025828,0.00270756298284593,0.00228316962240693,0.0026107317528558,0.0027428967153541,0.00104259985420945,0.00267302384148313,0.000729720446078603,0.00232911977514961,0.00186313818952546,0.0124209368116699,0.0184698260078629,0.0861011412804892,0.0888804104252382,0.0906626263857046,0.289204449712938,0.296208517606068,0.29948720936044,0.29948720936044,0.304258826592603,0.286517144968638,0.272394431935306,0.276180093072633,0.276198637337284,0.276812397820081,0.426469124465398,0.382398568925388,0.257763054544193,0.349308742941706,0.349256570200379,0.359914100901675,0.362437500169128,0.361874603671587,0.362115791443139,0.362470398551111,0.36866039044422,0.362461243223612,0.362972591712147,0.365081582610799,0.362565452386172,0.364201007856398,0.364201007856398,0.364302424529,0.364340704923513,0.364294688051784,0.365360438734484,0.362975034490231,0.364997144579399,0.363096509445167,0.363096509445167,0.366749311745411,0.366749311745411,0.363433158893627,0.363433158893627,0.356977581660227,0.349317334219185,0.350681515799585,0.350134119242321,0.350055269417092,0.350044292028934,0.349828488171618,0.34985669693875,0.339995826890184,0.340143047774021,0.340163316752416,0.341271458854797,0.341896064391878,0.341916695886801,0.346958356314174,0.360271971274962,0.362114016672232,0.34637323875227,0.776362896239784,0.545209030218374,0.543411065035541,0.536966855509988,0.51628220836887,0.516282285770349,0.508642976060503,0.508703623532582,0.52359122695104,0.530134904045721,0.532461956206239,0.524509447215677,0.529752269113425,0.531947615687363,0.502896272292998,0.525116191766231,0.524995117641411,0.530184861754,0.513893714044754,0.516108381894976,0.516770030593022,0.511273308426105
"MZ576278.1",0.367505382749549,0.367439443485414,0.363629096352011,0.358337522950112,0.356481293208301,0.373061457082381,0.375699847733538,0.375718682920498,0.400205342369091,0.381126916698809,0.382924792535844,0.382969292909257,0.379585524114969,0.382081330844634,0.377158146961037,0.368693896222773,0.437782525524516,0.434816210613534,0.44638342225189,0.427902770432571,0.412813953106317,0.421811762456885,0.421860011568364,0.41825329252904,0.387002990558594,0.386414869566909,0.385870029050843,0.397159275915678,0.397227169775092,0.397136664216169,0.370979068160379,0.390046556849573,0.387870738792301,0.448062544216133,0.447545259100057,0.415812784768977,0.419522038543702,0.423787376395988,0.425914768958751,0.431318967765515,0.431221986019901,0.445318366232415,0.448337113677241,0.449040086664008,0.426645575577874,0.425018305808444,0.420457148060728,0.41457270391487,0.418531346146497,0.38788201556273,0.387933740255884,0.435183039455315,0.420802562861131,0.391648754131729,0.577911663458242,0.18634405436802,0.18624115039114,0.185013353014221,0.185146387703796,0.211702232741268,0.210630221228089,0.209272835649607,0.210160108069627,0.210903830411854,0.210653989977915,0.210634953214445,0.210616033313156,0.210284281336506,0.209996677913575,0.206133725333314,0.229707731989364,0.231202645744552,0.232047617510241,0.232362653090162,0.213383321044364,0.215758641444478,0.216163808165493,0.217884664396802,0.214008086331331,0.221182794891875,0.221118798436428,0.2330069057411,0.232812105860782,0.23285043176702,0.233230987943346,0.111334383269638,0.116098091713806,0.117315383338259,0.107115658056788,0.107115658056788,0.107865351253553,0.109378138384093,0.109378140764354,0.109340285576118,0.109359207183737,0.108084885667186,0.1082987977767,0.108140515736745,0.109682805936857,0.10816512873339,0.1081838272848,0.106718333748915,0.109414967637079,0.109414967637079,0.109511036753573,0.109025858927032,0.108987613333073,0.108968454631444,0.106966890950058,0.0788657326096979,0.0211838208701413,0.0213936123187338,0.0242085164423209,0.0248604981715935,0.0238908147986844,0.0238282937462131,0.0142903121867982,0.0140939428402019,0.0164494962961192,0.0130731560794594,0.00977225946369998,0.000669110097458196,0,0.000906578425354826,0.00168041798735415,0.00295216714501928,0.00264783843522879,0.00279381698086465,0.00282670023528983,0.00270811336787749,0.00228372000743848,0.00261128213788735,0.00274344710038565,0.00104315023924101,0.00267357422651468,0.000807997488886074,0.00240739681795708,0.00194141523233293,0.0124992138544774,0.0185481030506703,0.0861794183232967,0.0889586874680457,0.0907409034285121,0.289282726755745,0.296286794648875,0.299565486403248,0.299565486403248,0.30433710363541,0.286595422011445,0.272472708978114,0.27625837011544,0.276276914380091,0.276890674862889,0.426547401508206,0.382476845968195,0.257841331587,0.349387019984514,0.349334847243187,0.359992377944482,0.362515777211935,0.361952880714395,0.362194068485947,0.362548675593919,0.368738667487027,0.36253952026642,0.363050868754955,0.365159859653606,0.36264372942898,0.364279284899205,0.364279284899205,0.364380701571808,0.36441898196632,0.364372965094592,0.365438715777291,0.363053311533039,0.365075421622207,0.363174786487975,0.363174786487975,0.366827588788218,0.366827588788218,0.363511435936434,0.363511435936434,0.357055858703035,0.349395611261992,0.350759792842393,0.350212396285129,0.3501335464599,0.350122569071741,0.349906765214426,0.349934973981557,0.340074103932991,0.340221324816828,0.340241593795224,0.341349735897605,0.341974341434686,0.341994972929608,0.347036633356981,0.36035024831777,0.362192293715039,0.346451515795077,0.776441173282591,0.545287307261181,0.543489342078348,0.537045132552796,0.516360485411677,0.516360562813157,0.50872125310331,0.50878190057539,0.523669503993847,0.530213181088529,0.532540233249047,0.524587724258485,0.529830546156232,0.532025892730171,0.502974549335806,0.525194468809039,0.525073394684218,0.530263138796807,0.513971991087562,0.516186658937783,0.51684830763583,0.511351585468912
"KX980412.1",0.367742300692414,0.367676361428279,0.363866014294876,0.358574440892977,0.356718211151166,0.373298375025246,0.375936765676403,0.375955600863363,0.400442260311956,0.381363834641674,0.383161710478709,0.383206210852122,0.379822442057834,0.382318248787499,0.377395064903902,0.368930814165638,0.438019443467381,0.435053128556399,0.446620340194755,0.428139688375436,0.413050871049182,0.42204868039975,0.422096929511229,0.418490210471905,0.38723990850146,0.386651787509774,0.386106946993708,0.397396193858543,0.397464087717957,0.397373582159034,0.371215986103244,0.390283474792438,0.388107656735166,0.448299462158998,0.447782177042922,0.416049702711842,0.419758956486567,0.424024294338853,0.426151686901616,0.43155588570838,0.431458903962766,0.44555528417528,0.448574031620106,0.449277004606873,0.426882493520739,0.425255223751309,0.420694066003593,0.414809621857735,0.418768264089362,0.388118933505595,0.388170658198749,0.43541995739818,0.421039480803997,0.391885672074594,0.578148581401107,0.186580972310885,0.186478068334005,0.185250270957086,0.185383305646661,0.211939150684133,0.210867139170954,0.209509753592472,0.210397026012492,0.211140748354719,0.21089090792078,0.21087187115731,0.210852951256021,0.210521199279371,0.21023359585644,0.206370643276179,0.229944649932229,0.231439563687417,0.232284535453106,0.232599571033027,0.213620238987229,0.215995559387343,0.216400726108358,0.218121582339667,0.214245004274196,0.22141971283474,0.221355716379293,0.233243823683965,0.233049023803647,0.233087349709885,0.233467905886211,0.111571301212503,0.116335009656671,0.117552301281124,0.107352575999653,0.107352575999653,0.108102269196418,0.109615056326958,0.109615058707219,0.109577203518983,0.109596125126602,0.108321803610051,0.108535715719565,0.10837743367961,0.109919723879722,0.108402046676255,0.108420745227665,0.10695525169178,0.109651885579944,0.109651885579944,0.109747954696438,0.109262776869897,0.109224531275939,0.109205372574309,0.107203808892923,0.079102650552563,0.0214207388130064,0.0216305302615989,0.024445434385186,0.0250974161144586,0.0241277327415494,0.0240652116890782,0.0145272301296633,0.014330860783067,0.0166864142389843,0.0133100740223245,0.0100091774065651,0.000906028040323272,0.000906578425354826,0,0.00184009326828415,0.00311184242594929,0.00280751371615879,0.00295349226179466,0.00298637551621983,0.00286778864880749,0.00244339528836848,0.00277095741881736,0.00290312238131565,0.00124107168768592,0.0028714956749596,0.00104491543175115,0.00264431476082216,0.00217833317519801,0.0127361317973425,0.0187850209935354,0.0864163362661617,0.0891956054109107,0.0909778213713771,0.28951964469861,0.29652371259174,0.299802404346113,0.299802404346113,0.304574021578275,0.28683233995431,0.272709626920979,0.276495288058305,0.276513832322956,0.277127592805754,0.426784319451071,0.382713763911061,0.258078249529865,0.349623937927379,0.349571765186052,0.360229295887347,0.3627526951548,0.36218979865726,0.362430986428812,0.362785593536784,0.368975585429892,0.362776438209285,0.36328778669782,0.365396777596471,0.362880647371845,0.36451620284207,0.36451620284207,0.364617619514673,0.364655899909185,0.364609883037457,0.365675633720156,0.363290229475904,0.365312339565072,0.36341170443084,0.36341170443084,0.367064506731083,0.367064506731083,0.363748353879299,0.363748353879299,0.3572927766459,0.349632529204857,0.350996710785258,0.350449314227994,0.350370464402765,0.350359487014606,0.350143683157291,0.350171891924422,0.340311021875856,0.340458242759693,0.340478511738089,0.34158665384047,0.342211259377551,0.342231890872473,0.347273551299846,0.360587166260635,0.362429211657904,0.346688433737942,0.776678091225456,0.545524225204046,0.543726260021213,0.537282050495661,0.516597403354542,0.516597480756022,0.508958171046175,0.509018818518255,0.523906421936712,0.530450099031394,0.532777151191912,0.52482464220135,0.530067464099097,0.532262810673036,0.503211467278671,0.525431386751903,0.525310312627083,0.530500056739672,0.514208909030427,0.516423576880648,0.517085225578695,0.511588503411777
"LC715151.1",0.368516140254413,0.368450200990278,0.364639853856875,0.359348280454977,0.357492050713165,0.374072214587245,0.376710605238402,0.376729440425362,0.401216099873955,0.382137674203673,0.383935550040708,0.383980050414122,0.380596281619834,0.383092088349498,0.378168904465902,0.369704653727638,0.43879328302938,0.435826968118399,0.447394179756754,0.428913527937436,0.413824710611181,0.42282251996175,0.422870769073228,0.419264050033904,0.388013748063459,0.387425627071774,0.386880786555707,0.398170033420542,0.398237927279957,0.398147421721033,0.371989825665243,0.391057314354438,0.388881496297165,0.449073301720997,0.448556016604921,0.416823542273842,0.420532796048567,0.424798133900853,0.426925526463615,0.432329725270379,0.432232743524766,0.44632912373728,0.449347871182106,0.450050844168872,0.427656333082738,0.426029063313308,0.421467905565592,0.415583461419734,0.419542103651361,0.388892773067594,0.388944497760748,0.436193796960179,0.421813320365996,0.392659511636594,0.578922420963106,0.187354811872884,0.187251907896004,0.186024110519085,0.18615714520866,0.212712990246132,0.211640978732954,0.210283593154472,0.211170865574491,0.211914587916718,0.21166474748278,0.211645710719309,0.211626790818021,0.21129503884137,0.211007435418439,0.207144482838179,0.230718489494229,0.232213403249416,0.233058375015106,0.233373410595026,0.214394078549229,0.216769398949342,0.217174565670357,0.218895421901667,0.215018843836196,0.222193552396739,0.222129555941292,0.234017663245964,0.233822863365646,0.233861189271884,0.23424174544821,0.112345140774502,0.11710884921867,0.118326140843124,0.108126415561652,0.108126415561652,0.108876108758418,0.110388895888958,0.110388898269218,0.110351043080982,0.110369964688602,0.10909564317205,0.109309555281565,0.10915127324161,0.110693563441721,0.109175886238254,0.109194584789664,0.10772909125378,0.110425725141944,0.110425725141944,0.110521794258438,0.110036616431896,0.109998370837938,0.109979212136308,0.107977648454923,0.0798764901145624,0.0221945783750057,0.0224043698235982,0.0252192739471853,0.0258712556764579,0.0249015723035488,0.0248390512510775,0.0153010696916626,0.0151047003450663,0.0174602538009836,0.0140839135843238,0.0107830169685644,0.0016798676023226,0.00168041798735415,0.00184009326828415,0,0.00382102511061274,0.00351669640082224,0.00368640665885866,0.00371928991328383,0.00360070304587149,0.00317630968543248,0.00350387181588135,0.00363603677837965,0.00201491124968525,0.00364533523695892,0.00181875499375047,0.00341815432282148,0.00295217273719733,0.0135099713593418,0.0195588605555347,0.087190175828161,0.08996944497291,0.0917516609333765,0.29029348426061,0.29729755215374,0.300576243908112,0.300576243908112,0.305347861140275,0.28760617951631,0.273483466482978,0.277269127620304,0.277287671884956,0.277901432367753,0.42755815901307,0.38348760347306,0.258852089091864,0.350397777489378,0.350345604748051,0.361003135449347,0.363526534716799,0.362963638219259,0.363204825990811,0.363559433098783,0.369749424991892,0.363550277771284,0.364061626259819,0.366170617158471,0.363654486933844,0.365290042404069,0.365290042404069,0.365391459076672,0.365429739471184,0.365383722599456,0.366449473282156,0.364064069037903,0.366086179127071,0.364185543992839,0.364185543992839,0.367838346293083,0.367838346293083,0.364522193441299,0.364522193441299,0.358066616207899,0.350406368766857,0.351770550347257,0.351223153789993,0.351144303964764,0.351133326576606,0.35091752271929,0.350945731486421,0.341084861437855,0.341232082321692,0.341252351300088,0.342360493402469,0.34298509893955,0.343005730434473,0.348047390861846,0.361361005822634,0.363203051219904,0.347462273299941,0.777451930787456,0.546298064766046,0.544500099583213,0.53805589005766,0.517371242916541,0.517371320318021,0.509732010608175,0.509792658080254,0.524680261498711,0.531223938593393,0.533550990753911,0.525598481763349,0.530841303661096,0.533036650235035,0.50398530684067,0.526205226313903,0.526084152189083,0.531273896301672,0.514982748592426,0.517197416442648,0.517859065140694,0.512362342973777
"OR672551.1",0.369787889412079,0.369721950147943,0.36591160301454,0.360620029612642,0.35876379987083,0.375343963744911,0.377982354396067,0.378001189583027,0.40248784903162,0.383409423361339,0.385207299198373,0.385251799571787,0.381868030777499,0.384363837507164,0.379440653623567,0.370976402885303,0.440065032187046,0.437098717276064,0.448665928914419,0.430185277095101,0.415096459768846,0.424094269119415,0.424142518230893,0.420535799191569,0.389285497221124,0.388697376229439,0.388152535713373,0.399441782578207,0.399509676437622,0.399419170878698,0.373261574822908,0.392329063512103,0.390153245454831,0.450345050878663,0.449827765762587,0.418095291431507,0.421804545206232,0.426069883058518,0.42819727562128,0.433601474428044,0.433504492682431,0.447600872894945,0.450619620339771,0.451322593326537,0.428928082240404,0.427300812470973,0.422739654723258,0.416855210577399,0.420813852809026,0.390164522225259,0.390216246918413,0.437465546117844,0.423085069523661,0.393931260794259,0.580194170120771,0.188626561030549,0.188523657053669,0.187295859676751,0.187428894366325,0.213984739403797,0.212912727890619,0.211555342312137,0.212442614732156,0.213186337074384,0.212936496640445,0.212917459876974,0.212898539975686,0.212566787999035,0.212279184576104,0.208416231995844,0.231990238651894,0.233485152407081,0.234330124172771,0.234645159752691,0.215665827706894,0.218041148107007,0.218446314828022,0.220167171059332,0.216290592993861,0.223465301554404,0.223401305098957,0.235289412403629,0.235094612523311,0.23513293842955,0.235513494605875,0.113616889932167,0.118380598376335,0.119597890000789,0.109398164719317,0.109398164719317,0.110147857916083,0.111660645046623,0.111660647426883,0.111622792238647,0.111641713846267,0.110367392329715,0.11058130443923,0.110423022399275,0.111965312599386,0.110447635395919,0.110466333947329,0.109000840411445,0.111697474299609,0.111697474299609,0.111793543416103,0.111308365589561,0.111270119995603,0.111250961293973,0.109249397612588,0.0811482392722275,0.0234663275326709,0.0236761189812634,0.0264910231048505,0.027143004834123,0.0261733214612139,0.0261108004087427,0.0165728188493278,0.0163764495027314,0.0187320029586488,0.0153556627419889,0.0120547661262295,0.00295161675998773,0.00295216714501928,0.00311184242594929,0.00382102511061274,0,0.00264858959379129,0.00495815581652379,0.00499103907094896,0.00487245220353662,0.00444805884309762,0.00477562097354649,0.00490778593604478,0.00328666040735038,0.00491708439462405,0.00309050415141561,0.00468990348048662,0.00422392189486247,0.0147817205170069,0.0208306097131999,0.0884619249858262,0.0912411941305752,0.0930234100910416,0.291565233418275,0.298569301311405,0.301847993065777,0.301847993065777,0.30661961029794,0.288877928673975,0.274755215640643,0.27854087677797,0.278559421042621,0.279173181525418,0.428829908170735,0.384759352630725,0.26012383824953,0.351669526647043,0.351617353905716,0.362274884607012,0.364798283874465,0.364235387376924,0.364476575148476,0.364831182256448,0.371021174149557,0.364822026928949,0.365333375417484,0.367442366316136,0.364926236091509,0.366561791561735,0.366561791561735,0.366663208234337,0.36670148862885,0.366655471757121,0.367721222439821,0.365335818195568,0.367357928284736,0.365457293150504,0.365457293150504,0.369110095450748,0.369110095450748,0.365793942598964,0.365793942598964,0.359338365365564,0.351678117924522,0.353042299504922,0.352494902947658,0.352416053122429,0.352405075734271,0.352189271876955,0.352217480644087,0.34235661059552,0.342503831479358,0.342524100457753,0.343632242560134,0.344256848097215,0.344277479592138,0.349319140019511,0.362632754980299,0.364474800377569,0.348734022457607,0.778723679945121,0.547569813923711,0.545771848740878,0.539327639215325,0.518642992074207,0.518643069475686,0.51100375976584,0.511064407237919,0.525952010656376,0.532495687751058,0.534822739911576,0.526870230921014,0.532113052818762,0.5343083993927,0.505257055998335,0.527476975471568,0.527355901346748,0.532545645459337,0.516254497750091,0.518469165600313,0.519130814298359,0.513634092131442
"OR672556.1",0.369483560702288,0.369417621438153,0.36560727430475,0.360315700902851,0.35845947116104,0.37503963503512,0.377678025686277,0.377696860873237,0.40218352032183,0.383105094651548,0.384902970488583,0.384947470861996,0.381563702067708,0.384059508797373,0.379136324913776,0.370672074175512,0.439760703477255,0.436794388566273,0.448361600204629,0.42988094838531,0.414792131059056,0.423789940409625,0.423838189521103,0.420231470481779,0.388981168511334,0.388393047519648,0.387848207003582,0.399137453868417,0.399205347727831,0.399114842168908,0.372957246113118,0.392024734802312,0.38984891674504,0.450040722168872,0.449523437052796,0.417790962721716,0.421500216496441,0.425765554348727,0.42789294691149,0.433297145718254,0.43320016397264,0.447296544185154,0.45031529162998,0.451018264616747,0.428623753530613,0.426996483761183,0.422435326013467,0.416550881867609,0.420509524099236,0.389860193515469,0.389911918208623,0.437161217408054,0.42278074081387,0.393626932084468,0.579889841410981,0.188322232320759,0.188219328343879,0.18699153096696,0.187124565656535,0.213680410694007,0.212608399180828,0.211251013602346,0.212138286022366,0.212882008364593,0.212632167930654,0.212613131167184,0.212594211265895,0.212262459289245,0.211974855866314,0.208111903286053,0.231685909942103,0.233180823697291,0.23402579546298,0.234340831042901,0.215361498997103,0.217736819397217,0.218141986118232,0.219862842349541,0.21598626428407,0.223160972844614,0.223096976389167,0.234985083693839,0.234790283813521,0.234828609719759,0.235209165896085,0.113312561222377,0.118076269666545,0.119293561290998,0.109093836009527,0.109093836009527,0.109843529206292,0.111356316336832,0.111356318717093,0.111318463528857,0.111337385136476,0.110063063619925,0.110276975729439,0.110118693689484,0.111660983889596,0.110143306686129,0.110162005237539,0.108696511701654,0.111393145589818,0.111393145589818,0.111489214706312,0.111004036879771,0.110965791285813,0.110946632584183,0.108945068902797,0.080843910562437,0.0231619988228804,0.0233717902714729,0.02618669439506,0.0268386761243325,0.0258689927514234,0.0258064716989522,0.0162684901395373,0.0160721207929409,0.0184276742488583,0.0150513340321984,0.011750437416439,0.00264728805019723,0.00264783843522879,0.00280751371615879,0.00351669640082224,0.00264858959379129,0,0.00465382710673329,0.00468671036115847,0.00456812349374613,0.00414373013330712,0.00447129226375599,0.00460345722625429,0.00298233169755988,0.00461275568483356,0.00278617544162511,0.00438557477069612,0.00391959318507197,0.0144773918072164,0.0205262810034094,0.0881575962760357,0.0909368654207847,0.0927190813812511,0.291260904708484,0.298264972601614,0.301543664355987,0.301543664355987,0.306315281588149,0.288573599964184,0.274450886930853,0.278236548068179,0.27825509233283,0.278868852815628,0.428525579460945,0.384455023920935,0.259819509539739,0.351365197937253,0.351313025195926,0.361970555897221,0.364493955164674,0.363931058667134,0.364172246438686,0.364526853546658,0.370716845439766,0.364517698219159,0.365029046707694,0.367138037606345,0.364621907381719,0.366257462851944,0.366257462851944,0.366358879524547,0.366397159919059,0.366351143047331,0.36741689373003,0.365031489485778,0.367053599574946,0.365152964440714,0.365152964440714,0.368805766740957,0.368805766740957,0.365489613889173,0.365489613889173,0.359034036655774,0.351373789214731,0.352737970795132,0.352190574237868,0.352111724412639,0.35210074702448,0.351884943167165,0.351913151934296,0.34205228188573,0.342199502769567,0.342219771747963,0.343327913850344,0.343952519387425,0.343973150882347,0.34901481130972,0.362328426270509,0.364170471667778,0.348429693747816,0.77841935123533,0.54726548521392,0.545467520031087,0.539023310505535,0.518338663364416,0.518338740765896,0.510699431056049,0.510760078528129,0.525647681946586,0.532191359041268,0.534518411201786,0.526565902211224,0.531808724108971,0.53400407068291,0.504952727288545,0.527172646761778,0.527051572636957,0.532241316749546,0.515950169040301,0.518164836890522,0.518826485588569,0.513329763421651
"OR672552.1",0.369629539247924,0.369563599983789,0.365753252850386,0.360461679448487,0.358605449706676,0.375185613580756,0.377824004231913,0.377842839418873,0.402329498867466,0.383251073197184,0.385048949034219,0.385093449407632,0.381709680613344,0.384205487343009,0.379282303459412,0.370818052721148,0.439906682022891,0.436940367111909,0.448507578750265,0.430026926930946,0.414938109604692,0.42393591895526,0.423984168066739,0.420377449027415,0.389127147056969,0.388539026065284,0.387994185549218,0.399283432414053,0.399351326273467,0.399260820714543,0.373103224658754,0.392170713347948,0.389994895290676,0.450186700714508,0.449669415598432,0.417936941267352,0.421646195042077,0.425911532894363,0.428038925457126,0.433443124263889,0.433346142518276,0.44744252273079,0.450461270175616,0.451164243162383,0.428769732076249,0.427142462306819,0.422581304559103,0.416696860413245,0.420655502644871,0.390006172061105,0.390057896754259,0.43730719595369,0.422926719359506,0.393772910630104,0.580035819956617,0.188468210866395,0.188365306889514,0.187137509512596,0.18727054420217,0.213826389239643,0.212754377726464,0.211396992147982,0.212284264568002,0.213027986910229,0.21277814647629,0.21275910971282,0.212740189811531,0.212408437834881,0.21212083441195,0.208257881831689,0.231831888487739,0.233326802242927,0.234171774008616,0.234486809588536,0.215507477542739,0.217882797942853,0.218287964663868,0.220008820895177,0.216132242829706,0.22330695139025,0.223242954934803,0.235131062239475,0.234936262359157,0.234974588265395,0.23535514444172,0.113458539768013,0.11822224821218,0.119439539836634,0.109239814555163,0.109239814555163,0.109989507751928,0.111502294882468,0.111502297262728,0.111464442074493,0.111483363682112,0.110209042165561,0.110422954275075,0.11026467223512,0.111806962435232,0.110289285231765,0.110307983783175,0.10884249024729,0.111539124135454,0.111539124135454,0.111635193251948,0.111150015425407,0.111111769831448,0.111092611129818,0.109091047448433,0.0809898891080729,0.0233079773685162,0.0235177688171087,0.0263326729406958,0.0269846546699684,0.0260149712970593,0.025952450244588,0.0164144686851731,0.0162180993385768,0.0185736527944941,0.0151973125778343,0.0118964159620749,0.0027932665958331,0.00279381698086465,0.00295349226179466,0.00368640665885866,0.00495815581652379,0.00465382710673329,0,0.00156891332666491,0.00145032645925257,0.0011758748210341,0.00150343695148297,0.00370001506641743,0.00312831024319575,0.00475873423046942,0.00293215398726098,0.00453155331633199,0.00406557173070784,0.0146233703528523,0.0206722595490452,0.0883035748216716,0.0910828439664206,0.092865059926887,0.29140688325412,0.29841095114725,0.301689642901623,0.301689642901623,0.306461260133785,0.28871957850982,0.274596865476489,0.278382526613815,0.278401070878466,0.279014831361264,0.428671558006581,0.38460100246657,0.259965488085375,0.351511176482889,0.351459003741562,0.362116534442857,0.36463993371031,0.36407703721277,0.364318224984321,0.364672832092294,0.370862823985402,0.364663676764795,0.36517502525333,0.367284016151981,0.364767885927354,0.36640344139758,0.36640344139758,0.366504858070183,0.366543138464695,0.366497121592966,0.367562872275666,0.365177468031414,0.367199578120582,0.36529894298635,0.36529894298635,0.368951745286593,0.368951745286593,0.365635592434809,0.365635592434809,0.35918001520141,0.351519767760367,0.352883949340768,0.352336552783503,0.352257702958274,0.352246725570116,0.352030921712801,0.352059130479932,0.342198260431366,0.342345481315203,0.342365750293599,0.34347389239598,0.34409849793306,0.344119129427983,0.349160789855356,0.362474404816145,0.364316450213414,0.348575672293452,0.778565329780966,0.547411463759556,0.545613498576723,0.539169289051171,0.518484641910052,0.518484719311532,0.510845409601685,0.510906057073764,0.525793660492222,0.532337337586903,0.534664389747422,0.52671188075686,0.531954702654607,0.534150049228545,0.505098705834181,0.527318625307413,0.527197551182593,0.532387295295182,0.516096147585937,0.518310815436158,0.518972464134205,0.513475741967287
"OR672554.1",0.369662422502349,0.369596483238214,0.365786136104811,0.360494562702912,0.358638332961101,0.375218496835181,0.377856887486338,0.377875722673298,0.402362382121891,0.383283956451609,0.385081832288644,0.385126332662058,0.381742563867769,0.384238370597434,0.379315186713838,0.370850935975573,0.439939565277316,0.436973250366334,0.44854046200469,0.430059810185372,0.414970992859117,0.423968802209686,0.424017051321164,0.42041033228184,0.389160030311395,0.388571909319709,0.388027068803643,0.399316315668478,0.399384209527892,0.399293703968969,0.373136107913179,0.392203596602373,0.390027778545101,0.450219583968933,0.449702298852857,0.417969824521777,0.421679078296503,0.425944416148788,0.428071808711551,0.433476007518315,0.433379025772701,0.447475405985215,0.450494153430042,0.451197126416808,0.428802615330674,0.427175345561244,0.422614187813528,0.41672974366767,0.420688385899297,0.39003905531553,0.390090780008684,0.437340079208115,0.422959602613932,0.393805793884529,0.580068703211042,0.18850109412082,0.18839819014394,0.187170392767021,0.187303427456596,0.213859272494068,0.212787260980889,0.211429875402407,0.212317147822427,0.213060870164654,0.212811029730715,0.212791992967245,0.212773073065956,0.212441321089306,0.212153717666375,0.208290765086114,0.231864771742164,0.233359685497352,0.234204657263041,0.234519692842962,0.215540360797164,0.217915681197278,0.218320847918293,0.220041704149602,0.216165126084131,0.223339834644675,0.223275838189228,0.2351639454939,0.234969145613582,0.23500747151982,0.235388027696146,0.113491423022438,0.118255131466606,0.119472423091059,0.109272697809588,0.109272697809588,0.110022391006353,0.111535178136893,0.111535180517154,0.111497325328918,0.111516246936537,0.110241925419986,0.1104558375295,0.110297555489545,0.111839845689657,0.11032216848619,0.1103408670376,0.108875373501715,0.111572007389879,0.111572007389879,0.111668076506373,0.111182898679832,0.111144653085874,0.111125494384244,0.109123930702858,0.081022772362498,0.0233408606229414,0.0235506520715339,0.026365556195121,0.0270175379243936,0.0260478545514844,0.0259853334990132,0.0164473519395983,0.016250982593002,0.0186065360489193,0.0152301958322595,0.0119292992165001,0.00282614985025828,0.00282670023528983,0.00298637551621983,0.00371928991328383,0.00499103907094896,0.00468671036115847,0.00156891332666491,0,0.000314574870482375,0.00120875807545928,0.00153632020590815,0.0037328983208426,0.00316119349762092,0.0047916174848946,0.00296503724168615,0.00456443657075716,0.00409845498513301,0.0146562536072775,0.0207051428034704,0.0883364580760967,0.0911157272208457,0.0928979431813121,0.291439766508545,0.298443834401675,0.301722526156048,0.301722526156048,0.30649414338821,0.288752461764245,0.274629748730914,0.27841540986824,0.278433954132891,0.279047714615689,0.428704441261006,0.384633885720996,0.2599983713398,0.351544059737314,0.351491886995987,0.362149417697282,0.364672816964735,0.364109920467195,0.364351108238747,0.364705715346719,0.370895707239827,0.36469656001922,0.365207908507755,0.367316899406406,0.36480076918178,0.366436324652005,0.366436324652005,0.366537741324608,0.36657602171912,0.366530004847392,0.367595755530091,0.365210351285839,0.367232461375007,0.365331826240775,0.365331826240775,0.368984628541018,0.368984628541018,0.365668475689234,0.365668475689234,0.359212898455835,0.351552651014792,0.352916832595193,0.352369436037929,0.3522905862127,0.352279608824541,0.352063804967226,0.352092013734357,0.342231143685791,0.342378364569628,0.342398633548024,0.343506775650405,0.344131381187486,0.344152012682408,0.349193673109781,0.36250728807057,0.364349333467839,0.348608555547877,0.778598213035391,0.547444347013981,0.545646381831148,0.539202172305596,0.518517525164477,0.518517602565957,0.51087829285611,0.51093894032819,0.525826543746647,0.532370220841329,0.534697273001847,0.526744764011285,0.531987585909032,0.534182932482971,0.505131589088606,0.527351508561838,0.527230434437018,0.532420178549607,0.516129030840362,0.518343698690583,0.51900534738863,0.513508625221713
"OR672558.1",0.369543835634937,0.369477896370801,0.365667549237399,0.3603759758355,0.358519746093688,0.375099909967769,0.377738300618925,0.377757135805886,0.402243795254479,0.383165369584197,0.384963245421232,0.385007745794645,0.381623977000357,0.384119783730022,0.379196599846425,0.370732349108161,0.439820978409904,0.436854663498922,0.448421875137277,0.429941223317959,0.414852405991704,0.423850215342273,0.423898464453752,0.420291745414427,0.389041443443982,0.388453322452297,0.387908481936231,0.399197728801066,0.39926562266048,0.399175117101556,0.373017521045766,0.392085009734961,0.389909191677689,0.450100997101521,0.449583711985445,0.417851237654365,0.42156049142909,0.425825829281376,0.427953221844139,0.433357420650902,0.433260438905289,0.447356819117803,0.450375566562629,0.451078539549396,0.428684028463262,0.427056758693831,0.422495600946116,0.416611156800257,0.420569799031884,0.389920468448118,0.389972193141271,0.437221492340702,0.422841015746519,0.393687207017117,0.57995011634363,0.188382507253408,0.188279603276527,0.187051805899609,0.187184840589183,0.213740685626656,0.212668674113477,0.211311288534995,0.212198560955014,0.212942283297242,0.212692442863303,0.212673406099832,0.212654486198544,0.212322734221894,0.212035130798963,0.208172178218702,0.231746184874752,0.233241098629939,0.234086070395629,0.234401105975549,0.215421773929752,0.217797094329865,0.218202261050881,0.21992311728219,0.216046539216719,0.223221247777263,0.223157251321816,0.235045358626487,0.234850558746169,0.234888884652408,0.235269440828733,0.113372836155025,0.118136544599193,0.119353836223647,0.109154110942175,0.109154110942175,0.109903804138941,0.111416591269481,0.111416593649741,0.111378738461506,0.111397660069125,0.110123338552573,0.110337250662088,0.110178968622133,0.111721258822245,0.110203581618778,0.110222280170187,0.108756786634303,0.111453420522467,0.111453420522467,0.111549489638961,0.111064311812419,0.111026066218461,0.111006907516831,0.109005343835446,0.0809041854950857,0.0232222737555291,0.0234320652041216,0.0262469693277087,0.0268989510569812,0.0259292676840721,0.0258667466316009,0.016328765072186,0.0161323957255896,0.018487949181507,0.0151116089648471,0.0118107123490877,0.00270756298284593,0.00270811336787749,0.00286778864880749,0.00360070304587149,0.00487245220353662,0.00456812349374613,0.00145032645925257,0.000314574870482375,0,0.00109017120804693,0.0014177333384958,0.00361431145343026,0.00304260663020858,0.00467303061748226,0.00284645037427381,0.00444584970334482,0.00397986811772067,0.0145376667398651,0.0205865559360581,0.0882178712086844,0.0909971403534334,0.0927793563138998,0.291321179641133,0.298325247534263,0.301603939288635,0.301603939288635,0.306375556520798,0.288633874896833,0.274511161863501,0.278296823000828,0.278315367265479,0.278929127748276,0.428585854393593,0.384515298853583,0.259879784472388,0.351425472869902,0.351373300128575,0.36203083082987,0.364554230097323,0.363991333599782,0.364232521371334,0.364587128479306,0.370777120372415,0.364577973151807,0.365089321640342,0.367198312538994,0.364682182314367,0.366317737784593,0.366317737784593,0.366419154457195,0.366457434851708,0.366411417979979,0.367477168662679,0.365091764418426,0.367113874507594,0.365213239373363,0.365213239373363,0.368866041673606,0.368866041673606,0.365549888821822,0.365549888821822,0.359094311588422,0.35143406414738,0.35279824572778,0.352250849170516,0.352171999345287,0.352161021957129,0.351945218099813,0.351973426866945,0.342112556818379,0.342259777702216,0.342280046680612,0.343388188782993,0.344012794320073,0.344033425814996,0.349075086242369,0.362388701203158,0.364230746600427,0.348489968680465,0.778479626167979,0.547325760146569,0.545527794963736,0.539083585438183,0.518398938297065,0.518399015698545,0.510759705988698,0.510820353460777,0.525707956879235,0.532251633973916,0.534578686134434,0.526626177143872,0.53186899904162,0.534064345615558,0.505013002221193,0.527232921694426,0.527111847569606,0.532301591682195,0.51601044397295,0.518225111823171,0.518886760521218,0.5133900383543
"OR672555.1",0.369119442274498,0.369053503010362,0.36524315587696,0.359951582475061,0.358095352733249,0.37467551660733,0.377313907258486,0.377332742445447,0.40181940189404,0.382740976223758,0.384538852060793,0.384583352434206,0.381199583639918,0.383695390369583,0.378772206485986,0.370307955747722,0.439396585049465,0.436430270138483,0.447997481776838,0.42951682995752,0.414428012631265,0.423425821981834,0.423474071093313,0.419867352053988,0.388617050083543,0.388028929091858,0.387484088575792,0.398773335440627,0.398841229300041,0.398750723741117,0.372593127685327,0.391660616374522,0.38948479831725,0.449676603741082,0.449159318625006,0.417426844293926,0.421136098068651,0.425401435920937,0.4275288284837,0.432933027290463,0.43283604554485,0.446932425757364,0.44995117320219,0.450654146188957,0.428259635102823,0.426632365333392,0.422071207585677,0.416186763439818,0.420145405671445,0.389496075087679,0.389547799780832,0.436797098980263,0.42241662238608,0.393262813656678,0.57952572298319,0.187958113892969,0.187855209916088,0.18662741253917,0.186760447228744,0.213316292266217,0.212244280753038,0.210886895174556,0.211774167594575,0.212517889936803,0.212268049502864,0.212249012739393,0.212230092838105,0.211898340861455,0.211610737438524,0.207747784858263,0.231321791514313,0.2328167052695,0.23366167703519,0.23397671261511,0.214997380569313,0.217372700969426,0.217777867690442,0.219498723921751,0.21562214585628,0.222796854416824,0.222732857961377,0.234620965266048,0.23442616538573,0.234464491291969,0.234845047468294,0.112948442794586,0.117712151238754,0.118929442863208,0.108729717581736,0.108729717581736,0.109479410778502,0.110992197909042,0.110992200289302,0.110954345101067,0.110973266708686,0.109698945192134,0.109912857301649,0.109754575261694,0.111296865461806,0.109779188258339,0.109797886809748,0.108332393273864,0.111029027162028,0.111029027162028,0.111125096278522,0.11063991845198,0.110601672858022,0.110582514156392,0.108580950475007,0.0804797921346467,0.02279788039509,0.0230076718436826,0.0258225759672697,0.0264745576965422,0.0255048743236331,0.0254423532711619,0.015904371711747,0.0157080023651506,0.018063555821068,0.0146872156044081,0.0113863189886487,0.00228316962240693,0.00228372000743848,0.00244339528836848,0.00317630968543248,0.00444805884309762,0.00414373013330712,0.0011758748210341,0.00120875807545928,0.00109017120804693,0,0.000789785069815831,0.00318991809299125,0.00261821326976958,0.00424863725704325,0.0024220570138348,0.00402145634290582,0.00355547475728166,0.0141132733794261,0.0201621625756191,0.0877934778482454,0.0905727469929944,0.0923549629534608,0.290896786280694,0.297900854173824,0.301179545928196,0.301179545928196,0.305951163160359,0.288209481536394,0.274086768503062,0.277872429640389,0.27789097390504,0.278504734387837,0.428161461033154,0.384090905493144,0.259455391111949,0.351001079509463,0.350948906768136,0.361606437469431,0.364129836736884,0.363566940239343,0.363808128010895,0.364162735118867,0.370352727011976,0.364153579791368,0.364664928279903,0.366773919178555,0.364257788953928,0.365893344424154,0.365893344424154,0.365994761096756,0.366033041491269,0.36598702461954,0.36705277530224,0.364667371057987,0.366689481147155,0.364788846012924,0.364788846012924,0.368441648313167,0.368441648313167,0.365125495461383,0.365125495461383,0.358669918227983,0.351009670786941,0.352373852367341,0.351826455810077,0.351747605984848,0.35173662859669,0.351520824739374,0.351549033506506,0.34168816345794,0.341835384341777,0.341855653320173,0.342963795422554,0.343588400959634,0.343609032454557,0.34865069288193,0.361964307842719,0.363806353239988,0.348065575320026,0.77805523280754,0.54690136678613,0.545103401603297,0.538659192077744,0.517974544936626,0.517974622338106,0.510335312628259,0.510395960100338,0.525283563518796,0.531827240613477,0.534154292773996,0.526201783783434,0.531444605681181,0.533639952255119,0.504588608860755,0.526808528333987,0.526687454209167,0.531877198321756,0.51558605061251,0.517800718462732,0.518462367160779,0.512965644993861
"OR672557.1",0.369447004404947,0.369381065140811,0.365570718007408,0.36027914460551,0.358422914863698,0.375003078737779,0.377641469388935,0.377660304575896,0.402146964024489,0.383068538354207,0.384866414191241,0.384910914564655,0.381527145770367,0.384022952500032,0.379099768616435,0.370635517878171,0.439724147179914,0.436757832268932,0.448325043907287,0.429844392087969,0.414755574761714,0.423753384112283,0.423801633223761,0.420194914184437,0.388944612213992,0.388356491222307,0.387811650706241,0.399100897571075,0.39916879143049,0.399078285871566,0.372920689815776,0.391988178504971,0.389812360447699,0.450004165871531,0.449486880755455,0.417754406424375,0.4214636601991,0.425728998051386,0.427856390614149,0.433260589420912,0.433163607675299,0.447259987887813,0.450278735332639,0.450981708319406,0.428587197233272,0.426959927463841,0.422398769716126,0.416514325570267,0.420472967801894,0.389823637218127,0.389875361911281,0.437124661110712,0.422744184516529,0.393590375787127,0.579853285113639,0.188285676023418,0.188182772046537,0.186954974669619,0.187088009359193,0.213643854396665,0.212571842883487,0.211214457305005,0.212101729725024,0.212845452067252,0.212595611633313,0.212576574869842,0.212557654968554,0.212225902991903,0.211938299568972,0.208075346988712,0.231649353644762,0.233144267399949,0.233989239165639,0.234304274745559,0.215324942699762,0.217700263099875,0.21810542982089,0.2198262860522,0.215949707986729,0.223124416547273,0.223060420091826,0.234948527396497,0.234753727516179,0.234792053422418,0.235172609598743,0.113276004925035,0.118039713369203,0.119257004993657,0.109057279712185,0.109057279712185,0.109806972908951,0.111319760039491,0.111319762419751,0.111281907231516,0.111300828839135,0.110026507322583,0.110240419432098,0.110082137392143,0.111624427592254,0.110106750388787,0.110125448940197,0.108659955404313,0.111356589292477,0.111356589292477,0.111452658408971,0.110967480582429,0.110929234988471,0.110910076286841,0.108908512605456,0.0808073542650956,0.0231254425255389,0.0233352339741314,0.0261501380977185,0.0268021198269911,0.025832436454082,0.0257699154016107,0.0162319338421958,0.0160355644955995,0.0183911179515168,0.015014777734857,0.0117138811190976,0.0026107317528558,0.00261128213788735,0.00277095741881736,0.00350387181588135,0.00477562097354649,0.00447129226375599,0.00150343695148297,0.00153632020590815,0.0014177333384958,0.000789785069815831,0,0.00351748022344013,0.00294577540021845,0.00457619938749212,0.00274961914428368,0.00434901847335469,0.00388303688773054,0.014440835509875,0.0204897247060679,0.0881210399786943,0.0909003091234433,0.0926825250839097,0.291224348411143,0.298228416304273,0.301507108058645,0.301507108058645,0.306278725290808,0.288537043666843,0.274414330633511,0.278199991770838,0.278218536035489,0.278832296518286,0.428489023163603,0.384418467623593,0.259782953242398,0.351328641639911,0.351276468898584,0.36193399959988,0.364457398867333,0.363894502369792,0.364135690141344,0.364490297249316,0.370680289142425,0.364481141921817,0.364992490410352,0.367101481309004,0.364585351084377,0.366220906554603,0.366220906554603,0.366322323227205,0.366360603621718,0.366314586749989,0.367380337432689,0.364994933188436,0.367017043277604,0.365116408143372,0.365116408143372,0.368769210443616,0.368769210443616,0.365453057591832,0.365453057591832,0.358997480358432,0.35133723291739,0.35270141449779,0.352154017940526,0.352075168115297,0.352064190727139,0.351848386869823,0.351876595636955,0.342015725588389,0.342162946472226,0.342183215450621,0.343291357553003,0.343915963090083,0.343936594585006,0.348978255012379,0.362291869973167,0.364133915370437,0.348393137450475,0.778382794937989,0.547228928916579,0.545430963733746,0.538986754208193,0.518302107067075,0.518302184468554,0.510662874758708,0.510723522230787,0.525611125649245,0.532154802743926,0.534481854904444,0.526529345913882,0.53177216781163,0.533967514385568,0.504916170991203,0.527136090464436,0.527015016339616,0.532204760452205,0.515913612742959,0.518128280593181,0.518789929291227,0.51329320712431
"OR672553.1",0.369579169367445,0.36951323010331,0.365702882969907,0.360411309568008,0.358555079826197,0.375135243700277,0.377773634351434,0.377792469538394,0.402279128986987,0.383200703316705,0.38499857915374,0.385043079527153,0.381659310732865,0.38415511746253,0.379231933578933,0.370767682840669,0.439856312142412,0.43688999723143,0.448457208869785,0.429976557050467,0.414887739724213,0.423885549074781,0.42393379818626,0.420327079146936,0.38907677717649,0.388488656184805,0.387943815668739,0.399233062533574,0.399300956392988,0.399210450834064,0.373052854778275,0.392120343467469,0.389944525410197,0.450136330834029,0.449619045717953,0.417886571386873,0.421595825161598,0.425861163013884,0.427988555576647,0.43339275438341,0.433295772637797,0.447392152850311,0.450410900295137,0.451113873281904,0.42871936219577,0.42709209242634,0.422530934678624,0.416646490532766,0.420605132764392,0.389955802180626,0.39000752687378,0.43725682607321,0.422876349479027,0.393722540749625,0.579985450076138,0.188417840985916,0.188314937009035,0.187087139632117,0.187220174321691,0.213776019359164,0.212704007845985,0.211346622267503,0.212233894687523,0.21297761702975,0.212727776595811,0.212708739832341,0.212689819931052,0.212358067954402,0.212070464531471,0.20820751195121,0.23178151860726,0.233276432362448,0.234121404128137,0.234436439708057,0.21545710766226,0.217832428062374,0.218237594783389,0.219958451014698,0.216081872949227,0.223256581509771,0.223192585054324,0.235080692358996,0.234885892478678,0.234924218384916,0.235304774561241,0.113408169887534,0.118171878331701,0.119389169956155,0.109189444674684,0.109189444674684,0.109939137871449,0.111451925001989,0.111451927382249,0.111414072194014,0.111432993801633,0.110158672285082,0.110372584394596,0.110214302354641,0.111756592554753,0.110238915351286,0.110257613902696,0.108792120366811,0.111488754254975,0.111488754254975,0.111584823371469,0.111099645544928,0.111061399950969,0.111042241249339,0.109040677567954,0.0809395192275939,0.0232576074880372,0.0234673989366297,0.0262823030602168,0.0269342847894894,0.0259646014165803,0.025902080364109,0.0163640988046941,0.0161677294580978,0.0185232829140151,0.0151469426973553,0.0118460460815959,0.0027428967153541,0.00274344710038565,0.00290312238131565,0.00363603677837965,0.00490778593604478,0.00460345722625429,0.00370001506641743,0.0037328983208426,0.00361431145343026,0.00318991809299125,0.00351748022344013,0,0.00307794036271674,0.00470836434999042,0.00288178410678197,0.00448118343585299,0.00401520185022883,0.0145730004723733,0.0206218896685662,0.0882532049411926,0.0910324740859415,0.092814690046408,0.291356513373641,0.298360581266771,0.301639273021144,0.301639273021144,0.306410890253306,0.288669208629341,0.27454649559601,0.278332156733336,0.278350700997987,0.278964461480785,0.428621188126102,0.384550632586091,0.259915118204896,0.35146080660241,0.351408633861083,0.362066164562378,0.364589563829831,0.364026667332291,0.364267855103842,0.364622462211815,0.370812454104923,0.364613306884316,0.365124655372851,0.367233646271502,0.364717516046875,0.366353071517101,0.366353071517101,0.366454488189704,0.366492768584216,0.366446751712487,0.367512502395187,0.365127098150935,0.367149208240103,0.365248573105871,0.365248573105871,0.368901375406114,0.368901375406114,0.36558522255433,0.36558522255433,0.359129645320931,0.351469397879888,0.352833579460289,0.352286182903024,0.352207333077795,0.352196355689637,0.351980551832322,0.352008760599453,0.342147890550887,0.342295111434724,0.34231538041312,0.343423522515501,0.344048128052581,0.344068759547504,0.349110419974877,0.362424034935666,0.364266080332935,0.348525302412973,0.778514959900487,0.547361093879077,0.545563128696244,0.539118919170692,0.518434272029573,0.518434349431053,0.510795039721206,0.510855687193285,0.525743290611743,0.532286967706424,0.534614019866943,0.526661510876381,0.531904332774128,0.534099679348067,0.505048335953702,0.527268255426934,0.527147181302114,0.532336925414703,0.516045777705458,0.518260445555679,0.518922094253726,0.513425372086808
"MN187064.1",0.3678788725063,0.367812933242165,0.364002586108762,0.358711012706864,0.356854782965052,0.373434946839132,0.376073337490289,0.376092172677249,0.400578832125842,0.38150040645556,0.383298282292595,0.383342782666009,0.379959013871721,0.382454820601385,0.377531636717789,0.369067385979525,0.438156015281267,0.435189700370286,0.446756912008641,0.428276260189323,0.413187442863068,0.422185252213637,0.422233501325115,0.418626782285791,0.387376480315346,0.38678835932366,0.386243518807594,0.397532765672429,0.397600659531844,0.39751015397292,0.37135255791713,0.390420046606325,0.388244228549052,0.448436033972884,0.447918748856808,0.416186274525729,0.419895528300454,0.424160866152739,0.426288258715502,0.431692457522266,0.431595475776653,0.445691855989166,0.448710603433993,0.449413576420759,0.427019065334625,0.425391795565195,0.420830637817479,0.414946193671621,0.418904835903248,0.388255505319481,0.388307230012635,0.435556529212066,0.421176052617883,0.39202224388848,0.578285153214993,0.186717544124771,0.186614640147891,0.185386842770972,0.185519877460547,0.212075722498019,0.211003710984841,0.209646325406359,0.210533597826378,0.211277320168605,0.211027479734667,0.211008442971196,0.210989523069908,0.210657771093257,0.210370167670326,0.206507215090065,0.230081221746116,0.231576135501303,0.232421107266993,0.232736142846913,0.213756810801116,0.216132131201229,0.216537297922244,0.218258154153553,0.214381576088083,0.221556284648626,0.221492288193179,0.233380395497851,0.233185595617533,0.233223921523771,0.233604477700097,0.111707873026389,0.116471581470557,0.11768887309501,0.107489147813539,0.107489147813539,0.108238841010305,0.109751628140844,0.109751630521105,0.109713775332869,0.109732696940489,0.108458375423937,0.108672287533451,0.108514005493497,0.110056295693608,0.108538618490141,0.108557317041551,0.107091823505667,0.10978845739383,0.10978845739383,0.109884526510325,0.109399348683783,0.109361103089825,0.109341944388195,0.10734038070681,0.0792392223664492,0.0215573106268926,0.0217671020754851,0.0245820061990722,0.0252339879283448,0.0242643045554356,0.0242017835029644,0.0146638019435495,0.0144674325969532,0.0168229860528705,0.0134466458362107,0.0101457492204512,0.00104259985420945,0.00104315023924101,0.00124107168768592,0.00201491124968525,0.00328666040735038,0.00298233169755988,0.00312831024319575,0.00316119349762092,0.00304260663020858,0.00261821326976958,0.00294577540021845,0.00307794036271674,0,0.0023435559684491,0.00118148724563733,0.00278088657470834,0.00231490498908419,0.0128727036112286,0.0189215928074216,0.0865529080800479,0.0893321772247969,0.0911143931852633,0.289656216512496,0.296660284405626,0.299938976159999,0.299938976159999,0.304710593392162,0.286968911768197,0.272846198734865,0.276631859872191,0.276650404136843,0.27726416461964,0.426920891264957,0.382850335724947,0.258214821343751,0.349760509741265,0.349708336999938,0.360365867701234,0.362889266968686,0.362326370471146,0.362567558242698,0.36292216535067,0.369112157243778,0.362913010023171,0.363424358511706,0.365533349410358,0.363017219185731,0.364652774655956,0.364652774655956,0.364754191328559,0.364792471723071,0.364746454851343,0.365812205534042,0.36342680128979,0.365448911378958,0.363548276244726,0.363548276244726,0.367201078544969,0.367201078544969,0.363884925693186,0.363884925693186,0.357429348459786,0.349769101018744,0.351133282599144,0.35058588604188,0.350507036216651,0.350496058828493,0.350280254971177,0.350308463738308,0.340447593689742,0.340594814573579,0.340615083551975,0.341723225654356,0.342347831191437,0.342368462686359,0.347410123113733,0.360723738074521,0.36256578347179,0.346825005551828,0.776814663039343,0.545660797017933,0.543862831835099,0.537418622309547,0.516733975168428,0.516734052569908,0.509094742860062,0.509155390332141,0.524042993750598,0.53058667084528,0.532913723005798,0.524961214015236,0.530204035912983,0.532399382486922,0.503348039092557,0.52556795856579,0.52544688444097,0.530636628553559,0.514345480844313,0.516560148694535,0.517221797392581,0.511725075225664
"LC671561.1",0.369509296493574,0.369443357229439,0.365633010096036,0.360341436694137,0.358485206952326,0.375065370826406,0.377703761477563,0.377722596664523,0.402209256113116,0.383130830442834,0.384928706279869,0.384973206653282,0.381589437858994,0.384085244588659,0.379162060705062,0.370697809966798,0.439786439268541,0.436820124357559,0.448387335995915,0.429906684176596,0.414817866850342,0.42381567620091,0.423863925312389,0.420257206273065,0.38900690430262,0.388418783310934,0.387873942794868,0.399163189659703,0.399231083519117,0.399140577960193,0.372982981904404,0.392050470593598,0.389874652536326,0.450066457960158,0.449549172844082,0.417816698513002,0.421525952287727,0.425791290140013,0.427918682702776,0.43332288150954,0.433225899763926,0.44732227997644,0.450341027421266,0.451044000408033,0.428649489321899,0.427022219552469,0.422461061804753,0.416576617658895,0.420535259890521,0.389885929306755,0.389937653999908,0.43718695319934,0.422806476605156,0.393652667875754,0.579915577202267,0.188347968112045,0.188245064135164,0.187017266758246,0.18715030144782,0.213706146485293,0.212634134972114,0.211276749393632,0.212164021813652,0.212907744155879,0.21265790372194,0.21263886695847,0.212619947057181,0.212288195080531,0.2120005916576,0.208137639077339,0.231711645733389,0.233206559488577,0.234051531254266,0.234366566834186,0.215387234788389,0.217762555188503,0.218167721909518,0.219888578140827,0.216012000075356,0.2231867086359,0.223122712180453,0.235010819485125,0.234816019604807,0.234854345511045,0.235234901687371,0.113338297013663,0.11810200545783,0.119319297082284,0.109119571800813,0.109119571800813,0.109869264997578,0.111382052128118,0.111382054508378,0.111344199320143,0.111363120927762,0.110088799411211,0.110302711520725,0.11014442948077,0.111686719680882,0.110169042477415,0.110187741028825,0.10872224749294,0.111418881381104,0.111418881381104,0.111514950497598,0.111029772671057,0.110991527077098,0.110972368375468,0.108970804694083,0.0808696463537229,0.0231877346141663,0.0233975260627588,0.0262124301863459,0.0268644119156184,0.0258947285427093,0.0258322074902381,0.0162942259308232,0.0160978565842268,0.0184534100401442,0.0150770698234843,0.0117761732077249,0.00267302384148313,0.00267357422651468,0.0028714956749596,0.00364533523695892,0.00491708439462405,0.00461275568483356,0.00475873423046942,0.0047916174848946,0.00467303061748226,0.00424863725704325,0.00457619938749212,0.00470836434999042,0.0023435559684491,0,0.00281191123291101,0.00441131056198202,0.00394532897635786,0.0145031275985023,0.0205520167946953,0.0881833320673216,0.0909626012120706,0.092744817172537,0.29128664049977,0.2982907083929,0.301569400147273,0.301569400147273,0.306341017379435,0.28859933575547,0.274476622722139,0.278262283859465,0.278280828124116,0.278894588606914,0.428551315252231,0.38448075971222,0.259845245331025,0.351390933728539,0.351338760987212,0.361996291688507,0.36451969095596,0.36395679445842,0.364197982229972,0.364552589337944,0.370742581231052,0.364543434010445,0.36505478249898,0.367163773397631,0.364647643173004,0.36628319864323,0.36628319864323,0.366384615315833,0.366422895710345,0.366376878838617,0.367442629521316,0.365057225277064,0.367079335366232,0.365178700232,0.365178700232,0.368831502532243,0.368831502532243,0.365515349680459,0.365515349680459,0.35905977244706,0.351399525006017,0.352763706586418,0.352216310029154,0.352137460203925,0.352126482815766,0.351910678958451,0.351938887725582,0.342078017677016,0.342225238560853,0.342245507539249,0.34335364964163,0.34397825517871,0.343998886673633,0.349040547101006,0.362354162061795,0.364196207459064,0.348455429539102,0.778445087026616,0.547291221005206,0.545493255822373,0.539049046296821,0.518364399155702,0.518364476557182,0.510725166847335,0.510785814319414,0.525673417737872,0.532217094832553,0.534544146993072,0.52659163800251,0.531834459900257,0.534029806474196,0.504978463079831,0.527198382553063,0.527077308428243,0.532267052540832,0.515975904831587,0.518190572681808,0.518852221379855,0.513355499212937
"MK111628.1",0.367154704146658,0.367088764882522,0.363278417749119,0.357986844347221,0.356130614605409,0.37271077847949,0.375349169130646,0.375368004317607,0.3998546637662,0.380776238095918,0.382574113932952,0.382618614306366,0.379234845512078,0.381730652241743,0.376807468358146,0.368343217619882,0.437431846921625,0.434465532010643,0.446032743648998,0.42755209182968,0.412463274503425,0.421461083853994,0.421509332965472,0.417902613926148,0.386652311955703,0.386064190964018,0.385519350447952,0.396808597312787,0.396876491172201,0.396785985613277,0.370628389557487,0.389695878246682,0.38752006018941,0.447711865613242,0.447194580497166,0.415462106166086,0.419171359940811,0.423436697793097,0.425564090355859,0.430968289162623,0.43087130741701,0.444967687629524,0.44798643507435,0.448689408061116,0.426294896974983,0.424667627205552,0.420106469457837,0.414222025311978,0.418180667543605,0.387531336959838,0.387583061652992,0.434832360852423,0.42045188425824,0.391298075528838,0.57756098485535,0.185993375765129,0.185890471788248,0.18466267441133,0.184795709100904,0.211351554138376,0.210279542625198,0.208922157046716,0.209809429466735,0.210553151808963,0.210303311375024,0.210284274611553,0.210265354710265,0.209933602733615,0.209645999310684,0.205783046730423,0.229357053386473,0.23085196714166,0.23169693890735,0.23201197448727,0.213032642441473,0.215407962841586,0.215813129562601,0.217533985793911,0.21365740772844,0.220832116288984,0.220768119833537,0.232656227138208,0.23246142725789,0.232499753164129,0.232880309340454,0.110983704666746,0.115747413110914,0.116964704735368,0.106764979453896,0.106764979453896,0.107514672650662,0.109027459781202,0.109027462161462,0.108989606973226,0.109008528580846,0.107734207064294,0.107948119173809,0.107789837133854,0.109332127333965,0.107814450130498,0.107833148681908,0.106367655146024,0.109064289034188,0.109064289034188,0.109160358150682,0.10867518032414,0.108636934730182,0.108617776028552,0.106616212347167,0.0785150540068065,0.0208331422672499,0.0210429337158424,0.0238578378394295,0.0245098195687021,0.023540136195793,0.0234776151433218,0.0139396335839068,0.0137432642373105,0.0160988176932278,0.012722477476568,0.00942158086080859,0.000729720446078603,0.000807997488886074,0.00104491543175115,0.00181875499375047,0.00309050415141561,0.00278617544162511,0.00293215398726098,0.00296503724168615,0.00284645037427381,0.0024220570138348,0.00274961914428368,0.00288178410678197,0.00118148724563733,0.00281191123291101,0,0.00205671821506569,0.00159073662944154,0.012148535251586,0.0181974244477789,0.0858287397204053,0.0886080088651542,0.0903902248256207,0.288932048152854,0.295936116045984,0.299214807800356,0.299214807800356,0.303986425032519,0.286244743408554,0.272122030375222,0.275907691512549,0.2759262357772,0.276539996259997,0.426196722905314,0.382126167365304,0.257490652984109,0.349036341381622,0.348984168640295,0.359641699341591,0.362165098609044,0.361602202111503,0.361843389883055,0.362197996991027,0.368387988884136,0.362188841663528,0.362700190152063,0.364809181050715,0.362293050826088,0.363928606296314,0.363928606296314,0.364030022968916,0.364068303363429,0.3640222864917,0.3650880371744,0.362702632930147,0.364724743019315,0.362824107885083,0.362824107885083,0.366476910185327,0.366476910185327,0.363160757333543,0.363160757333543,0.356705180100143,0.349044932659101,0.350409114239501,0.349861717682237,0.349782867857008,0.34977189046885,0.349556086611534,0.349584295378666,0.3397234253301,0.339870646213937,0.339890915192332,0.340999057294714,0.341623662831794,0.341644294326717,0.34668595475409,0.359999569714878,0.361841615112148,0.346100837192186,0.7760904946797,0.54493662865829,0.543138663475457,0.536694453949904,0.516009806808786,0.516009884210266,0.508370574500419,0.508431221972498,0.523318825390956,0.529862502485637,0.532189554646155,0.524237045655593,0.529479867553341,0.531675214127279,0.502623870732914,0.524843790206147,0.524722716081327,0.529912460193916,0.51362131248467,0.515835980334892,0.516497629032938,0.511000906866021
"MK111630.1",0.367604434002531,0.367538494738395,0.363728147604993,0.358436574203094,0.356580344461283,0.373160508335363,0.37579889898652,0.37581773417348,0.400304393622073,0.381225967951791,0.383023843788826,0.383068344162239,0.379684575367951,0.382180382097616,0.377257198214019,0.368792947475755,0.437881576777498,0.434915261866516,0.446482473504871,0.428001821685553,0.412913004359298,0.421910813709867,0.421959062821346,0.418352343782021,0.387102041811576,0.386513920819891,0.385969080303825,0.39725832716866,0.397326221028074,0.39723571546915,0.37107811941336,0.390145608102555,0.387969790045283,0.448161595469115,0.447644310353039,0.415911836021959,0.419621089796684,0.42388642764897,0.426013820211733,0.431418019018496,0.431321037272883,0.445417417485397,0.448436164930223,0.44913913791699,0.426744626830856,0.425117357061425,0.42055619931371,0.414671755167851,0.418630397399478,0.387981066815712,0.388032791508865,0.435282090708296,0.420901614114113,0.391747805384711,0.578010714711224,0.186443105621002,0.186340201644121,0.185112404267203,0.185245438956777,0.21180128399425,0.210729272481071,0.209371886902589,0.210259159322608,0.211002881664836,0.210753041230897,0.210734004467426,0.210715084566138,0.210383332589488,0.210095729166557,0.206232776586296,0.229806783242346,0.231301696997533,0.232146668763223,0.232461704343143,0.213482372297346,0.215857692697459,0.216262859418475,0.217983715649784,0.214107137584313,0.221281846144857,0.22121784968941,0.233105956994081,0.232911157113763,0.232949483020002,0.233330039196327,0.111433434522619,0.116197142966787,0.117414434591241,0.107214709309769,0.107214709309769,0.107964402506535,0.109477189637075,0.109477192017335,0.1094393368291,0.109458258436719,0.108183936920167,0.108397849029682,0.108239566989727,0.109781857189839,0.108264179986372,0.108282878537781,0.106817385001897,0.109514018890061,0.109514018890061,0.109610088006555,0.109124910180013,0.109086664586055,0.109067505884425,0.10706594220304,0.0789647838626797,0.0212828721231231,0.0214926635717156,0.0243075676953027,0.0249595494245753,0.0239898660516661,0.0239273449991949,0.01438936343978,0.0141929940931836,0.016548547549101,0.0131722073324411,0.00987131071668173,0.00232911977514961,0.00240739681795708,0.00264431476082216,0.00341815432282148,0.00468990348048662,0.00438557477069612,0.00453155331633199,0.00456443657075716,0.00444584970334482,0.00402145634290582,0.00434901847335469,0.00448118343585299,0.00278088657470834,0.00441131056198202,0.00205671821506569,0,0.00204046648531468,0.0125982651074591,0.0186471543036521,0.0862784695762784,0.0890577387210274,0.0908399546814938,0.289381778008727,0.296385845901857,0.299664537656229,0.299664537656229,0.304436154888392,0.286694473264427,0.272571760231095,0.276357421368422,0.276375965633073,0.27698972611587,0.426646452761187,0.382575897221177,0.257940382839982,0.349486071237496,0.349433898496169,0.360091429197464,0.362614828464917,0.362051931967377,0.362293119738928,0.3626477268469,0.368837718740009,0.362638571519401,0.363149920007937,0.365258910906588,0.362742780681961,0.364378336152187,0.364378336152187,0.36447975282479,0.364518033219302,0.364472016347573,0.365537767030273,0.36315236278602,0.365174472875188,0.363273837740957,0.363273837740957,0.3669266400412,0.3669266400412,0.363610487189416,0.363610487189416,0.357154909956017,0.349494662514974,0.350858844095374,0.35031144753811,0.350232597712881,0.350221620324723,0.350005816467408,0.350034025234539,0.340173155185973,0.34032037606981,0.340340645048206,0.341448787150587,0.342073392687667,0.34209402418259,0.347135684609963,0.360449299570752,0.362291344968021,0.346550567048059,0.776540224535573,0.545386358514163,0.54358839333133,0.537144183805778,0.516459536664659,0.516459614066139,0.508820304356292,0.508880951828371,0.523768555246829,0.53031223234151,0.532639284502029,0.524686775511467,0.529929597409214,0.532124943983152,0.503073600588788,0.52529352006202,0.5251724459372,0.530362190049789,0.514071042340544,0.516285710190765,0.516947358888812,0.511450636721894
"MK111629.1",0.366739076726058,0.366673137461923,0.36286279032852,0.357571216926622,0.35571498718481,0.37229515105889,0.374933541710047,0.374952376897007,0.3994390363456,0.380360610675318,0.382158486512353,0.382202986885767,0.378819218091479,0.381315024821143,0.376391840937547,0.367927590199283,0.437016219501025,0.434049904590044,0.445617116228399,0.427136464409081,0.412047647082826,0.421045456433395,0.421093705544873,0.417486986505549,0.386236684535104,0.385648563543418,0.385103723027352,0.396392969892187,0.396460863751601,0.396370358192678,0.370212762136888,0.389280250826083,0.38710443276881,0.447296238192642,0.446778953076566,0.415046478745487,0.418755732520212,0.423021070372497,0.42514846293526,0.430552661742024,0.430455679996411,0.444552060208924,0.447570807653751,0.448273780640517,0.425879269554383,0.424251999784953,0.419690842037237,0.413806397891379,0.417765040123006,0.387115709539239,0.387167434232393,0.434416733431824,0.420036256837641,0.390882448108238,0.577145357434751,0.185577748344529,0.185474844367649,0.18424704699073,0.184380081680305,0.210935926717777,0.209863915204599,0.208506529626116,0.209393802046136,0.210137524388363,0.209887683954425,0.209868647190954,0.209849727289666,0.209517975313015,0.209230371890084,0.205367419309823,0.228941425965873,0.230436339721061,0.23128131148675,0.231596347066671,0.212617015020874,0.214992335420987,0.215397502142002,0.217118358373311,0.21324178030784,0.220416488868384,0.220352492412937,0.232240599717609,0.232045799837291,0.232084125743529,0.232464681919855,0.110568077246147,0.115331785690315,0.116549077314768,0.106349352033297,0.106349352033297,0.107099045230063,0.108611832360602,0.108611834740863,0.108573979552627,0.108592901160247,0.107318579643695,0.107532491753209,0.107374209713254,0.108916499913366,0.107398822709899,0.107417521261309,0.105952027725425,0.108648661613588,0.108648661613588,0.108744730730083,0.108259552903541,0.108221307309583,0.108202148607953,0.106200584926568,0.0780994265862072,0.0204175148466506,0.0206273062952431,0.0234422104188302,0.0240941921481028,0.0231245087751936,0.0230619877227224,0.0135240061633075,0.0133276368167111,0.0156831902726285,0.0123068500559686,0.00900595344020923,0.00186313818952546,0.00194141523233293,0.00217833317519801,0.00295217273719733,0.00422392189486247,0.00391959318507197,0.00406557173070784,0.00409845498513301,0.00397986811772067,0.00355547475728166,0.00388303688773054,0.00401520185022883,0.00231490498908419,0.00394532897635786,0.00159073662944154,0.00204046648531468,0,0.0117329078309866,0.0177817970271796,0.0854131122998059,0.0881923814445549,0.0899745974050213,0.288516420732254,0.295520488625384,0.298799180379757,0.298799180379757,0.30357079761192,0.285829115987955,0.271706402954623,0.275492064091949,0.275510608356601,0.276124368839398,0.425781095484715,0.381710539944705,0.257075025563509,0.348620713961023,0.348568541219696,0.359226071920992,0.361749471188444,0.361186574690904,0.361427762462456,0.361782369570428,0.367972361463536,0.361773214242929,0.362284562731464,0.364393553630116,0.361877423405489,0.363512978875714,0.363512978875714,0.363614395548317,0.363652675942829,0.363606659071101,0.3646724097538,0.362287005509548,0.364309115598716,0.362408480464484,0.362408480464484,0.366061282764727,0.366061282764727,0.362745129912944,0.362745129912944,0.356289552679544,0.348629305238502,0.349993486818902,0.349446090261638,0.349367240436409,0.349356263048251,0.349140459190935,0.349168667958066,0.3393077979095,0.339455018793337,0.339475287771733,0.340583429874114,0.341208035411195,0.341228666906117,0.346270327333491,0.359583942294279,0.361425987691548,0.345685209771586,0.7756748672591,0.544521001237691,0.542723036054857,0.536278826529305,0.515594179388186,0.515594256789666,0.50795494707982,0.508015594551899,0.522903197970356,0.529446875065038,0.531773927225556,0.523821418234994,0.529064240132741,0.53125958670668,0.502208243312315,0.524428162785548,0.524307088660728,0.529496832773317,0.513205685064071,0.515420352914293,0.516082001612339,0.510585279445422
"LC504326.1",0.365320787482047,0.365254848217912,0.361444501084509,0.356152927682611,0.354296697940799,0.37087686181488,0.373515252466036,0.373534087652996,0.398020747101589,0.378942321431308,0.380740197268342,0.380784697641756,0.377400928847468,0.379896735577132,0.374973551693536,0.366509300955272,0.435597930257014,0.432631615346033,0.444198826984388,0.42571817516507,0.410629357838815,0.419627167189384,0.419675416300862,0.416068697261538,0.384818395291093,0.384230274299408,0.383685433783342,0.394974680648176,0.395042574507591,0.394952068948667,0.368794472892877,0.387861961582072,0.3856861435248,0.445877948948632,0.445360663832555,0.413628189501476,0.417337443276201,0.421602781128487,0.423730173691249,0.429134372498013,0.4290373907524,0.443133770964914,0.44615251840974,0.446855491396506,0.424460980310372,0.422833710540942,0.418272552793226,0.412388108647368,0.416346750878995,0.385697420295228,0.385749144988382,0.432998444187813,0.41861796759363,0.389464158864228,0.57572706819074,0.184159459100518,0.184056555123638,0.18282875774672,0.182961792436294,0.209517637473766,0.208445625960588,0.207088240382106,0.207975512802125,0.208719235144352,0.208469394710414,0.208450357946943,0.208431438045655,0.208099686069004,0.207812082646073,0.203949130065813,0.227523136721863,0.22901805047705,0.22986302224274,0.23017805782266,0.211198725776863,0.213574046176976,0.213979212897991,0.215700069129301,0.21182349106383,0.218998199624373,0.218934203168926,0.230822310473598,0.23062751059328,0.230665836499518,0.231046392675844,0.109149788002136,0.113913496446304,0.115130788070758,0.104931062789286,0.104931062789286,0.105680755986052,0.107193543116592,0.107193545496852,0.107155690308616,0.107174611916236,0.105900290399684,0.106114202509198,0.105955920469244,0.107498210669355,0.105980533465888,0.105999232017298,0.104533738481414,0.107230372369578,0.107230372369578,0.107326441486072,0.10684126365953,0.106803018065572,0.106783859363942,0.104782295682557,0.0766811373421964,0.0189992256026397,0.0192090170512323,0.0220239211748194,0.0226759029040919,0.0217062195311828,0.0216436984787116,0.0121057169192967,0.0119093475727003,0.0142649010286177,0.0108885608119578,0.0097455740058697,0.0124209368116699,0.0124992138544774,0.0127361317973425,0.0135099713593418,0.0147817205170069,0.0144773918072164,0.0146233703528523,0.0146562536072775,0.0145376667398651,0.0141132733794261,0.014440835509875,0.0145730004723733,0.0128727036112286,0.0145031275985023,0.012148535251586,0.0125982651074591,0.0117329078309866,0,0.0163635077831687,0.0839948230557951,0.0867740922005441,0.0885563081610105,0.287098131488244,0.294102199381373,0.297380891135746,0.297380891135746,0.302152508367909,0.284410826743944,0.270288113710612,0.274073774847938,0.27409231911259,0.274706079595387,0.424362806240704,0.380292250700694,0.255656736319498,0.347202424717012,0.347150251975685,0.357807782676981,0.360331181944433,0.359768285446893,0.360009473218445,0.360364080326417,0.366554072219526,0.360354924998918,0.360866273487453,0.362975264386105,0.360459134161478,0.362094689631703,0.362094689631703,0.362196106304306,0.362234386698819,0.36218836982709,0.36325412050979,0.360868716265537,0.362890826354705,0.360990191220473,0.360990191220473,0.364642993520717,0.364642993520717,0.361326840668933,0.361326840668933,0.354871263435533,0.347211015994491,0.348575197574891,0.348027801017627,0.347948951192398,0.34793797380424,0.347722169946924,0.347750378714056,0.337889508665489,0.338036729549327,0.338056998527722,0.339165140630103,0.339789746167184,0.339810377662107,0.34485203808948,0.358165653050268,0.360007698447538,0.344266920527576,0.77425657801509,0.54310271199368,0.541304746810847,0.534860537285294,0.514175890144176,0.514175967545655,0.506536657835809,0.506597305307888,0.521484908726345,0.528028585821027,0.530355637981545,0.522403128990983,0.527645950888731,0.529841297462669,0.500789954068304,0.523009873541537,0.522888799416717,0.528078543529306,0.51178739582006,0.514002063670282,0.514663712368328,0.509166990201411
"NC_075724.1",0.361466052349332,0.361400113085197,0.357589765951794,0.352298192549895,0.350441962808084,0.367022126682164,0.369660517333321,0.369679352520281,0.394166011968874,0.375087586298592,0.376885462135627,0.37692996250904,0.373546193714752,0.376042000444417,0.37111881656082,0.362654565822556,0.431743195124299,0.428776880213317,0.440344091851673,0.421863440032354,0.4067746227061,0.415772432056668,0.415820681168147,0.412213962128823,0.380963660158378,0.380375539166692,0.379830698650626,0.391119945515461,0.391187839374875,0.391097333815952,0.364939737760162,0.384007226449356,0.381831408392084,0.442023213815916,0.44150592869984,0.40977345436876,0.413482708143485,0.417748045995771,0.419875438558534,0.425279637365298,0.425182655619684,0.439279035832198,0.442297783277024,0.443000756263791,0.420606245177657,0.418978975408227,0.414417817660511,0.408533373514653,0.41249201574628,0.381842685162513,0.381894409855667,0.429143709055098,0.414763232460915,0.385609423731512,0.571872333058025,0.180304723967803,0.180201819990922,0.178974022614004,0.179107057303579,0.205662902341051,0.204590890827872,0.20323350524939,0.20412077766941,0.204864500011637,0.204614659577698,0.204595622814228,0.204576702912939,0.204244950936289,0.203957347513358,0.200094394933097,0.223668401589147,0.225163315344335,0.226008287110024,0.226323322689945,0.207343990644147,0.209719311044261,0.210124477765276,0.211845333996585,0.207968755931114,0.215143464491658,0.215079468036211,0.226967575340883,0.226772775460565,0.226811101366803,0.227191657543129,0.105295052869421,0.110058761313588,0.111276052938042,0.101076327656571,0.101076327656571,0.101826020853336,0.103338807983876,0.103338810364137,0.103300955175901,0.10331987678352,0.102045555266969,0.102259467376483,0.102101185336528,0.10364347553664,0.102125798333173,0.102144496884583,0.100679003348698,0.103375637236862,0.103375637236862,0.103471706353356,0.102986528526815,0.102948282932856,0.102929124231227,0.100927560549841,0.0728264022094809,0.0151444904699243,0.0153542819185168,0.0181691860421039,0.0188211677713765,0.0178514843984673,0.0177889633459961,0.0157800117951711,0.0155836424485747,0.0179391959044921,0.0145628556878322,0.0157944632020626,0.0184698260078629,0.0185481030506703,0.0187850209935354,0.0195588605555347,0.0208306097131999,0.0205262810034094,0.0206722595490452,0.0207051428034704,0.0205865559360581,0.0201621625756191,0.0204897247060679,0.0206218896685662,0.0189215928074216,0.0205520167946953,0.0181974244477789,0.0186471543036521,0.0177817970271796,0.0163635077831687,0,0.0801400879230796,0.0829193570678286,0.084701573028295,0.283243396355528,0.290247464248658,0.293526156003031,0.293526156003031,0.298297773235193,0.280556091611228,0.266433378577897,0.270219039715223,0.270237583979874,0.270851344462672,0.420508071107989,0.376437515567978,0.251802001186783,0.343347689584297,0.34329551684297,0.353953047544265,0.356476446811718,0.355913550314178,0.35615473808573,0.356509345193702,0.36269933708681,0.356500189866203,0.357011538354738,0.359120529253389,0.356604399028762,0.358239954498988,0.358239954498988,0.358341371171591,0.358379651566103,0.358333634694375,0.359399385377074,0.357013981132822,0.35903609122199,0.357135456087758,0.357135456087758,0.360788258388001,0.360788258388001,0.357472105536217,0.357472105536217,0.351016528302818,0.343356280861775,0.344720462442176,0.344173065884912,0.344094216059683,0.344083238671524,0.343867434814209,0.34389564358134,0.334034773532774,0.334181994416611,0.334202263395007,0.335310405497388,0.335935011034468,0.335955642529391,0.340997302956764,0.354310917917553,0.356152963314822,0.34041218539486,0.770401842882374,0.539247976860964,0.537450011678131,0.531005802152579,0.51032115501146,0.51032123241294,0.502681922703093,0.502742570175173,0.51763017359363,0.524173850688311,0.52650090284883,0.518548393858268,0.523791215756015,0.525986562329954,0.496935218935589,0.519155138408821,0.519034064284001,0.52422380839659,0.507932660687345,0.510147328537566,0.510808977235613,0.505312255068695
"LC380411.1",0.348014194818262,0.347948255554126,0.344137908420723,0.338846335018825,0.336990105277013,0.353570269151094,0.35620865980225,0.356227494989211,0.380714154437804,0.361635728767522,0.363433604604557,0.36347810497797,0.360094336183682,0.362590142913347,0.35766695902975,0.349202708291486,0.418291337593229,0.415325022682247,0.426892234320602,0.408411582501284,0.393322765175029,0.402320574525598,0.402368823637076,0.398762104597752,0.367511802627307,0.366923681635622,0.366378841119556,0.377668087984391,0.377735981843805,0.377645476284881,0.351487880229091,0.370555368918286,0.368379550861014,0.428571356284846,0.42805407116877,0.39632159683769,0.400030850612415,0.404296188464701,0.406423581027464,0.411827779834227,0.411730798088614,0.425827178301128,0.428845925745954,0.429548898732721,0.407154387646587,0.405527117877156,0.400965960129441,0.395081515983582,0.399040158215209,0.368390827631443,0.368442552324596,0.415691851524027,0.401311374929844,0.372157566200442,0.558420475526955,0.166852866436733,0.166749962459852,0.165522165082934,0.165655199772508,0.19221104480998,0.191139033296802,0.18978164771832,0.190668920138339,0.191412642480567,0.191162802046628,0.191143765283157,0.191124845381869,0.190793093405219,0.190505489982288,0.186642537402027,0.210216544058077,0.211711457813264,0.212556429578954,0.212871465158874,0.193892133113077,0.19626745351319,0.196672620234206,0.198393476465515,0.194516898400044,0.201691606960588,0.201627610505141,0.213515717809812,0.213320917929494,0.213359243835733,0.213739800012058,0.0918431953383503,0.0966069037825182,0.0978241954069718,0.0876244701255003,0.0876244701255003,0.088374163322266,0.0898869504528058,0.0898869528330662,0.0898490976448305,0.08986801925245,0.0885936977358983,0.0888076098454127,0.0886493278054579,0.0901916180055694,0.0886739408021025,0.0886926393535124,0.087227145817628,0.0899237797057918,0.0899237797057918,0.090019848822286,0.0895346709957443,0.0894964254017862,0.0894772667001562,0.0874757030187709,0.075501369806021,0.0779919785488317,0.0782017699974243,0.0810166741210113,0.0816686558502839,0.0806989724773748,0.0806364514249036,0.0834113270677974,0.0832149577212011,0.0855705111771184,0.0821941709604586,0.083425778474689,0.0861011412804892,0.0861794183232967,0.0864163362661617,0.087190175828161,0.0884619249858262,0.0881575962760357,0.0883035748216716,0.0883364580760967,0.0882178712086844,0.0877934778482454,0.0881210399786943,0.0882532049411926,0.0865529080800479,0.0881833320673216,0.0858287397204053,0.0862784695762784,0.0854131122998059,0.0839948230557951,0.0801400879230796,0,0.00874109096779517,0.0105233069282616,0.269791538824458,0.276795606717588,0.28007429847196,0.28007429847196,0.284845915704123,0.267104234080158,0.252981521046826,0.256767182184153,0.256785726448804,0.257399486931601,0.407056213576918,0.362985658036908,0.238350143655713,0.329895832053226,0.3298436593119,0.340501190013195,0.343024589280648,0.342461692783107,0.342702880554659,0.343057487662631,0.34924747955574,0.343048332335132,0.343559680823667,0.345668671722319,0.343152541497692,0.344788096967918,0.344788096967918,0.34488951364052,0.344927794035033,0.344881777163304,0.345947527846004,0.343562123601751,0.345584233690919,0.343683598556688,0.343683598556688,0.347336400856931,0.347336400856931,0.344020248005147,0.344020248005147,0.337564670771747,0.329904423330705,0.331268604911105,0.330721208353841,0.330642358528612,0.330631381140454,0.330415577283138,0.33044378605027,0.320582916001704,0.320730136885541,0.320750405863937,0.321858547966318,0.322483153503398,0.322503784998321,0.327545445425694,0.340859060386483,0.342701105783752,0.32696032786379,0.756949985351304,0.525796119329894,0.523998154147061,0.517553944621508,0.49686929748039,0.49686937488187,0.489230065172023,0.489290712644102,0.50417831606256,0.510721993157241,0.51304904531776,0.505096536327198,0.510339358224945,0.512534704798883,0.483483361404519,0.505703280877751,0.505582206752931,0.51077195086552,0.494480803156274,0.496695471006496,0.497357119704542,0.491860397537625
"MN509083.1",0.350793463963011,0.350727524698875,0.346917177565472,0.341625604163574,0.339769374421762,0.356349538295843,0.358987928946999,0.35900676413396,0.383493423582553,0.364414997912271,0.366212873749306,0.366257374122719,0.362873605328431,0.365369412058096,0.360446228174499,0.351981977436235,0.421070606737978,0.418104291826996,0.429671503465351,0.411190851646033,0.396102034319778,0.405099843670347,0.405148092781825,0.401541373742501,0.370291071772056,0.369702950780371,0.369158110264305,0.38044735712914,0.380515250988554,0.38042474542963,0.35426714937384,0.373334638063035,0.371158820005763,0.431350625429595,0.430833340313519,0.399100865982439,0.402810119757164,0.40707545760945,0.409202850172213,0.414607048978976,0.414510067233363,0.428606447445877,0.431625194890703,0.43232816787747,0.409933656791336,0.408306387021905,0.40374522927419,0.397860785128331,0.401819427359958,0.371170096776192,0.371221821469345,0.418471120668776,0.404090644074593,0.374936835345191,0.561199744671704,0.169632135581482,0.169529231604601,0.168301434227683,0.168434468917257,0.19499031395473,0.193918302441551,0.192560916863069,0.193448189283088,0.194191911625316,0.193942071191377,0.193923034427906,0.193904114526618,0.193572362549968,0.193284759127037,0.189421806546776,0.212995813202826,0.214490726958013,0.215335698723703,0.215650734303623,0.196671402257826,0.199046722657939,0.199451889378954,0.201172745610264,0.197296167544793,0.204470876105337,0.20440687964989,0.216294986954561,0.216100187074243,0.216138512980482,0.216519069156807,0.0946224644830993,0.0993861729272671,0.100603464551721,0.0904037392702492,0.0904037392702492,0.091153432467015,0.0926662195975548,0.0926662219778152,0.0926283667895795,0.092647288397199,0.0913729668806473,0.0915868789901617,0.0914285969502069,0.0929708871503184,0.0914532099468515,0.0914719084982614,0.090006414962377,0.0927030488505407,0.0927030488505407,0.092799117967035,0.0923139401404933,0.0922756945465351,0.0922565358449052,0.0902549721635199,0.07828063895077,0.0807712476935807,0.0809810391421733,0.0837959432657603,0.0844479249950329,0.0834782416221238,0.0834157205696525,0.0861905962125464,0.08599422686595,0.0883497803218674,0.0849734401052076,0.086205047619438,0.0888804104252382,0.0889586874680457,0.0891956054109107,0.08996944497291,0.0912411941305752,0.0909368654207847,0.0910828439664206,0.0911157272208457,0.0909971403534334,0.0905727469929944,0.0909003091234433,0.0910324740859415,0.0893321772247969,0.0909626012120706,0.0886080088651542,0.0890577387210274,0.0881923814445549,0.0867740922005441,0.0829193570678286,0.00874109096779517,0,0.0106352060525872,0.272570807969207,0.279574875862337,0.282853567616709,0.282853567616709,0.287625184848872,0.269883503224907,0.255760790191575,0.259546451328902,0.259564995593553,0.26017875607635,0.409835482721667,0.365764927181657,0.241129412800462,0.332675101197975,0.332622928456648,0.343280459157944,0.345803858425397,0.345240961927856,0.345482149699408,0.34583675680738,0.352026748700489,0.345827601479881,0.346338949968416,0.348447940867068,0.345931810642441,0.347567366112667,0.347567366112667,0.347668782785269,0.347707063179782,0.347661046308053,0.348726796990753,0.3463413927465,0.348363502835668,0.346462867701437,0.346462867701437,0.35011567000168,0.35011567000168,0.346799517149896,0.346799517149896,0.340343939916496,0.332683692475454,0.334047874055854,0.33350047749859,0.333421627673361,0.333410650285203,0.333194846427887,0.333223055195019,0.323362185146453,0.32350940603029,0.323529675008686,0.324637817111067,0.325262422648147,0.32528305414307,0.330324714570443,0.343638329531232,0.345480374928501,0.329739597008539,0.759729254496053,0.528575388474643,0.52677742329181,0.520333213766258,0.499648566625139,0.499648644026619,0.492009334316772,0.492069981788851,0.506957585207309,0.51350126230199,0.515828314462508,0.507875805471946,0.513118627369694,0.515313973943632,0.486262630549267,0.5084825500225,0.50836147589768,0.513551220010269,0.497260072301023,0.499474740151245,0.500136388849291,0.494639666682374
"OR672559.1",0.352575679923477,0.352509740659342,0.348699393525939,0.34340782012404,0.341551590382229,0.358131754256309,0.360770144907466,0.360788980094426,0.385275639543019,0.366197213872737,0.367995089709772,0.368039590083186,0.364655821288897,0.367151628018562,0.362228444134966,0.353764193396701,0.422852822698444,0.419886507787462,0.431453719425818,0.4129730676065,0.397884250280245,0.406882059630814,0.406930308742292,0.403323589702968,0.372073287732523,0.371485166740837,0.370940326224771,0.382229573089606,0.38229746694902,0.382206961390097,0.356049365334307,0.375116854023501,0.372941035966229,0.433132841390061,0.432615556273985,0.400883081942905,0.404592335717631,0.408857673569916,0.410985066132679,0.416389264939443,0.41629228319383,0.430388663406343,0.43340741085117,0.434110383837936,0.411715872751802,0.410088602982372,0.405527445234656,0.399643001088798,0.403601643320425,0.372952312736658,0.373004037429812,0.420253336629243,0.40587286003506,0.376719051305657,0.56298196063217,0.171414351541948,0.171311447565068,0.170083650188149,0.170216684877724,0.196772529915196,0.195700518402017,0.194343132823535,0.195230405243555,0.195974127585782,0.195724287151843,0.195705250388373,0.195686330487085,0.195354578510434,0.195066975087503,0.191204022507242,0.214778029163292,0.21627294291848,0.217117914684169,0.21743295026409,0.198453618218292,0.200828938618406,0.201234105339421,0.20295496157073,0.199078383505259,0.206253092065803,0.206189095610356,0.218077202915028,0.21788240303471,0.217920728940948,0.218301285117274,0.0964046804435657,0.101168388887734,0.102385680512187,0.0921859552307157,0.0921859552307157,0.0929356484274814,0.0944484355580212,0.0944484379382816,0.0944105827500459,0.0944295043576655,0.0931551828411137,0.0933690949506281,0.0932108129106733,0.0947531031107848,0.0932354259073179,0.0932541244587278,0.0917886309228434,0.0944852648110072,0.0944852648110072,0.0945813339275014,0.0940961561009597,0.0940579105070016,0.0940387518053716,0.0920371881239863,0.0800628549112364,0.0825534636540471,0.0827632551026397,0.0855781592262267,0.0862301409554993,0.0852604575825902,0.085197936530119,0.0879728121730128,0.0877764428264165,0.0901319962823338,0.086755656065674,0.0879872635799044,0.0906626263857046,0.0907409034285121,0.0909778213713771,0.0917516609333765,0.0930234100910416,0.0927190813812511,0.092865059926887,0.0928979431813121,0.0927793563138998,0.0923549629534608,0.0926825250839097,0.092814690046408,0.0911143931852633,0.092744817172537,0.0903902248256207,0.0908399546814938,0.0899745974050213,0.0885563081610105,0.084701573028295,0.0105233069282616,0.0106352060525872,0,0.274353023929673,0.281357091822803,0.284635783577176,0.284635783577176,0.289407400809338,0.271665719185373,0.257543006152042,0.261328667289368,0.261347211554019,0.261960972036817,0.411617698682134,0.367547143142124,0.242911628760928,0.334457317158442,0.334405144417115,0.34506267511841,0.347586074385863,0.347023177888323,0.347264365659875,0.347618972767847,0.353808964660955,0.347609817440348,0.348121165928883,0.350230156827535,0.347714026602908,0.349349582073133,0.349349582073133,0.349450998745736,0.349489279140248,0.34944326226852,0.350509012951219,0.348123608706967,0.350145718796135,0.348245083661903,0.348245083661903,0.351897885962146,0.351897885962146,0.348581733110362,0.348581733110362,0.342126155876963,0.33446590843592,0.335830090016321,0.335282693459057,0.335203843633828,0.335192866245669,0.334977062388354,0.335005271155485,0.325144401106919,0.325291621990756,0.325311890969152,0.326420033071533,0.327044638608614,0.327065270103536,0.33210693053091,0.345420545491698,0.347262590888967,0.331521812969005,0.76151147045652,0.53035760443511,0.528559639252276,0.522115429726724,0.501430782585605,0.501430859987085,0.493791550277238,0.493852197749318,0.508739801167775,0.515283478262457,0.517610530422975,0.509658021432413,0.51490084333016,0.517096189904099,0.488044846509734,0.510264765982966,0.510143691858146,0.515333435970735,0.49904228826149,0.501256956111711,0.501918604809758,0.496421882642841
"OR951108.1",0.39210449593748,0.392038556673345,0.388228209539942,0.382936636138043,0.381080406396232,0.397660570270312,0.400298960921469,0.400317796108429,0.424804455557022,0.40572602988674,0.407523905723775,0.407568406097188,0.4041846373029,0.406680444032565,0.401757260148968,0.393293009410704,0.462381638712447,0.459415323801465,0.47098253543982,0.452501883620502,0.437413066294248,0.446410875644816,0.446459124756295,0.442852405716971,0.411602103746525,0.41101398275484,0.410469142238774,0.421758389103609,0.421826282963023,0.421735777404099,0.39557818134831,0.414645670037504,0.412469851980232,0.472661657404064,0.472144372287988,0.440411897956908,0.444121151731633,0.448386489583919,0.450513882146682,0.455918080953445,0.455821099207832,0.469917479420346,0.472936226865172,0.473639199851939,0.451244688765805,0.449617418996375,0.445056261248659,0.439171817102801,0.443130459334427,0.412481128750661,0.412532853443815,0.459782152643246,0.445401676049062,0.41624786731966,0.602510776646173,0.253005946949268,0.252903042972387,0.251675245595469,0.251808280285043,0.278364125322516,0.277292113809337,0.275934728230855,0.276822000650874,0.277565722993102,0.277315882559163,0.277296845795693,0.277277925894404,0.276946173917754,0.276658570494823,0.272795617914562,0.296369624570612,0.2978645383258,0.298709510091489,0.299024545671409,0.280045213625612,0.282420534025725,0.282825700746741,0.28454655697805,0.280669978912579,0.287844687473123,0.287780691017676,0.299668798322348,0.29947399844203,0.299512324348268,0.299892880524593,0.277350720179445,0.282114428623613,0.283331720248066,0.273131994966595,0.273131994966595,0.27388168816336,0.2753944752939,0.275394477674161,0.275356622485925,0.275375544093544,0.274101222576993,0.274315134686507,0.274156852646552,0.275699142846664,0.274181465643197,0.274200164194607,0.272734670658722,0.275431304546886,0.275431304546886,0.27552737366338,0.275042195836839,0.275003950242881,0.274984791541251,0.272983227859865,0.27860467823847,0.28109528698128,0.281305078429873,0.28411998255346,0.284771964282732,0.283802280909823,0.283739759857352,0.286514635500246,0.28631826615365,0.288673819609567,0.285297479392907,0.286529086907137,0.289204449712938,0.289282726755745,0.28951964469861,0.29029348426061,0.291565233418275,0.291260904708484,0.29140688325412,0.291439766508545,0.291321179641133,0.290896786280694,0.291224348411143,0.291356513373641,0.289656216512496,0.29128664049977,0.288932048152854,0.289381778008727,0.288516420732254,0.287098131488244,0.283243396355528,0.269791538824458,0.272570807969207,0.274353023929673,0,0.0366382373612397,0.0399169291156124,0.0399169291156124,0.044688546347775,0.0958509850003343,0.119157277560315,0.122942938697641,0.122961482962293,0.12357524344509,0.403273571025609,0.359203015485599,0.234567501104404,0.373986133172445,0.373933960431118,0.384591491132413,0.387114890399866,0.386551993902326,0.386793181673878,0.38714778878185,0.393337780674958,0.387138633454351,0.387649981942886,0.389758972841537,0.38724284261691,0.388878398087136,0.388878398087136,0.388979814759739,0.389018095154251,0.388972078282523,0.390037828965222,0.38765242472097,0.389674534810138,0.387773899675906,0.387773899675906,0.391426701976149,0.391426701976149,0.388110549124365,0.388110549124365,0.381654971890966,0.373994724449923,0.375358906030324,0.37481150947306,0.374732659647831,0.374721682259672,0.374505878402357,0.374534087169488,0.364673217120922,0.364820438004759,0.364840706983155,0.365948849085536,0.366573454622616,0.366594086117539,0.371635746544912,0.384949361505701,0.38679140690297,0.371050628983008,0.801040286470522,0.569886420449112,0.568088455266279,0.561644245740727,0.540959598599608,0.540959676001088,0.533320366291241,0.533381013763321,0.548268617181778,0.55481229427646,0.557139346436978,0.549186837446416,0.554429659344163,0.556625005918102,0.527573662523737,0.549793581996969,0.549672507872149,0.554862251984738,0.538571104275493,0.540785772125714,0.541447420823761,0.535950698656843
"KX000383.1",0.39910856383061,0.399042624566474,0.395232277433072,0.389940704031173,0.388084474289361,0.404664638163442,0.407303028814599,0.407321864001559,0.431808523450152,0.41273009777987,0.414527973616905,0.414572473990318,0.41118870519603,0.413684511925695,0.408761328042098,0.400297077303834,0.469385706605577,0.466419391694595,0.47798660333295,0.459505951513632,0.444417134187377,0.453414943537946,0.453463192649425,0.4498564736101,0.418606171639655,0.41801805064797,0.417473210131904,0.428762456996739,0.428830350856153,0.428739845297229,0.40258224924144,0.421649737930634,0.419473919873362,0.479665725297194,0.479148440181118,0.447415965850038,0.451125219624763,0.455390557477049,0.457517950039812,0.462922148846575,0.462825167100962,0.476921547313476,0.479940294758302,0.480643267745069,0.458248756658935,0.456621486889504,0.452060329141789,0.44617588499593,0.450134527227557,0.419485196643791,0.419536921336944,0.466786220536375,0.452405743942192,0.42325193521279,0.609514844539303,0.260010014842398,0.259907110865517,0.258679313488599,0.258812348178173,0.285368193215646,0.284296181702467,0.282938796123985,0.283826068544004,0.284569790886232,0.284319950452293,0.284300913688822,0.284281993787534,0.283950241810884,0.283662638387953,0.279799685807692,0.303373692463742,0.304868606218929,0.305713577984619,0.306028613564539,0.287049281518742,0.289424601918855,0.289829768639871,0.29155062487118,0.287674046805709,0.294848755366253,0.294784758910806,0.306672866215477,0.306478066335159,0.306516392241398,0.306896948417723,0.284354788072575,0.289118496516742,0.290335788141196,0.280136062859725,0.280136062859725,0.28088575605649,0.28239854318703,0.28239854556729,0.282360690379055,0.282379611986674,0.281105290470123,0.281319202579637,0.281160920539682,0.282703210739794,0.281185533536327,0.281204232087737,0.279738738551852,0.282435372440016,0.282435372440016,0.28253144155651,0.282046263729969,0.28200801813601,0.28198885943438,0.279987295752995,0.285608746131599,0.28809935487441,0.288309146323003,0.29112405044659,0.291776032175862,0.290806348802953,0.290743827750482,0.293518703393376,0.293322334046779,0.295677887502697,0.292301547286037,0.293533154800267,0.296208517606068,0.296286794648875,0.29652371259174,0.29729755215374,0.298569301311405,0.298264972601614,0.29841095114725,0.298443834401675,0.298325247534263,0.297900854173824,0.298228416304273,0.298360581266771,0.296660284405626,0.2982907083929,0.295936116045984,0.296385845901857,0.295520488625384,0.294102199381373,0.290247464248658,0.276795606717588,0.279574875862337,0.281357091822803,0.0366382373612397,0,0.026664753522332,0.026664753522332,0.0389382998924585,0.102855052893464,0.126161345453445,0.129947006590771,0.129965550855423,0.13057931133822,0.410277638918739,0.366207083378729,0.241571568997533,0.380990201065575,0.380938028324248,0.391595559025543,0.394118958292996,0.393556061795456,0.393797249567007,0.39415185667498,0.400341848568088,0.39414270134748,0.394654049836016,0.396763040734667,0.39424691051004,0.395882465980266,0.395882465980266,0.395983882652869,0.396022163047381,0.395976146175652,0.397041896858352,0.3946564926141,0.396678602703267,0.394777967569036,0.394777967569036,0.398430769869279,0.398430769869279,0.395114617017495,0.395114617017495,0.388659039784096,0.380998792343053,0.382362973923453,0.381815577366189,0.38173672754096,0.381725750152802,0.381509946295487,0.381538155062618,0.371677285014052,0.371824505897889,0.371844774876285,0.372952916978666,0.373577522515746,0.373598154010669,0.378639814438042,0.391953429398831,0.3937954747961,0.378054696876138,0.808044354363652,0.576890488342242,0.575092523159409,0.568648313633857,0.547963666492738,0.547963743894218,0.540324434184371,0.54038508165645,0.555272685074908,0.561816362169589,0.564143414330108,0.556190905339546,0.561433727237293,0.563629073811232,0.534577730416867,0.556797649890099,0.556676575765279,0.561866319877868,0.545575172168623,0.547789840018844,0.548451488716891,0.542954766549973
"MW285639.1",0.402387255584982,0.402321316320847,0.398510969187444,0.393219395785546,0.391363166043734,0.407943329917814,0.410581720568971,0.410600555755931,0.435087215204524,0.416008789534243,0.417806665371277,0.417851165744691,0.414467396950403,0.416963203680068,0.412040019796471,0.403575769058207,0.472664398359949,0.469698083448968,0.481265295087323,0.462784643268005,0.44769582594175,0.456693635292319,0.456741884403797,0.453135165364473,0.421884863394028,0.421296742402343,0.420751901886277,0.432041148751111,0.432109042610526,0.432018537051602,0.405860940995812,0.424928429685007,0.422752611627735,0.482944417051567,0.48242713193549,0.450694657604411,0.454403911379136,0.458669249231422,0.460796641794184,0.466200840600948,0.466103858855335,0.480200239067849,0.483218986512675,0.483921959499441,0.461527448413307,0.459900178643877,0.455339020896162,0.449454576750303,0.45341321898193,0.422763888398163,0.422815613091317,0.470064912290748,0.455684435696565,0.426530626967163,0.612793536293675,0.26328870659677,0.26318580261989,0.261958005242972,0.262091039932546,0.288646884970018,0.28757487345684,0.286217487878358,0.287104760298377,0.287848482640604,0.287598642206666,0.287579605443195,0.287560685541907,0.287228933565256,0.286941330142325,0.283078377562065,0.306652384218115,0.308147297973302,0.308992269738992,0.309307305318912,0.290327973273115,0.292703293673228,0.293108460394243,0.294829316625553,0.290952738560082,0.298127447120625,0.298063450665178,0.30995155796985,0.309756758089532,0.30979508399577,0.310175640172096,0.287633479826947,0.292397188271115,0.293614479895569,0.283414754614097,0.283414754614097,0.284164447810863,0.285677234941403,0.285677237321663,0.285639382133428,0.285658303741047,0.284383982224495,0.28459789433401,0.284439612294055,0.285981902494166,0.2844642252907,0.284482923842109,0.283017430306225,0.285714064194389,0.285714064194389,0.285810133310883,0.285324955484341,0.285286709890383,0.285267551188753,0.283265987507368,0.288887437885972,0.291378046628783,0.291587838077375,0.294402742200962,0.295054723930235,0.294085040557326,0.294022519504855,0.296797395147748,0.296601025801152,0.298956579257069,0.29558023904041,0.29681184655464,0.29948720936044,0.299565486403248,0.299802404346113,0.300576243908112,0.301847993065777,0.301543664355987,0.301689642901623,0.301722526156048,0.301603939288635,0.301179545928196,0.301507108058645,0.301639273021144,0.299938976159999,0.301569400147273,0.299214807800356,0.299664537656229,0.298799180379757,0.297380891135746,0.293526156003031,0.28007429847196,0.282853567616709,0.284635783577176,0.0399169291156124,0.026664753522332,0,5.87408118033991e-07,0.0422169916468312,0.106133744647837,0.129440037207818,0.133225698345144,0.133244242609795,0.133858003092593,0.413556330673112,0.369485775133102,0.244850260751906,0.384268892819947,0.38421672007862,0.394874250779916,0.397397650047368,0.396834753549828,0.39707594132138,0.397430548429352,0.403620540322461,0.397421393101853,0.397932741590388,0.40004173248904,0.397525602264413,0.399161157734639,0.399161157734639,0.399262574407241,0.399300854801754,0.399254837930025,0.400320588612725,0.397935184368472,0.39995729445764,0.398056659323408,0.398056659323408,0.401709461623652,0.401709461623652,0.398393308771868,0.398393308771868,0.391937731538468,0.384277484097426,0.385641665677826,0.385094269120562,0.385015419295333,0.385004441907175,0.384788638049859,0.384816846816991,0.374955976768425,0.375103197652262,0.375123466630657,0.376231608733038,0.376856214270119,0.376876845765042,0.381918506192415,0.395232121153203,0.397074166550473,0.381333388630511,0.811323046118025,0.580169180096615,0.578371214913782,0.571927005388229,0.551242358247111,0.55124243564859,0.543603125938744,0.543663773410823,0.558551376829281,0.565095053923962,0.56742210608448,0.559469597093918,0.564712418991666,0.566907765565604,0.537856422171239,0.560076341644472,0.559955267519652,0.565145011632241,0.548853863922995,0.551068531773217,0.551730180471263,0.546233458304346
"OK484997.1",0.402387255584982,0.402321316320847,0.398510969187444,0.393219395785546,0.391363166043734,0.407943329917814,0.410581720568971,0.410600555755931,0.435087215204524,0.416008789534243,0.417806665371277,0.417851165744691,0.414467396950403,0.416963203680068,0.412040019796471,0.403575769058207,0.472664398359949,0.469698083448968,0.481265295087323,0.462784643268005,0.44769582594175,0.456693635292319,0.456741884403797,0.453135165364473,0.421884863394028,0.421296742402343,0.420751901886277,0.432041148751111,0.432109042610526,0.432018537051602,0.405860940995812,0.424928429685007,0.422752611627735,0.482944417051567,0.48242713193549,0.450694657604411,0.454403911379136,0.458669249231422,0.460796641794184,0.466200840600948,0.466103858855335,0.480200239067849,0.483218986512675,0.483921959499441,0.461527448413307,0.459900178643877,0.455339020896162,0.449454576750303,0.45341321898193,0.422763888398163,0.422815613091317,0.470064912290748,0.455684435696565,0.426530626967163,0.612793536293675,0.26328870659677,0.26318580261989,0.261958005242972,0.262091039932546,0.288646884970018,0.28757487345684,0.286217487878358,0.287104760298377,0.287848482640604,0.287598642206666,0.287579605443195,0.287560685541907,0.287228933565256,0.286941330142325,0.283078377562065,0.306652384218115,0.308147297973302,0.308992269738992,0.309307305318912,0.290327973273115,0.292703293673228,0.293108460394243,0.294829316625553,0.290952738560082,0.298127447120625,0.298063450665178,0.30995155796985,0.309756758089532,0.30979508399577,0.310175640172096,0.287633479826947,0.292397188271115,0.293614479895569,0.283414754614097,0.283414754614097,0.284164447810863,0.285677234941403,0.285677237321663,0.285639382133428,0.285658303741047,0.284383982224495,0.28459789433401,0.284439612294055,0.285981902494166,0.2844642252907,0.284482923842109,0.283017430306225,0.285714064194389,0.285714064194389,0.285810133310883,0.285324955484341,0.285286709890383,0.285267551188753,0.283265987507368,0.288887437885972,0.291378046628783,0.291587838077375,0.294402742200962,0.295054723930235,0.294085040557326,0.294022519504855,0.296797395147748,0.296601025801152,0.298956579257069,0.29558023904041,0.29681184655464,0.29948720936044,0.299565486403248,0.299802404346113,0.300576243908112,0.301847993065777,0.301543664355987,0.301689642901623,0.301722526156048,0.301603939288635,0.301179545928196,0.301507108058645,0.301639273021144,0.299938976159999,0.301569400147273,0.299214807800356,0.299664537656229,0.298799180379757,0.297380891135746,0.293526156003031,0.28007429847196,0.282853567616709,0.284635783577176,0.0399169291156124,0.026664753522332,5.87408118033991e-07,0,0.0422169916468312,0.106133744647837,0.129440037207818,0.133225698345144,0.133244242609795,0.133858003092593,0.413556330673112,0.369485775133102,0.244850260751906,0.384268892819947,0.38421672007862,0.394874250779916,0.397397650047368,0.396834753549828,0.39707594132138,0.397430548429352,0.403620540322461,0.397421393101853,0.397932741590388,0.40004173248904,0.397525602264413,0.399161157734639,0.399161157734639,0.399262574407241,0.399300854801754,0.399254837930025,0.400320588612725,0.397935184368472,0.39995729445764,0.398056659323408,0.398056659323408,0.401709461623652,0.401709461623652,0.398393308771868,0.398393308771868,0.391937731538468,0.384277484097426,0.385641665677826,0.385094269120562,0.385015419295333,0.385004441907175,0.384788638049859,0.384816846816991,0.374955976768425,0.375103197652262,0.375123466630657,0.376231608733038,0.376856214270119,0.376876845765042,0.381918506192415,0.395232121153203,0.397074166550473,0.381333388630511,0.811323046118025,0.580169180096615,0.578371214913782,0.571927005388229,0.551242358247111,0.55124243564859,0.543603125938744,0.543663773410823,0.558551376829281,0.565095053923962,0.56742210608448,0.559469597093918,0.564712418991666,0.566907765565604,0.537856422171239,0.560076341644472,0.559955267519652,0.565145011632241,0.548853863922995,0.551068531773217,0.551730180471263,0.546233458304346
"LC483440.1",0.407158872817145,0.40709293355301,0.403282586419607,0.397991013017708,0.396134783275897,0.412714947149977,0.415353337801134,0.415372172988094,0.439858832436687,0.420780406766405,0.42257828260344,0.422622782976853,0.419239014182565,0.42173482091223,0.416811637028633,0.408347386290369,0.477436015592112,0.47446970068113,0.486036912319486,0.467556260500167,0.452467443173913,0.461465252524482,0.46151350163596,0.457906782596636,0.426656480626191,0.426068359634505,0.425523519118439,0.436812765983274,0.436880659842688,0.436790154283765,0.410632558227975,0.429700046917169,0.427524228859897,0.487716034283729,0.487198749167653,0.455466274836573,0.459175528611298,0.463440866463584,0.465568259026347,0.470972457833111,0.470875476087497,0.484971856300011,0.487990603744837,0.488693576731604,0.46629906564547,0.46467179587604,0.460110638128324,0.454226193982466,0.458184836214093,0.427535505630326,0.42758723032348,0.474836529522911,0.460456052928727,0.431302244199325,0.617565153525838,0.268060323828933,0.267957419852052,0.266729622475134,0.266862657164708,0.293418502202181,0.292346490689002,0.29098910511052,0.29187637753054,0.292620099872767,0.292370259438828,0.292351222675358,0.292332302774069,0.292000550797419,0.291712947374488,0.287849994794227,0.311424001450277,0.312918915205465,0.313763886971154,0.314078922551075,0.295099590505277,0.297474910905391,0.297880077626406,0.299600933857715,0.295724355792244,0.302899064352788,0.302835067897341,0.314723175202013,0.314528375321695,0.314566701227933,0.314947257404259,0.29240509705911,0.297168805503278,0.298386097127731,0.28818637184626,0.28818637184626,0.288936065043026,0.290448852173565,0.290448854553826,0.29041099936559,0.29042992097321,0.289155599456658,0.289369511566172,0.289211229526217,0.290753519726329,0.289235842522862,0.289254541074272,0.287789047538388,0.290485681426551,0.290485681426551,0.290581750543046,0.290096572716504,0.290058327122546,0.290039168420916,0.28803760473953,0.293659055118135,0.296149663860945,0.296359455309538,0.299174359433125,0.299826341162398,0.298856657789488,0.298794136737017,0.301569012379911,0.301372643033315,0.303728196489232,0.300351856272572,0.301583463786803,0.304258826592603,0.30433710363541,0.304574021578275,0.305347861140275,0.30661961029794,0.306315281588149,0.306461260133785,0.30649414338821,0.306375556520798,0.305951163160359,0.306278725290808,0.306410890253306,0.304710593392162,0.306341017379435,0.303986425032519,0.304436154888392,0.30357079761192,0.302152508367909,0.298297773235193,0.284845915704123,0.287625184848872,0.289407400809338,0.044688546347775,0.0389382998924585,0.0422169916468312,0.0422169916468312,0,0.110905361879999,0.13421165443998,0.137997315577307,0.138015859841958,0.138629620324755,0.418327947905274,0.374257392365264,0.249621877984069,0.38904051005211,0.388988337310783,0.399645868012078,0.402169267279531,0.401606370781991,0.401847558553543,0.402202165661515,0.408392157554623,0.402193010334016,0.402704358822551,0.404813349721202,0.402297219496575,0.403932774966801,0.403932774966801,0.404034191639404,0.404072472033916,0.404026455162188,0.405092205844887,0.402706801600635,0.404728911689803,0.402828276555571,0.402828276555571,0.406481078855814,0.406481078855814,0.40316492600403,0.40316492600403,0.396709348770631,0.389049101329588,0.390413282909989,0.389865886352725,0.389787036527496,0.389776059139337,0.389560255282022,0.389588464049153,0.379727594000587,0.379874814884424,0.37989508386282,0.381003225965201,0.381627831502282,0.381648462997204,0.386690123424577,0.400003738385366,0.401845783782635,0.386105005862673,0.816094663350187,0.584940797328777,0.583142832145944,0.576698622620392,0.556013975479273,0.556014052880753,0.548374743170906,0.548435390642986,0.563322994061443,0.569866671156125,0.572193723316643,0.564241214326081,0.569484036223828,0.571679382797767,0.542628039403402,0.564847958876635,0.564726884751814,0.569916628864403,0.553625481155158,0.555840149005379,0.556501797703426,0.551005075536508
"LC215885.1",0.38941719119318,0.389351251929045,0.385540904795642,0.380249331393744,0.378393101651932,0.394973265526012,0.397611656177169,0.397630491364129,0.422117150812722,0.40303872514244,0.404836600979475,0.404881101352889,0.4014973325586,0.403993139288265,0.399069955404669,0.390605704666404,0.459694333968147,0.456728019057165,0.468295230695521,0.449814578876203,0.434725761549948,0.443723570900517,0.443771820011995,0.440165100972671,0.408914799002226,0.40832667801054,0.407781837494474,0.419071084359309,0.419138978218723,0.4190484726598,0.39289087660401,0.411958365293205,0.409782547235932,0.469974352659764,0.469457067543688,0.437724593212608,0.441433846987334,0.445699184839619,0.447826577402382,0.453230776209146,0.453133794463532,0.467230174676046,0.470248922120872,0.470951895107639,0.448557384021505,0.446930114252075,0.442368956504359,0.436484512358501,0.440443154590128,0.409793824006361,0.409845548699515,0.457094847898946,0.442714371304763,0.41356056257536,0.599823471901873,0.250318642204968,0.250215738228088,0.248987940851169,0.249120975540744,0.275676820578216,0.274604809065037,0.273247423486555,0.274134695906575,0.274878418248802,0.274628577814863,0.274609541051393,0.274590621150104,0.274258869173454,0.273971265750523,0.270108313170262,0.293682319826312,0.2951772335815,0.296022205347189,0.29633724092711,0.277357908881312,0.279733229281426,0.280138396002441,0.28185925223375,0.277982674168279,0.285157382728823,0.285093386273376,0.296981493578048,0.29678669369773,0.296825019603968,0.297205575780294,0.274663415435145,0.279427123879313,0.280644415503766,0.270444690222295,0.270444690222295,0.271194383419061,0.2727071705496,0.272707172929861,0.272669317741625,0.272688239349245,0.271413917832693,0.271627829942207,0.271469547902253,0.273011838102364,0.271494160898897,0.271512859450307,0.270047365914423,0.272743999802586,0.272743999802586,0.272840068919081,0.272354891092539,0.272316645498581,0.272297486796951,0.270295923115566,0.27591737349417,0.27840798223698,0.278617773685573,0.28143267780916,0.282084659538433,0.281114976165523,0.281052455113052,0.283827330755946,0.28363096140935,0.285986514865267,0.282610174648607,0.283841782162838,0.286517144968638,0.286595422011445,0.28683233995431,0.28760617951631,0.288877928673975,0.288573599964184,0.28871957850982,0.288752461764245,0.288633874896833,0.288209481536394,0.288537043666843,0.288669208629341,0.286968911768197,0.28859933575547,0.286244743408554,0.286694473264427,0.285829115987955,0.284410826743944,0.280556091611228,0.267104234080158,0.269883503224907,0.271665719185373,0.0958509850003343,0.102855052893464,0.106133744647837,0.106133744647837,0.110905361879999,0,0.116469972816015,0.120255633953342,0.120274178217993,0.12088793870079,0.40058626628131,0.356515710741299,0.231880196360104,0.371298828428145,0.371246655686818,0.381904186388113,0.384427585655566,0.383864689158026,0.384105876929578,0.38446048403755,0.390650475930658,0.384451328710051,0.384962677198586,0.387071668097238,0.384555537872611,0.386191093342836,0.386191093342836,0.386292510015439,0.386330790409951,0.386284773538223,0.387350524220922,0.38496511997667,0.386987230065838,0.385086594931606,0.385086594931606,0.388739397231849,0.388739397231849,0.385423244380065,0.385423244380065,0.378967667146666,0.371307419705623,0.372671601286024,0.37212420472876,0.372045354903531,0.372034377515372,0.371818573658057,0.371846782425188,0.361985912376622,0.362133133260459,0.362153402238855,0.363261544341236,0.363886149878317,0.363906781373239,0.368948441800613,0.382262056761401,0.38410410215867,0.368363324238708,0.798352981726222,0.567199115704813,0.565401150521979,0.558956940996427,0.538272293855308,0.538272371256788,0.530633061546941,0.530693709019021,0.545581312437478,0.55212498953216,0.554452041692678,0.546499532702116,0.551742354599863,0.553937701173802,0.524886357779437,0.54710627725267,0.546985203127849,0.552174947240438,0.535883799531193,0.538098467381415,0.538760116079461,0.533263393912544
"AY646856.2",0.375294478159849,0.375228538895713,0.37141819176231,0.366126618360412,0.3642703886186,0.38085055249268,0.383488943143837,0.383507778330797,0.40799443777939,0.388916012109109,0.390713887946143,0.390758388319557,0.387374619525269,0.389870426254933,0.384947242371337,0.376482991633073,0.445571620934815,0.442605306023834,0.454172517662189,0.435691865842871,0.420603048516616,0.429600857867185,0.429649106978663,0.426042387939339,0.394792085968894,0.394203964977209,0.393659124461142,0.404948371325977,0.405016265185392,0.404925759626468,0.378768163570678,0.397835652259873,0.3956598342026,0.455851639626433,0.455334354510356,0.423601880179277,0.427311133954002,0.431576471806288,0.43370386436905,0.439108063175814,0.439011081430201,0.453107461642714,0.456126209087541,0.456829182074307,0.434434670988173,0.432807401218743,0.428246243471027,0.422361799325169,0.426320441556796,0.395671110973029,0.395722835666183,0.442972134865614,0.428591658271431,0.399437849542028,0.585700758868541,0.236195929171636,0.236093025194756,0.234865227817837,0.234998262507412,0.261554107544884,0.260482096031706,0.259124710453224,0.260011982873243,0.26075570521547,0.260505864781532,0.260486828018061,0.260467908116773,0.260136156140122,0.259848552717191,0.25598560013693,0.279559606792981,0.281054520548168,0.281899492313858,0.282214527893778,0.263235195847981,0.265610516248094,0.266015682969109,0.267736539200419,0.263859961134948,0.271034669695491,0.270970673240044,0.282858780544716,0.282663980664398,0.282702306570636,0.283082862746962,0.260540702401813,0.265304410845981,0.266521702470435,0.256321977188963,0.256321977188963,0.257071670385729,0.258584457516269,0.258584459896529,0.258546604708293,0.258565526315913,0.257291204799361,0.257505116908876,0.257346834868921,0.258889125069032,0.257371447865565,0.257390146416975,0.255924652881091,0.258621286769255,0.258621286769255,0.258717355885749,0.258232178059207,0.258193932465249,0.258174773763619,0.256173210082234,0.261794660460838,0.264285269203649,0.264495060652241,0.267309964775828,0.267961946505101,0.266992263132192,0.266929742079721,0.269704617722614,0.269508248376018,0.271863801831935,0.268487461615276,0.269719069129506,0.272394431935306,0.272472708978114,0.272709626920979,0.273483466482978,0.274755215640643,0.274450886930853,0.274596865476489,0.274629748730914,0.274511161863501,0.274086768503062,0.274414330633511,0.27454649559601,0.272846198734865,0.274476622722139,0.272122030375222,0.272571760231095,0.271706402954623,0.270288113710612,0.266433378577897,0.252981521046826,0.255760790191575,0.257543006152042,0.119157277560315,0.126161345453445,0.129440037207818,0.129440037207818,0.13421165443998,0.116469972816015,0,0.0583570670675213,0.0583756113321727,0.05898937181497,0.386463553247978,0.342392997707968,0.217757483326772,0.357176115394813,0.357123942653486,0.367781473354782,0.370304872622234,0.369741976124694,0.369983163896246,0.370337771004218,0.376527762897327,0.370328615676719,0.370839964165254,0.372948955063906,0.370432824839279,0.372068380309504,0.372068380309504,0.372169796982107,0.37220807737662,0.372162060504891,0.373227811187591,0.370842406943338,0.372864517032506,0.370963881898274,0.370963881898274,0.374616684198518,0.374616684198518,0.371300531346734,0.371300531346734,0.364844954113334,0.357184706672292,0.358548888252692,0.358001491695428,0.357922641870199,0.357911664482041,0.357695860624725,0.357724069391857,0.34786319934329,0.348010420227128,0.348030689205523,0.349138831307904,0.349763436844985,0.349784068339908,0.354825728767281,0.368139343728069,0.369981389125339,0.354240611205376,0.784230268692891,0.553076402671481,0.551278437488648,0.544834227963095,0.524149580821976,0.524149658223456,0.51651034851361,0.516570995985689,0.531458599404146,0.538002276498828,0.540329328659346,0.532376819668784,0.537619641566532,0.53981498814047,0.510763644746105,0.532983564219338,0.532862490094518,0.538052234207107,0.521761086497861,0.523975754348083,0.524637403046129,0.519140680879212
"KX431437.1",0.379080139297175,0.37901420003304,0.375203852899637,0.369912279497738,0.368056049755927,0.384636213630007,0.387274604281164,0.387293439468124,0.411780098916717,0.392701673246435,0.39449954908347,0.394544049456883,0.391160280662595,0.39365608739226,0.388732903508663,0.380268652770399,0.449357282072142,0.44639096716116,0.457958178799515,0.439477526980197,0.424388709653942,0.433386519004511,0.43343476811599,0.429828049076665,0.39857774710622,0.397989626114535,0.397444785598469,0.408734032463304,0.408801926322718,0.408711420763794,0.382553824708004,0.401621313397199,0.399445495339927,0.459637300763759,0.459120015647683,0.427387541316603,0.431096795091328,0.435362132943614,0.437489525506377,0.44289372431314,0.442796742567527,0.456893122780041,0.459911870224867,0.460614843211634,0.4382203321255,0.436593062356069,0.432031904608354,0.426147460462495,0.430106102694122,0.399456772110356,0.399508496803509,0.44675779600294,0.432377319408757,0.403223510679355,0.589486420005868,0.239981590308963,0.239878686332082,0.238650888955164,0.238783923644738,0.26533976868221,0.264267757169032,0.26291037159055,0.263797644010569,0.264541366352797,0.264291525918858,0.264272489155387,0.264253569254099,0.263921817277449,0.263634213854518,0.259771261274257,0.283345267930307,0.284840181685494,0.285685153451184,0.286000189031104,0.267020856985307,0.26939617738542,0.269801344106435,0.271522200337745,0.267645622272274,0.274820330832818,0.274756334377371,0.286644441682042,0.286449641801724,0.286487967707963,0.286868523884288,0.26432636353914,0.269090071983307,0.270307363607761,0.26010763832629,0.26010763832629,0.260857331523055,0.262370118653595,0.262370121033855,0.26233226584562,0.262351187453239,0.261076865936687,0.261290778046202,0.261132496006247,0.262674786206359,0.261157109002892,0.261175807554302,0.259710314018417,0.262406947906581,0.262406947906581,0.262503017023075,0.262017839196534,0.261979593602575,0.261960434900945,0.25995887121956,0.265580321598164,0.268070930340975,0.268280721789568,0.271095625913155,0.271747607642427,0.270777924269518,0.270715403217047,0.273490278859941,0.273293909513344,0.275649462969262,0.272273122752602,0.273504730266832,0.276180093072633,0.27625837011544,0.276495288058305,0.277269127620304,0.27854087677797,0.278236548068179,0.278382526613815,0.27841540986824,0.278296823000828,0.277872429640389,0.278199991770838,0.278332156733336,0.276631859872191,0.278262283859465,0.275907691512549,0.276357421368422,0.275492064091949,0.274073774847938,0.270219039715223,0.256767182184153,0.259546451328902,0.261328667289368,0.122942938697641,0.129947006590771,0.133225698345144,0.133225698345144,0.137997315577307,0.120255633953342,0.0583570670675213,0,1.91339383184413e-05,0.046383615755589,0.390249214385304,0.346178658845294,0.221543144464098,0.36096177653214,0.360909603790813,0.371567134492108,0.374090533759561,0.37352763726202,0.373768825033572,0.374123432141544,0.380313424034653,0.374114276814045,0.37462562530258,0.376734616201232,0.374218485976605,0.375854041446831,0.375854041446831,0.375955458119433,0.375993738513946,0.375947721642217,0.377013472324917,0.374628068080664,0.376650178169832,0.374749543035601,0.374749543035601,0.378402345335844,0.378402345335844,0.37508619248406,0.37508619248406,0.368630615250661,0.360970367809618,0.362334549390018,0.361787152832754,0.361708303007525,0.361697325619367,0.361481521762052,0.361509730529183,0.351648860480617,0.351796081364454,0.35181635034285,0.352924492445231,0.353549097982311,0.353569729477234,0.358611389904607,0.371925004865396,0.373767050262665,0.358026272342703,0.788015929830217,0.556862063808807,0.555064098625974,0.548619889100422,0.527935241959303,0.527935319360783,0.520296009650936,0.520356657123015,0.535244260541473,0.541787937636154,0.544114989796672,0.53616248080611,0.541405302703858,0.543600649277796,0.514549305883432,0.536769225356664,0.536648151231844,0.541837895344433,0.525546747635187,0.527761415485409,0.528423064183456,0.522926342016538
"KY040366.1",0.379098683561826,0.379032744297691,0.375222397164288,0.36993082376239,0.368074594020578,0.384654757894658,0.387293148545815,0.387311983732775,0.411798643181368,0.392720217511086,0.394518093348121,0.394562593721535,0.391178824927246,0.393674631656911,0.388751447773315,0.38028719703505,0.449375826336793,0.446409511425811,0.457976723064167,0.439496071244849,0.424407253918594,0.433405063269163,0.433453312380641,0.429846593341317,0.398596291370872,0.398008170379186,0.39746332986312,0.408752576727955,0.408820470587369,0.408729965028446,0.382572368972656,0.40163985766185,0.399464039604578,0.45965584502841,0.459138559912334,0.427406085581254,0.431115339355979,0.435380677208265,0.437508069771028,0.442912268577792,0.442815286832178,0.456911667044692,0.459930414489518,0.460633387476285,0.438238876390151,0.436611606620721,0.432050448873005,0.426166004727147,0.430124646958774,0.399475316375007,0.399527041068161,0.446776340267592,0.432395863673408,0.403242054944006,0.589504964270519,0.240000134573614,0.239897230596734,0.238669433219815,0.23880246790939,0.265358312946862,0.264286301433683,0.262928915855201,0.263816188275221,0.264559910617448,0.264310070183509,0.264291033420039,0.26427211351875,0.2639403615421,0.263652758119169,0.259789805538908,0.283363812194958,0.284858725950146,0.285703697715835,0.286018733295756,0.267039401249958,0.269414721650072,0.269819888371087,0.271540744602396,0.267664166536925,0.274838875097469,0.274774878642022,0.286662985946694,0.286468186066376,0.286506511972614,0.28688706814894,0.264344907803791,0.269108616247959,0.270325907872412,0.260126182590941,0.260126182590941,0.260875875787707,0.262388662918246,0.262388665298507,0.262350810110271,0.262369731717891,0.261095410201339,0.261309322310853,0.261151040270898,0.26269333047101,0.261175653267543,0.261194351818953,0.259728858283069,0.262425492171232,0.262425492171232,0.262521561287727,0.262036383461185,0.261998137867227,0.261978979165597,0.259977415484212,0.265598865862816,0.268089474605626,0.268299266054219,0.271114170177806,0.271766151907079,0.270796468534169,0.270733947481698,0.273508823124592,0.273312453777996,0.275668007233913,0.272291667017253,0.273523274531484,0.276198637337284,0.276276914380091,0.276513832322956,0.277287671884956,0.278559421042621,0.27825509233283,0.278401070878466,0.278433954132891,0.278315367265479,0.27789097390504,0.278218536035489,0.278350700997987,0.276650404136843,0.278280828124116,0.2759262357772,0.276375965633073,0.275510608356601,0.27409231911259,0.270237583979874,0.256785726448804,0.259564995593553,0.261347211554019,0.122961482962293,0.129965550855423,0.133244242609795,0.133244242609795,0.138015859841958,0.120274178217993,0.0583756113321727,1.91339383184413e-05,0,0.0464021600202403,0.390267758649955,0.346197203109945,0.22156168872875,0.360980320796791,0.360928148055464,0.371585678756759,0.374109078024212,0.373546181526672,0.373787369298224,0.374141976406196,0.380331968299304,0.374132821078697,0.374644169567232,0.376753160465883,0.374237030241257,0.375872585711482,0.375872585711482,0.375974002384085,0.376012282778597,0.375966265906869,0.377032016589568,0.374646612345316,0.376668722434484,0.374768087300252,0.374768087300252,0.378420889600495,0.378420889600495,0.375104736748711,0.375104736748711,0.368649159515312,0.360988912074269,0.36235309365467,0.361805697097406,0.361726847272177,0.361715869884018,0.361500066026703,0.361528274793834,0.351667404745268,0.351814625629105,0.351834894607501,0.352943036709882,0.353567642246963,0.353588273741885,0.358629934169258,0.371943549130047,0.373785594527316,0.358044816607354,0.788034474094868,0.556880608073459,0.555082642890625,0.548638433365073,0.527953786223954,0.527953863625434,0.520314553915587,0.520375201387667,0.535262804806124,0.541806481900806,0.544133534061324,0.536181025070762,0.541423846968509,0.543619193542448,0.514567850148083,0.536787769621316,0.536666695496495,0.541856439609084,0.525565291899839,0.52777995975006,0.528441608448107,0.52294488628119
"NC_027026.1",0.379712444044624,0.379646504780488,0.375836157647085,0.370544584245187,0.368688354503375,0.385268518377456,0.387906909028612,0.387925744215572,0.412412403664165,0.393333977993884,0.395131853830918,0.395176354204332,0.391792585410044,0.394288392139709,0.389365208256112,0.380900957517848,0.44998958681959,0.447023271908609,0.458590483546964,0.440109831727646,0.425021014401391,0.43401882375196,0.434067072863438,0.430460353824114,0.399210051853669,0.398621930861984,0.398077090345917,0.409366337210752,0.409434231070167,0.409343725511243,0.383186129455453,0.402253618144648,0.400077800087375,0.460269605511207,0.459752320395131,0.428019846064052,0.431729099838777,0.435994437691063,0.438121830253825,0.443526029060589,0.443429047314976,0.457525427527489,0.460544174972316,0.461247147959082,0.438852636872948,0.437225367103518,0.432664209355802,0.426779765209944,0.430738407441571,0.400089076857804,0.400140801550958,0.447390100750389,0.433009624156206,0.403855815426803,0.590118724753316,0.240613895056411,0.240510991079531,0.239283193702612,0.239416228392187,0.265972073429659,0.264900061916481,0.263542676337998,0.264429948758018,0.265173671100245,0.264923830666307,0.264904793902836,0.264885874001548,0.264554122024897,0.264266518601966,0.260403566021705,0.283977572677756,0.285472486432943,0.286317458198633,0.286632493778553,0.267653161732756,0.270028482132869,0.270433648853884,0.272154505085193,0.268277927019723,0.275452635580266,0.275388639124819,0.287276746429491,0.287081946549173,0.287120272455411,0.287500828631737,0.264958668286588,0.269722376730756,0.27093966835521,0.260739943073738,0.260739943073738,0.261489636270504,0.263002423401044,0.263002425781304,0.262964570593068,0.262983492200688,0.261709170684136,0.261923082793651,0.261764800753696,0.263307090953807,0.26178941375034,0.26180811230175,0.260342618765866,0.26303925265403,0.26303925265403,0.263135321770524,0.262650143943982,0.262611898350024,0.262592739648394,0.260591175967009,0.266212626345613,0.268703235088424,0.268913026537016,0.271727930660603,0.272379912389876,0.271410229016967,0.271347707964495,0.274122583607389,0.273926214260793,0.27628176771671,0.27290542750005,0.274137035014281,0.276812397820081,0.276890674862889,0.277127592805754,0.277901432367753,0.279173181525418,0.278868852815628,0.279014831361264,0.279047714615689,0.278929127748276,0.278504734387837,0.278832296518286,0.278964461480785,0.27726416461964,0.278894588606914,0.276539996259997,0.27698972611587,0.276124368839398,0.274706079595387,0.270851344462672,0.257399486931601,0.26017875607635,0.261960972036817,0.12357524344509,0.13057931133822,0.133858003092593,0.133858003092593,0.138629620324755,0.12088793870079,0.05898937181497,0.046383615755589,0.0464021600202403,0,0.390881519132753,0.346810963592743,0.222175449211547,0.361594081279588,0.361541908538261,0.372199439239557,0.374722838507009,0.374159942009469,0.374401129781021,0.374755736888993,0.380945728782102,0.374746581561494,0.375257930050029,0.377366920948681,0.374850790724054,0.376486346194279,0.376486346194279,0.376587762866882,0.376626043261394,0.376580026389666,0.377645777072366,0.375260372828113,0.377282482917281,0.375381847783049,0.375381847783049,0.379034650083293,0.379034650083293,0.375718497231509,0.375718497231509,0.369262919998109,0.361602672557067,0.362966854137467,0.362419457580203,0.362340607754974,0.362329630366816,0.3621138265095,0.362142035276632,0.352281165228065,0.352428386111903,0.352448655090298,0.353556797192679,0.35418140272976,0.354202034224683,0.359243694652056,0.372557309612844,0.374399355010114,0.358658577090151,0.788648234577666,0.557494368556256,0.555696403373423,0.54925219384787,0.528567546706751,0.528567624108231,0.520928314398385,0.520988961870464,0.535876565288921,0.542420242383603,0.544747294544121,0.536794785553559,0.542037607451306,0.544232954025245,0.51518161063088,0.537401530104113,0.537280455979293,0.542470200091882,0.526179052382636,0.528393720232858,0.529055368930904,0.523558646763987
"OR951126.1",0.529369170689941,0.529303231425805,0.525492884292402,0.520201310890504,0.518345081148692,0.534925245022773,0.537563635673929,0.53758247086089,0.562069130309482,0.542990704639201,0.544788580476235,0.544833080849649,0.541449312055361,0.543945118785026,0.539021934901429,0.530557684163165,0.599646313464907,0.596679998553926,0.608247210192281,0.589766558372963,0.574677741046708,0.583675550397277,0.583723799508755,0.580117080469431,0.548866778498986,0.548278657507301,0.547733816991235,0.559023063856069,0.559090957715484,0.55900045215656,0.53284285610077,0.551910344789965,0.549734526732693,0.609926332156525,0.609409047040449,0.577676572709369,0.581385826484094,0.58565116433638,0.587778556899142,0.593182755705906,0.593085773960293,0.607182154172807,0.610200901617633,0.6109038746044,0.588509363518266,0.586882093748835,0.58232093600112,0.576436491855261,0.580395134086888,0.549745803503121,0.549797528196275,0.597046827395706,0.582666350801523,0.553512542072121,0.739775451398634,0.390270621701728,0.390167717724848,0.38893992034793,0.389072955037504,0.415628800074976,0.414556788561798,0.413199402983316,0.414086675403335,0.414830397745562,0.414580557311624,0.414561520548153,0.414542600646865,0.414210848670214,0.413923245247283,0.410060292667023,0.433634299323073,0.43512921307826,0.43597418484395,0.43628922042387,0.417309888378073,0.419685208778186,0.420090375499201,0.421811231730511,0.41793465366504,0.425109362225583,0.425045365770136,0.436933473074808,0.43673867319449,0.436776999100728,0.437157555277054,0.414615394931905,0.419379103376073,0.420596395000527,0.410396669719055,0.410396669719055,0.411146362915821,0.412659150046361,0.412659152426621,0.412621297238386,0.412640218846005,0.411365897329453,0.411579809438968,0.411421527399013,0.412963817599124,0.411446140395657,0.411464838947067,0.409999345411183,0.412695979299347,0.412695979299347,0.412792048415841,0.412306870589299,0.412268624995341,0.412249466293711,0.410247902612326,0.41586935299093,0.418359961733741,0.418569753182333,0.42138465730592,0.422036639035193,0.421066955662284,0.421004434609813,0.423779310252706,0.42358294090611,0.425938494362027,0.422562154145368,0.423793761659598,0.426469124465398,0.426547401508206,0.426784319451071,0.42755815901307,0.428829908170735,0.428525579460945,0.428671558006581,0.428704441261006,0.428585854393593,0.428161461033154,0.428489023163603,0.428621188126102,0.426920891264957,0.428551315252231,0.426196722905314,0.426646452761187,0.425781095484715,0.424362806240704,0.420508071107989,0.407056213576918,0.409835482721667,0.411617698682134,0.403273571025609,0.410277638918739,0.413556330673112,0.413556330673112,0.418327947905274,0.40058626628131,0.386463553247978,0.390249214385304,0.390267758649955,0.390881519132753,0,0.167429693494304,0.304252402212424,0.511250807924905,0.511198635183578,0.521856165884874,0.524379565152327,0.523816668654786,0.524057856426338,0.52441246353431,0.530602455427419,0.524403308206811,0.524914656695346,0.527023647593998,0.524507517369371,0.526143072839596,0.526143072839596,0.526244489512199,0.526282769906712,0.526236753034983,0.527302503717683,0.52491709947343,0.526939209562598,0.525038574428366,0.525038574428366,0.52869137672861,0.52869137672861,0.525375223876826,0.525375223876826,0.518919646643426,0.511259399202384,0.512623580782784,0.51207618422552,0.511997334400291,0.511986357012133,0.511770553154817,0.511798761921949,0.501937891873383,0.50208511275722,0.502105381735615,0.503213523837996,0.503838129375077,0.50385876087,0.508900421297373,0.522214036258161,0.524056081655431,0.508315303735469,0.938304961222983,0.707151095201573,0.70535313001874,0.698908920493187,0.678224273352069,0.678224350753548,0.670585041043702,0.670645688515781,0.685533291934239,0.69207696902892,0.694404021189438,0.686451512198876,0.691694334096624,0.693889680670562,0.664838337276197,0.68705825674943,0.68693718262461,0.692126926737199,0.675835779027953,0.678050446878175,0.678712095576221,0.673215373409304
"OR951127.1",0.48529861514993,0.485232675885795,0.481422328752392,0.476130755350494,0.474274525608682,0.490854689482762,0.493493080133919,0.493511915320879,0.517998574769472,0.49892014909919,0.500718024936225,0.500762525309639,0.497378756515351,0.499874563245015,0.494951379361419,0.486487128623155,0.555575757924897,0.552609443013916,0.564176654652271,0.545696002832953,0.530607185506698,0.539604994857267,0.539653243968745,0.536046524929421,0.504796222958976,0.50420810196729,0.503663261451224,0.514952508316059,0.515020402175474,0.51492989661655,0.48877230056076,0.507839789249955,0.505663971192682,0.565855776616514,0.565338491500438,0.533606017169359,0.537315270944084,0.541580608796369,0.543708001359132,0.549112200165896,0.549015218420283,0.563111598632796,0.566130346077623,0.566833319064389,0.544438807978255,0.542811538208825,0.538250380461109,0.532365936315251,0.536324578546878,0.505675247963111,0.505726972656265,0.552976271855696,0.538595795261513,0.50944198653211,0.695704895858623,0.346200066161718,0.346097162184838,0.344869364807919,0.345002399497494,0.371558244534966,0.370486233021788,0.369128847443305,0.370016119863325,0.370759842205552,0.370510001771614,0.370490965008143,0.370472045106855,0.370140293130204,0.369852689707273,0.365989737127012,0.389563743783062,0.39105865753825,0.391903629303939,0.39221866488386,0.373239332838062,0.375614653238176,0.376019819959191,0.3777406761905,0.373864098125029,0.381038806685573,0.380974810230126,0.392862917534798,0.39266811765448,0.392706443560718,0.393086999737044,0.370544839391895,0.375308547836063,0.376525839460516,0.366326114179045,0.366326114179045,0.367075807375811,0.36858859450635,0.368588596886611,0.368550741698375,0.368569663305995,0.367295341789443,0.367509253898957,0.367350971859003,0.368893262059114,0.367375584855647,0.367394283407057,0.365928789871173,0.368625423759337,0.368625423759337,0.368721492875831,0.368236315049289,0.368198069455331,0.368178910753701,0.366177347072316,0.37179879745092,0.37428940619373,0.374499197642323,0.37731410176591,0.377966083495183,0.376996400122274,0.376933879069802,0.379708754712696,0.3795123853661,0.381867938822017,0.378491598605357,0.379723206119588,0.382398568925388,0.382476845968195,0.382713763911061,0.38348760347306,0.384759352630725,0.384455023920935,0.38460100246657,0.384633885720996,0.384515298853583,0.384090905493144,0.384418467623593,0.384550632586091,0.382850335724947,0.38448075971222,0.382126167365304,0.382575897221177,0.381710539944705,0.380292250700694,0.376437515567978,0.362985658036908,0.365764927181657,0.367547143142124,0.359203015485599,0.366207083378729,0.369485775133102,0.369485775133102,0.374257392365264,0.356515710741299,0.342392997707968,0.346178658845294,0.346197203109945,0.346810963592743,0.167429693494304,0,0.260181846672414,0.467180252384895,0.467128079643568,0.477785610344864,0.480309009612316,0.479746113114776,0.479987300886328,0.4803419079943,0.486531899887408,0.480332752666801,0.480844101155336,0.482953092053988,0.480436961829361,0.482072517299586,0.482072517299586,0.482173933972189,0.482212214366701,0.482166197494973,0.483231948177673,0.48084654393342,0.482868654022588,0.480968018888356,0.480968018888356,0.484620821188599,0.484620821188599,0.481304668336816,0.481304668336816,0.474849091103416,0.467188843662374,0.468553025242774,0.46800562868551,0.467926778860281,0.467915801472123,0.467699997614807,0.467728206381938,0.457867336333372,0.458014557217209,0.458034826195605,0.459142968297986,0.459767573835067,0.459788205329989,0.464829865757363,0.478143480718151,0.47998552611542,0.464244748195458,0.894234405682973,0.663080539661563,0.661282574478729,0.654838364953177,0.634153717812058,0.634153795213538,0.626514485503692,0.626575132975771,0.641462736394228,0.64800641348891,0.650333465649428,0.642380956658866,0.647623778556613,0.649819125130552,0.620767781736187,0.64298770120942,0.6428666270846,0.648056371197189,0.631765223487943,0.633979891338165,0.634641540036211,0.629144817869294
"LC215895.1",0.360663100768735,0.360597161504599,0.356786814371197,0.351495240969298,0.349639011227486,0.366219175101567,0.368857565752723,0.368876400939684,0.393363060388277,0.374284634717995,0.37608251055503,0.376127010928443,0.372743242134155,0.37523904886382,0.370315864980223,0.361851614241959,0.430940243543702,0.42797392863272,0.439541140271075,0.421060488451757,0.405971671125502,0.414969480476071,0.41501772958755,0.411411010548225,0.38016070857778,0.379572587586095,0.379027747070029,0.390316993934864,0.390384887794278,0.390294382235354,0.364136786179564,0.383204274868759,0.381028456811487,0.441220262235319,0.440702977119243,0.408970502788163,0.412679756562888,0.416945094415174,0.419072486977937,0.4244766857847,0.424379704039087,0.438476084251601,0.441494831696427,0.442197804683194,0.41980329359706,0.418176023827629,0.413614866079914,0.407730421934055,0.411689064165682,0.381039733581916,0.381091458275069,0.4283407574745,0.413960280880317,0.384806472150915,0.571069381477428,0.221564551780523,0.221461647803642,0.220233850426724,0.220366885116298,0.24692273015377,0.245850718640592,0.24449333306211,0.245380605482129,0.246124327824357,0.245874487390418,0.245855450626947,0.245836530725659,0.245504778749009,0.245217175326078,0.241354222745817,0.264928229401867,0.266423143157054,0.267268114922744,0.267583150502664,0.248603818456867,0.25097913885698,0.251384305577995,0.253105161809305,0.249228583743834,0.256403292304378,0.256339295848931,0.268227403153602,0.268032603273284,0.268070929179523,0.268451485355848,0.2459093250107,0.250673033454867,0.251890325079321,0.24169059979785,0.24169059979785,0.242440292994615,0.243953080125155,0.243953082505415,0.24391522731718,0.243934148924799,0.242659827408247,0.242873739517762,0.242715457477807,0.244257747677919,0.242740070474452,0.242758769025862,0.241293275489977,0.243989909378141,0.243989909378141,0.244085978494635,0.243600800668094,0.243562555074135,0.243543396372505,0.24154183269112,0.247163283069724,0.249653891812535,0.249863683261128,0.252678587384715,0.253330569113987,0.252360885741078,0.252298364688607,0.255073240331501,0.254876870984904,0.257232424440822,0.253856084224162,0.255087691738392,0.257763054544193,0.257841331587,0.258078249529865,0.258852089091864,0.26012383824953,0.259819509539739,0.259965488085375,0.2599983713398,0.259879784472388,0.259455391111949,0.259782953242398,0.259915118204896,0.258214821343751,0.259845245331025,0.257490652984109,0.257940382839982,0.257075025563509,0.255656736319498,0.251802001186783,0.238350143655713,0.241129412800462,0.242911628760928,0.234567501104404,0.241571568997533,0.244850260751906,0.244850260751906,0.249621877984069,0.231880196360104,0.217757483326772,0.221543144464098,0.22156168872875,0.222175449211547,0.304252402212424,0.260181846672414,0,0.3425447380037,0.342492565262373,0.353150095963668,0.355673495231121,0.35511059873358,0.355351786505132,0.355706393613104,0.361896385506213,0.355697238285605,0.35620858677414,0.358317577672792,0.355801447448165,0.357437002918391,0.357437002918391,0.357538419590993,0.357576699985506,0.357530683113777,0.358596433796477,0.356211029552224,0.358233139641392,0.356332504507161,0.356332504507161,0.359985306807404,0.359985306807404,0.35666915395562,0.35666915395562,0.350213576722221,0.342553329281178,0.343917510861578,0.343370114304314,0.343291264479085,0.343280287090927,0.343064483233611,0.343092692000743,0.333231821952177,0.333379042836014,0.33339931181441,0.334507453916791,0.335132059453871,0.335152690948794,0.340194351376167,0.353507966336956,0.355350011734225,0.339609233814263,0.769598891301777,0.538445025280367,0.536647060097534,0.530202850571982,0.509518203430863,0.509518280832343,0.501878971122496,0.501939618594575,0.516827222013033,0.523370899107714,0.525697951268233,0.517745442277671,0.522988264175418,0.525183610749356,0.496132267354992,0.518352186828224,0.518231112703404,0.523420856815993,0.507129709106747,0.509344376956969,0.510006025655016,0.504509303488098
"FJ387164.1",0.385240499945123,0.385174560680987,0.381364213547584,0.376072640145686,0.374216410403874,0.390796574277955,0.393434964929111,0.393453800116072,0.417940459564665,0.398862033894383,0.400659909731418,0.400704410104831,0.397320641310543,0.399816448040208,0.394893264156611,0.386429013418347,0.45551764272009,0.452551327809108,0.464118539447463,0.445637887628145,0.43054907030189,0.439546879652459,0.439595128763937,0.435988409724613,0.404738107754168,0.404149986762483,0.403605146246417,0.414894393111252,0.414962286970666,0.414871781411742,0.388714185355952,0.407781674045147,0.405605855987875,0.465797661411707,0.465280376295631,0.433547901964551,0.437257155739276,0.441522493591562,0.443649886154325,0.449054084961088,0.448957103215475,0.463053483427989,0.466072230872815,0.466775203859582,0.444380692773448,0.442753423004017,0.438192265256302,0.432307821110443,0.43626646334207,0.405617132758304,0.405668857451457,0.452918156650888,0.438537680056705,0.409383871327303,0.595646780653816,0.313110240178037,0.313007336201156,0.311779538824238,0.311912573513812,0.338468418551284,0.337396407038106,0.336039021459624,0.336926293879643,0.33767001622187,0.337420175787932,0.337401139024461,0.337382219123173,0.337050467146522,0.336762863723591,0.332899911143331,0.356473917799381,0.357968831554568,0.358813803320258,0.359128838900178,0.340149506854381,0.342524827254494,0.342929993975509,0.344650850206819,0.340774272141348,0.347948980701891,0.347884984246444,0.359773091551116,0.359578291670798,0.359616617577037,0.359997173753362,0.337455013408213,0.342218721852381,0.343436013476835,0.333236288195363,0.333236288195363,0.333985981392129,0.335498768522669,0.335498770902929,0.335460915714694,0.335479837322313,0.334205515805761,0.334419427915276,0.334261145875321,0.335803436075432,0.334285758871966,0.334304457423376,0.332838963887491,0.335535597775655,0.335535597775655,0.335631666892149,0.335146489065607,0.335108243471649,0.335089084770019,0.333087521088634,0.338708971467238,0.341199580210049,0.341409371658641,0.344224275782229,0.344876257511501,0.343906574138592,0.343844053086121,0.346618928729015,0.346422559382418,0.348778112838336,0.345401772621676,0.346633380135906,0.349308742941706,0.349387019984514,0.349623937927379,0.350397777489378,0.351669526647043,0.351365197937253,0.351511176482889,0.351544059737314,0.351425472869902,0.351001079509463,0.351328641639911,0.35146080660241,0.349760509741265,0.351390933728539,0.349036341381622,0.349486071237496,0.348620713961023,0.347202424717012,0.343347689584297,0.329895832053226,0.332675101197975,0.334457317158442,0.373986133172445,0.380990201065575,0.384268892819947,0.384268892819947,0.38904051005211,0.371298828428145,0.357176115394813,0.36096177653214,0.360980320796791,0.361594081279588,0.511250807924905,0.467180252384895,0.3425447380037,0,0.000202301615106252,0.0336779193872885,0.0362013186547412,0.035638422157201,0.0358796099287528,0.036234217036725,0.0424242089298333,0.0362250617092259,0.036736410197761,0.0388454010964126,0.0363292708717857,0.0379648263420113,0.0379648263420113,0.038066243014614,0.0381045234091263,0.0380585065373978,0.0391242572200975,0.036738852975845,0.038760963065013,0.0368603279307812,0.0368603279307812,0.0405131302310244,0.0405131302310244,0.0371969773792406,0.0371969773792406,0.030741400145841,0.0304886664050124,0.0318528479854128,0.0313054514281487,0.0312266016029197,0.0348638383766755,0.03464803451936,0.0346762432864913,0.0283562008334057,0.0285034217172428,0.0285236906956386,0.0296318327980197,0.0372209358186138,0.0372415673135364,0.0651642356476426,0.0784778506084311,0.0803198960057004,0.0645791180857383,0.794176290478165,0.563022424456755,0.561224459273922,0.55478024974837,0.534095602607251,0.534095680008731,0.526456370298884,0.526517017770963,0.541404621189421,0.547948298284102,0.55027535044462,0.542322841454059,0.547565663351806,0.549761009925744,0.52070966653138,0.542929586004612,0.542808511879792,0.547998255992381,0.531707108283135,0.533921776133357,0.534583424831404,0.529086702664486
"JX678943.1",0.385188327203796,0.38512238793966,0.381312040806258,0.376020467404359,0.374164237662547,0.390744401536628,0.393382792187784,0.393401627374745,0.417888286823338,0.398809861153056,0.400607736990091,0.400652237363504,0.397268468569216,0.399764275298881,0.394841091415284,0.38637684067702,0.455465469978763,0.452499155067781,0.464066366706136,0.445585714886818,0.430496897560563,0.439494706911132,0.43954295602261,0.435936236983286,0.404685935012841,0.404097814021156,0.40355297350509,0.414842220369925,0.414910114229339,0.414819608670415,0.388662012614625,0.40772950130382,0.405553683246548,0.46574548867038,0.465228203554304,0.433495729223224,0.437204982997949,0.441470320850235,0.443597713412998,0.449001912219761,0.448904930474148,0.463001310686662,0.466020058131488,0.466723031118255,0.444328520032121,0.44270125026269,0.438140092514975,0.432255648369116,0.436214290600743,0.405564960016977,0.40561668471013,0.452865983909561,0.438485507315378,0.409331698585976,0.595594607912489,0.31305806743671,0.312955163459829,0.311727366082911,0.311860400772485,0.338416245809957,0.337344234296779,0.335986848718297,0.336874121138316,0.337617843480544,0.337368003046605,0.337348966283134,0.337330046381846,0.336998294405195,0.336710690982264,0.332847738402004,0.356421745058054,0.357916658813241,0.358761630578931,0.359076666158851,0.340097334113054,0.342472654513167,0.342877821234182,0.344598677465492,0.340722099400021,0.347896807960564,0.347832811505117,0.359720918809789,0.359526118929471,0.35956444483571,0.359945001012035,0.337402840666886,0.342166549111054,0.343383840735508,0.333184115454036,0.333184115454036,0.333933808650802,0.335446595781342,0.335446598161602,0.335408742973367,0.335427664580986,0.334153343064434,0.334367255173949,0.334208973133994,0.335751263334105,0.334233586130639,0.334252284682049,0.332786791146164,0.335483425034328,0.335483425034328,0.335579494150822,0.33509431632428,0.335056070730322,0.335036912028692,0.333035348347307,0.338656798725911,0.341147407468722,0.341357198917314,0.344172103040902,0.344824084770174,0.343854401397265,0.343791880344794,0.346566755987688,0.346370386641091,0.348725940097009,0.345349599880349,0.346581207394579,0.349256570200379,0.349334847243187,0.349571765186052,0.350345604748051,0.351617353905716,0.351313025195926,0.351459003741562,0.351491886995987,0.351373300128575,0.350948906768136,0.351276468898584,0.351408633861083,0.349708336999938,0.351338760987212,0.348984168640295,0.349433898496169,0.348568541219696,0.347150251975685,0.34329551684297,0.3298436593119,0.332622928456648,0.334405144417115,0.373933960431118,0.380938028324248,0.38421672007862,0.38421672007862,0.388988337310783,0.371246655686818,0.357123942653486,0.360909603790813,0.360928148055464,0.361541908538261,0.511198635183578,0.467128079643568,0.342492565262373,0.000202301615106252,0,0.0336257466459616,0.0361491459134143,0.0355862494158741,0.0358274371874259,0.036182044295398,0.0423720361885064,0.036172888967899,0.036684237456434,0.0387932283550857,0.0362770981304587,0.0379126536006843,0.0379126536006843,0.038014070273287,0.0380523506677994,0.0380063337960709,0.0390720844787706,0.036686680234518,0.038708790323686,0.0368081551894542,0.0368081551894542,0.0404609574896975,0.0404609574896975,0.0371448046379136,0.0371448046379136,0.0306892274045141,0.0304364936636854,0.0318006752440859,0.0312532786868218,0.0311744288615927,0.0348116656353486,0.034595861778033,0.0346240705451644,0.0283040280920787,0.0284512489759159,0.0284715179543117,0.0295796600566927,0.0371687630772869,0.0371893945722095,0.0651120629063157,0.0784256778671042,0.0802677232643735,0.0645269453444113,0.794124117736838,0.562970251715428,0.561172286532595,0.554728077007043,0.534043429865924,0.534043507267404,0.526404197557557,0.526464845029636,0.541352448448094,0.547896125542775,0.550223177703294,0.542270668712732,0.547513490610479,0.549708837184417,0.520657493790053,0.542877413263285,0.542756339138465,0.547946083251054,0.531654935541808,0.53386960339203,0.534531252090077,0.529034529923159
"KF204570.1",0.395845857905091,0.395779918640956,0.391969571507553,0.386677998105655,0.384821768363843,0.401401932237923,0.40404032288908,0.40405915807604,0.428545817524633,0.409467391854351,0.411265267691386,0.4113097680648,0.407925999270512,0.410421806000176,0.40549862211658,0.397034371378316,0.466123000680058,0.463156685769077,0.474723897407432,0.456243245588114,0.441154428261859,0.450152237612428,0.450200486723906,0.446593767684582,0.415343465714137,0.414755344722452,0.414210504206385,0.42549975107122,0.425567644930635,0.425477139371711,0.399319543315921,0.418387032005116,0.416211213947843,0.476403019371675,0.475885734255599,0.44415325992452,0.447862513699245,0.45212785155153,0.454255244114293,0.459659442921057,0.459562461175444,0.473658841387957,0.476677588832784,0.47738056181955,0.454986050733416,0.453358780963986,0.44879762321627,0.442913179070412,0.446871821302039,0.416222490718272,0.416274215411426,0.463523514610857,0.449143038016674,0.419989229287272,0.606252138613784,0.323715598138005,0.323612694161125,0.322384896784206,0.322517931473781,0.349073776511253,0.348001764998075,0.346644379419592,0.347531651839612,0.348275374181839,0.3480255337479,0.34800649698443,0.347987577083142,0.347655825106491,0.34736822168356,0.343505269103299,0.367079275759349,0.368574189514537,0.369419161280226,0.369734196860147,0.350754864814349,0.353130185214463,0.353535351935478,0.355256208166787,0.351379630101316,0.35855433866186,0.358490342206413,0.370378449511085,0.370183649630767,0.370221975537005,0.370602531713331,0.348060371368182,0.35282407981235,0.354041371436803,0.343841646155332,0.343841646155332,0.344591339352098,0.346104126482637,0.346104128862898,0.346066273674662,0.346085195282282,0.34481087376573,0.345024785875244,0.344866503835289,0.346408794035401,0.344891116831934,0.344909815383344,0.34344432184746,0.346140955735623,0.346140955735623,0.346237024852118,0.345751847025576,0.345713601431618,0.345694442729988,0.343692879048603,0.349314329427207,0.351804938170017,0.35201472961861,0.354829633742197,0.35548161547147,0.35451193209856,0.354449411046089,0.357224286688983,0.357027917342387,0.359383470798304,0.356007130581644,0.357238738095875,0.359914100901675,0.359992377944482,0.360229295887347,0.361003135449347,0.362274884607012,0.361970555897221,0.362116534442857,0.362149417697282,0.36203083082987,0.361606437469431,0.36193399959988,0.362066164562378,0.360365867701234,0.361996291688507,0.359641699341591,0.360091429197464,0.359226071920992,0.357807782676981,0.353953047544265,0.340501190013195,0.343280459157944,0.34506267511841,0.384591491132413,0.391595559025543,0.394874250779916,0.394874250779916,0.399645868012078,0.381904186388113,0.367781473354782,0.371567134492108,0.371585678756759,0.372199439239557,0.521856165884874,0.477785610344864,0.353150095963668,0.0336779193872885,0.0336257466459616,0,0.0111662596559034,0.0186954283935257,0.0189366161650775,0.0192912232730496,0.025481215166158,0.0192820679455506,0.0197934164340857,0.0219024073327373,0.0193862771081103,0.021021832578336,0.021021832578336,0.0211232492509386,0.021161529645451,0.0211155127737225,0.0221812634564222,0.0322786372395268,0.0343007473286948,0.032400112194463,0.032400112194463,0.0360529144947063,0.0360529144947063,0.0327367616429224,0.0327367616429224,0.0262811844095229,0.041094024364981,0.0424582059453814,0.0419108093881173,0.0418319595628883,0.0454691963366441,0.0452533924793286,0.0452816012464599,0.0389615587933743,0.0391087796772114,0.0391290486556072,0.0402371907579882,0.0478262937785824,0.047846925273505,0.0757695936076112,0.0890832085683997,0.090925253965669,0.0751844760457069,0.804781648438134,0.573627782416724,0.57182981723389,0.565385607708338,0.544700960567219,0.544701037968699,0.537061728258853,0.537122375730932,0.552009979149389,0.558553656244071,0.560880708404589,0.552928199414027,0.558171021311775,0.560366367885713,0.531315024491348,0.553534943964581,0.55341386983976,0.55860361395235,0.542312466243104,0.544527134093326,0.545188782791372,0.539692060624455
"KX688105.1",0.398369257172544,0.398303317908409,0.394492970775006,0.389201397373107,0.387345167631296,0.403925331505376,0.406563722156533,0.406582557343493,0.431069216792086,0.411990791121804,0.413788666958839,0.413833167332252,0.410449398537964,0.412945205267629,0.408022021384032,0.399557770645768,0.468646399947511,0.465680085036529,0.477247296674884,0.458766644855566,0.443677827529312,0.45267563687988,0.452723885991359,0.449117166952035,0.41786686498159,0.417278743989904,0.416733903473838,0.428023150338673,0.428091044198087,0.428000538639163,0.401842942583374,0.420910431272568,0.418734613215296,0.478926418639128,0.478409133523052,0.446676659191972,0.450385912966697,0.454651250818983,0.456778643381746,0.46218284218851,0.462085860442896,0.47618224065541,0.479200988100236,0.479903961087003,0.457509450000869,0.455882180231439,0.451321022483723,0.445436578337865,0.449395220569491,0.418745889985725,0.418797614678878,0.46604691387831,0.451666437284126,0.422512628554724,0.608775537881237,0.326238997405458,0.326136093428577,0.324908296051659,0.325041330741233,0.351597175778706,0.350525164265527,0.349167778687045,0.350055051107064,0.350798773449292,0.350548933015353,0.350529896251882,0.350510976350594,0.350179224373944,0.349891620951013,0.346028668370752,0.369602675026802,0.371097588781989,0.371942560547679,0.372257596127599,0.353278264081802,0.355653584481915,0.356058751202931,0.35777960743424,0.353903029368769,0.361077737929313,0.361013741473866,0.372901848778537,0.372707048898219,0.372745374804458,0.373125930980783,0.350583770635635,0.355347479079802,0.356564770704256,0.346365045422785,0.346365045422785,0.34711473861955,0.34862752575009,0.34862752813035,0.348589672942115,0.348608594549734,0.347334273033182,0.347548185142697,0.347389903102742,0.348932193302854,0.347414516099387,0.347433214650797,0.345967721114912,0.348664355003076,0.348664355003076,0.34876042411957,0.348275246293029,0.34823700069907,0.34821784199744,0.346216278316055,0.351837728694659,0.35432833743747,0.354538128886063,0.35735303300965,0.358005014738922,0.357035331366013,0.356972810313542,0.359747685956436,0.359551316609839,0.361906870065757,0.358530529849097,0.359762137363327,0.362437500169128,0.362515777211935,0.3627526951548,0.363526534716799,0.364798283874465,0.364493955164674,0.36463993371031,0.364672816964735,0.364554230097323,0.364129836736884,0.364457398867333,0.364589563829831,0.362889266968686,0.36451969095596,0.362165098609044,0.362614828464917,0.361749471188444,0.360331181944433,0.356476446811718,0.343024589280648,0.345803858425397,0.347586074385863,0.387114890399866,0.394118958292996,0.397397650047368,0.397397650047368,0.402169267279531,0.384427585655566,0.370304872622234,0.374090533759561,0.374109078024212,0.374722838507009,0.524379565152327,0.480309009612316,0.355673495231121,0.0362013186547412,0.0361491459134143,0.0111662596559034,0,0.0212188276609784,0.0214600154325302,0.0218146225405023,0.0280046144336107,0.0218054672130033,0.0223168157015384,0.02442580660019,0.021909676375563,0.0235452318457886,0.0235452318457886,0.0236466485183913,0.0236849289129037,0.0236389120411752,0.0247046627238749,0.0348020365069795,0.0368241465961475,0.0349235114619157,0.0349235114619157,0.038576313762159,0.038576313762159,0.0352601609103751,0.0352601609103751,0.0288045836769755,0.0436174236324336,0.0449816052128341,0.04443420865557,0.0443553588303409,0.0479925956040968,0.0477767917467812,0.0478050005139126,0.0414849580608269,0.0416321789446641,0.0416524479230599,0.0427605900254409,0.0503496930460351,0.0503703245409577,0.0782929928750639,0.0916066078358524,0.0934486532331216,0.0777078753131595,0.807305047705586,0.576151181684176,0.574353216501343,0.567909006975791,0.547224359834672,0.547224437236152,0.539585127526305,0.539645774998385,0.554533378416842,0.561077055511523,0.563404107672042,0.55545159868148,0.560694420579227,0.562889767153166,0.533838423758801,0.556058343232033,0.555937269107213,0.561127013219802,0.544835865510557,0.547050533360778,0.547712182058825,0.542215459891907
"KX688107.1",0.397806360675004,0.397740421410868,0.393930074277465,0.388638500875567,0.386782271133755,0.403362435007836,0.406000825658992,0.406019660845953,0.430506320294546,0.411427894624264,0.413225770461299,0.413270270834712,0.409886502040424,0.412382308770089,0.407459124886492,0.398994874148228,0.468083503449971,0.465117188538989,0.476684400177344,0.458203748358026,0.443114931031771,0.45211274038234,0.452160989493819,0.448554270454494,0.417303968484049,0.416715847492364,0.416171006976298,0.427460253841133,0.427528147700547,0.427437642141623,0.401280046085833,0.420347534775028,0.418171716717756,0.478363522141588,0.477846237025512,0.446113762694432,0.449823016469157,0.454088354321443,0.456215746884206,0.461619945690969,0.461522963945356,0.47561934415787,0.478638091602696,0.479341064589463,0.456946553503329,0.455319283733898,0.450758125986183,0.444873681840324,0.448832324071951,0.418182993488185,0.418234718181338,0.465484017380769,0.451103540786586,0.421949732057184,0.608212641383697,0.325676100907917,0.325573196931037,0.324345399554119,0.324478434243693,0.351034279281165,0.349962267767987,0.348604882189505,0.349492154609524,0.350235876951751,0.349986036517813,0.349966999754342,0.349948079853054,0.349616327876403,0.349328724453472,0.345465771873212,0.369039778529262,0.370534692284449,0.371379664050139,0.371694699630059,0.352715367584262,0.355090687984375,0.35549585470539,0.3572167109367,0.353340132871229,0.360514841431772,0.360450844976325,0.372338952280997,0.372144152400679,0.372182478306918,0.372563034483243,0.350020874138094,0.354784582582262,0.356001874206716,0.345802148925244,0.345802148925244,0.34655184212201,0.34806462925255,0.34806463163281,0.348026776444575,0.348045698052194,0.346771376535642,0.346985288645157,0.346827006605202,0.348369296805313,0.346851619601847,0.346870318153256,0.345404824617372,0.348101458505536,0.348101458505536,0.34819752762203,0.347712349795488,0.34767410420153,0.3476549454999,0.345653381818515,0.351274832197119,0.35376544093993,0.353975232388522,0.356790136512109,0.357442118241382,0.356472434868473,0.356409913816002,0.359184789458896,0.358988420112299,0.361343973568217,0.357967633351557,0.359199240865787,0.361874603671587,0.361952880714395,0.36218979865726,0.362963638219259,0.364235387376924,0.363931058667134,0.36407703721277,0.364109920467195,0.363991333599782,0.363566940239343,0.363894502369792,0.364026667332291,0.362326370471146,0.36395679445842,0.361602202111503,0.362051931967377,0.361186574690904,0.359768285446893,0.355913550314178,0.342461692783107,0.345240961927856,0.347023177888323,0.386551993902326,0.393556061795456,0.396834753549828,0.396834753549828,0.401606370781991,0.383864689158026,0.369741976124694,0.37352763726202,0.373546181526672,0.374159942009469,0.523816668654786,0.479746113114776,0.35511059873358,0.035638422157201,0.0355862494158741,0.0186954283935257,0.0212188276609784,0,0.0139212485386018,0.014275855646574,0.0204658475396824,0.0171970150102972,0.0177083634988322,0.0217975581238913,0.0192814278992643,0.02091698336949,0.02091698336949,0.0210184000420926,0.021056680436605,0.0210106635648765,0.0220764142475762,0.0342391400094393,0.0362612500986073,0.0343606149643755,0.0343606149643755,0.0380134172646188,0.0380134172646188,0.0346972644128349,0.0346972644128349,0.0282416871794353,0.0430545271348934,0.0444187087152939,0.0438713121580298,0.0437924623328007,0.0474296991065566,0.047213895249241,0.0472421040163724,0.0409220615632867,0.0410692824471239,0.0410895514255197,0.0421976935279007,0.0497867965484949,0.0498074280434175,0.0777300963775237,0.0910437113383122,0.0928857567355815,0.0771449788156193,0.806742151208046,0.575588285186636,0.573790320003803,0.567346110478251,0.546661463337132,0.546661540738612,0.539022231028765,0.539082878500844,0.553970481919302,0.560514159013983,0.562841211174502,0.55488870218394,0.560131524081687,0.562326870655625,0.533275527261261,0.555495446734493,0.555374372609673,0.560564116722262,0.544272969013017,0.546487636863238,0.547149285561285,0.541652563394367
"LC215877.1",0.398047548446556,0.39798160918242,0.394171262049017,0.388879688647119,0.387023458905307,0.403603622779388,0.406242013430544,0.406260848617504,0.430747508066097,0.411669082395816,0.41346695823285,0.413511458606264,0.410127689811976,0.412623496541641,0.407700312658044,0.39923606191978,0.468324691221522,0.465358376310541,0.476925587948896,0.458444936129578,0.443356118803323,0.452353928153892,0.45240217726537,0.448795458226046,0.417545156255601,0.416957035263916,0.41641219474785,0.427701441612684,0.427769335472099,0.427678829913175,0.401521233857385,0.42058872254658,0.418412904489308,0.47860470991314,0.478087424797064,0.446354950465984,0.450064204240709,0.454329542092995,0.456456934655757,0.461861133462521,0.461764151716908,0.475860531929422,0.478879279374248,0.479582252361014,0.45718774127488,0.45556047150545,0.450999313757735,0.445114869611876,0.449073511843503,0.418424181259736,0.41847590595289,0.465725205152321,0.451344728558138,0.422190919828736,0.608453829155249,0.325917288679469,0.325814384702589,0.32458658732567,0.324719622015245,0.351275467052717,0.350203455539539,0.348846069961057,0.349733342381076,0.350477064723303,0.350227224289365,0.350208187525894,0.350189267624606,0.349857515647955,0.349569912225024,0.345706959644763,0.369280966300813,0.370775880056001,0.371620851821691,0.371935887401611,0.352956555355814,0.355331875755927,0.355737042476942,0.357457898708251,0.353581320642781,0.360756029203324,0.360692032747877,0.372580140052549,0.372385340172231,0.372423666078469,0.372804222254795,0.350262061909646,0.355025770353814,0.356243061978268,0.346043336696796,0.346043336696796,0.346793029893562,0.348305817024102,0.348305819404362,0.348267964216126,0.348286885823746,0.347012564307194,0.347226476416709,0.347068194376754,0.348610484576865,0.347092807373398,0.347111505924808,0.345646012388924,0.348342646277088,0.348342646277088,0.348438715393582,0.34795353756704,0.347915291973082,0.347896133271452,0.345894569590067,0.351516019968671,0.354006628711482,0.354216420160074,0.357031324283661,0.357683306012934,0.356713622640025,0.356651101587554,0.359425977230447,0.359229607883851,0.361585161339768,0.358208821123109,0.359440428637339,0.362115791443139,0.362194068485947,0.362430986428812,0.363204825990811,0.364476575148476,0.364172246438686,0.364318224984321,0.364351108238747,0.364232521371334,0.363808128010895,0.364135690141344,0.364267855103842,0.362567558242698,0.364197982229972,0.361843389883055,0.362293119738928,0.361427762462456,0.360009473218445,0.35615473808573,0.342702880554659,0.345482149699408,0.347264365659875,0.386793181673878,0.393797249567007,0.39707594132138,0.39707594132138,0.401847558553543,0.384105876929578,0.369983163896246,0.373768825033572,0.373787369298224,0.374401129781021,0.524057856426338,0.479987300886328,0.355351786505132,0.0358796099287528,0.0358274371874259,0.0189366161650775,0.0214600154325302,0.0139212485386018,0,0.00206864245934038,0.0167575059352309,0.017438202781849,0.017949551270384,0.0220387458954431,0.0195226156708161,0.0211581711410417,0.0211581711410417,0.0212595878136444,0.0212978682081568,0.0212518513364283,0.022317602019128,0.0344803277809911,0.0365024378701591,0.0346018027359273,0.0346018027359273,0.0382546050361706,0.0382546050361706,0.0349384521843867,0.0349384521843867,0.0284828749509871,0.0432957149064452,0.0446598964868457,0.0441124999295816,0.0440336501043525,0.0476708868781084,0.0474550830207928,0.0474832917879242,0.0411632493348385,0.0413104702186757,0.0413307391970714,0.0424388812994525,0.0500279843200467,0.0500486158149693,0.0779712841490755,0.091284899109864,0.0931269445071332,0.0773861665871711,0.806983338979598,0.575829472958188,0.574031507775355,0.567587298249802,0.546902651108684,0.546902728510163,0.539263418800317,0.539324066272396,0.554211669690853,0.560755346785535,0.563082398946053,0.555129889955491,0.560372711853239,0.562568058427177,0.533516715032812,0.555736634506045,0.555615560381225,0.560805304493814,0.544514156784568,0.54672882463479,0.547390473332836,0.541893751165919
"LC215878.1",0.398402155554528,0.398336216290392,0.394525869156989,0.389234295755091,0.387378066013279,0.40395822988736,0.406596620538516,0.406615455725477,0.43110211517407,0.412023689503788,0.413821565340822,0.413866065714236,0.410482296919948,0.412978103649613,0.408054919766016,0.399590669027752,0.468679298329495,0.465712983418513,0.477280195056868,0.45879954323755,0.443710725911295,0.452708535261864,0.452756784373342,0.449150065334018,0.417899763363573,0.417311642371888,0.416766801855822,0.428056048720657,0.428123942580071,0.428033437021147,0.401875840965357,0.420943329654552,0.41876751159728,0.478959317021112,0.478442031905036,0.446709557573956,0.450418811348681,0.454684149200967,0.45681154176373,0.462215740570493,0.46211875882488,0.476215139037394,0.47923388648222,0.479936859468987,0.457542348382853,0.455915078613422,0.451353920865707,0.445469476719848,0.449428118951475,0.418778788367709,0.418830513060862,0.466079812260293,0.45169933566611,0.422545526936708,0.608808436263221,0.326271895787441,0.326168991810561,0.324941194433643,0.325074229123217,0.351630074160689,0.350558062647511,0.349200677069029,0.350087949489048,0.350831671831275,0.350581831397337,0.350562794633866,0.350543874732578,0.350212122755927,0.349924519332996,0.346061566752736,0.369635573408786,0.371130487163973,0.371975458929663,0.372290494509583,0.353311162463786,0.355686482863899,0.356091649584914,0.357812505816224,0.353935927750753,0.361110636311296,0.361046639855849,0.372934747160521,0.372739947280203,0.372778273186441,0.373158829362767,0.350616669017618,0.355380377461786,0.35659766908624,0.346397943804768,0.346397943804768,0.347147637001534,0.348660424132074,0.348660426512334,0.348622571324099,0.348641492931718,0.347367171415166,0.347581083524681,0.347422801484726,0.348965091684837,0.34744741448137,0.34746611303278,0.346000619496896,0.34869725338506,0.34869725338506,0.348793322501554,0.348308144675012,0.348269899081054,0.348250740379424,0.346249176698039,0.351870627076643,0.354361235819454,0.354571027268046,0.357385931391633,0.358037913120906,0.357068229747997,0.357005708695526,0.35978058433842,0.359584214991823,0.36193976844774,0.358563428231081,0.359795035745311,0.362470398551111,0.362548675593919,0.362785593536784,0.363559433098783,0.364831182256448,0.364526853546658,0.364672832092294,0.364705715346719,0.364587128479306,0.364162735118867,0.364490297249316,0.364622462211815,0.36292216535067,0.364552589337944,0.362197996991027,0.3626477268469,0.361782369570428,0.360364080326417,0.356509345193702,0.343057487662631,0.34583675680738,0.347618972767847,0.38714778878185,0.39415185667498,0.397430548429352,0.397430548429352,0.402202165661515,0.38446048403755,0.370337771004218,0.374123432141544,0.374141976406196,0.374755736888993,0.52441246353431,0.4803419079943,0.355706393613104,0.036234217036725,0.036182044295398,0.0192912232730496,0.0218146225405023,0.014275855646574,0.00206864245934038,0,0.0171121130432031,0.0177928098898211,0.0183041583783562,0.0223933530034153,0.0198772227787883,0.0215127782490139,0.0215127782490139,0.0216141949216166,0.021652475316129,0.0216064584444004,0.0226722091271001,0.0348349348889632,0.0368570449781313,0.0349564098438994,0.0349564098438994,0.0386092121441427,0.0386092121441427,0.0352930592923589,0.0352930592923589,0.0288374820589593,0.0436503220144174,0.0450145035948178,0.0444671070375537,0.0443882572123247,0.0480254939860805,0.047809690128765,0.0478378988958963,0.0415178564428107,0.0416650773266478,0.0416853463050436,0.0427934884074247,0.0503825914280188,0.0504032229229414,0.0783258912570476,0.0916395062178361,0.0934815516151054,0.0777407736951433,0.80733794608757,0.57618408006616,0.574386114883327,0.567941905357775,0.547257258216656,0.547257335618136,0.539618025908289,0.539678673380368,0.554566276798826,0.561109953893507,0.563437006054025,0.555484497063464,0.560727318961211,0.562922665535149,0.533871322140785,0.556091241614017,0.555970167489197,0.561159911601786,0.54486876389254,0.547083431742762,0.547745080440808,0.542248358273891
"LC215879.1",0.404592147447636,0.404526208183501,0.400715861050098,0.395424287648199,0.393568057906388,0.410148221780468,0.412786612431625,0.412805447618585,0.437292107067178,0.418213681396896,0.420011557233931,0.420056057607344,0.416672288813056,0.419168095542721,0.414244911659124,0.40578066092086,0.474869290222603,0.471902975311621,0.483470186949977,0.464989535130658,0.449900717804404,0.458898527154973,0.458946776266451,0.455340057227127,0.424089755256682,0.423501634264996,0.42295679374893,0.434246040613765,0.434313934473179,0.434223428914256,0.408065832858466,0.42713332154766,0.424957503490388,0.48514930891422,0.484632023798144,0.452899549467064,0.45660880324179,0.460874141094075,0.463001533656838,0.468405732463602,0.468308750717988,0.482405130930502,0.485423878375328,0.486126851362095,0.463732340275961,0.462105070506531,0.457543912758815,0.451659468612957,0.455618110844584,0.424968780260817,0.425020504953971,0.472269804153402,0.457889327559219,0.428735518829816,0.614998428156329,0.33246188768055,0.332358983703669,0.331131186326751,0.331264221016325,0.357820066053798,0.356748054540619,0.355390668962137,0.356277941382157,0.357021663724384,0.356771823290445,0.356752786526975,0.356733866625686,0.356402114649036,0.356114511226105,0.352251558645844,0.375825565301894,0.377320479057082,0.378165450822771,0.378480486402691,0.359501154356894,0.361876474757007,0.362281641478023,0.364002497709332,0.360125919643861,0.367300628204405,0.367236631748958,0.37912473905363,0.378929939173312,0.37896826507955,0.379348821255875,0.356806660910727,0.361570369354895,0.362787660979348,0.352587935697877,0.352587935697877,0.353337628894642,0.354850416025182,0.354850418405443,0.354812563217207,0.354831484824827,0.353557163308275,0.353771075417789,0.353612793377834,0.355155083577946,0.353637406374479,0.353656104925889,0.352190611390004,0.354887245278168,0.354887245278168,0.354983314394662,0.354498136568121,0.354459890974163,0.354440732272533,0.352439168591147,0.358060618969751,0.360551227712562,0.360761019161155,0.363575923284742,0.364227905014014,0.363258221641105,0.363195700588634,0.365970576231528,0.365774206884932,0.368129760340849,0.364753420124189,0.365985027638419,0.36866039044422,0.368738667487027,0.368975585429892,0.369749424991892,0.371021174149557,0.370716845439766,0.370862823985402,0.370895707239827,0.370777120372415,0.370352727011976,0.370680289142425,0.370812454104923,0.369112157243778,0.370742581231052,0.368387988884136,0.368837718740009,0.367972361463536,0.366554072219526,0.36269933708681,0.34924747955574,0.352026748700489,0.353808964660955,0.393337780674958,0.400341848568088,0.403620540322461,0.403620540322461,0.408392157554623,0.390650475930658,0.376527762897327,0.380313424034653,0.380331968299304,0.380945728782102,0.530602455427419,0.486531899887408,0.361896385506213,0.0424242089298333,0.0423720361885064,0.025481215166158,0.0280046144336107,0.0204658475396824,0.0167575059352309,0.0171121130432031,0,0.0239828017829295,0.0244941502714646,0.0285833448965237,0.0260672146718967,0.0277027701421223,0.0277027701421223,0.027804186814725,0.0278424672092373,0.0277964503375088,0.0288622010202085,0.0410249267820716,0.0430470368712396,0.0411464017370078,0.0411464017370078,0.0447992040372511,0.0447992040372511,0.0414830511854672,0.0414830511854672,0.0350274739520677,0.0498403139075258,0.0512044954879262,0.0506570989306621,0.050578249105433,0.0542154858791889,0.0539996820218734,0.0540278907890047,0.0477078483359191,0.0478550692197562,0.047875338198152,0.048983480300533,0.0565725833211272,0.0565932148160498,0.084515883150156,0.0978294981109445,0.0996715435082138,0.0839307655882517,0.813527937980678,0.582374071959268,0.580576106776435,0.574131897250883,0.553447250109764,0.553447327511244,0.545808017801397,0.545868665273477,0.560756268691934,0.567299945786616,0.569626997947134,0.561674488956572,0.566917310854319,0.569112657428258,0.540061314033893,0.562281233507126,0.562160159382305,0.567349903494894,0.551058755785649,0.55327342363587,0.553935072333917,0.548438350167
"MK965900.1",0.398393000227029,0.398327060962893,0.39451671382949,0.389225140427592,0.38736891068578,0.403949074559861,0.406587465211017,0.406606300397978,0.431092959846571,0.412014534176289,0.413812410013323,0.413856910386737,0.410473141592449,0.412968948322114,0.408045764438517,0.399581513700253,0.468670143001996,0.465703828091014,0.477271039729369,0.458790387910051,0.443701570583796,0.452699379934365,0.452747629045844,0.449140910006519,0.417890608036074,0.417302487044389,0.416757646528323,0.428046893393158,0.428114787252572,0.428024281693648,0.401866685637858,0.420934174327053,0.418758356269781,0.478950161693613,0.478432876577537,0.446700402246457,0.450409656021182,0.454674993873468,0.456802386436231,0.462206585242994,0.462109603497381,0.476205983709895,0.479224731154721,0.479927704141488,0.457533193055354,0.455905923285923,0.451344765538208,0.445460321392349,0.449418963623976,0.41876963304021,0.418821357733363,0.466070656932794,0.451690180338611,0.422536371609209,0.608799280935722,0.326262740459942,0.326159836483062,0.324932039106144,0.325065073795718,0.35162091883319,0.350548907320012,0.34919152174153,0.350078794161549,0.350822516503776,0.350572676069838,0.350553639306367,0.350534719405079,0.350202967428428,0.349915364005497,0.346052411425237,0.369626418081287,0.371121331836474,0.371966303602164,0.372281339182084,0.353302007136287,0.3556773275364,0.356082494257415,0.357803350488725,0.353926772423254,0.361101480983797,0.36103748452835,0.372925591833022,0.372730791952704,0.372769117858942,0.373149674035268,0.350607513690119,0.355371222134287,0.356588513758741,0.346388788477269,0.346388788477269,0.347138481674035,0.348651268804575,0.348651271184835,0.3486134159966,0.348632337604219,0.347358016087667,0.347571928197182,0.347413646157227,0.348955936357338,0.347438259153871,0.347456957705281,0.345991464169397,0.348688098057561,0.348688098057561,0.348784167174055,0.348298989347513,0.348260743753555,0.348241585051925,0.34624002137054,0.351861471749144,0.354352080491955,0.354561871940547,0.357376776064134,0.358028757793407,0.357059074420498,0.356996553368027,0.35977142901092,0.359575059664324,0.361930613120241,0.358554272903582,0.359785880417812,0.362461243223612,0.36253952026642,0.362776438209285,0.363550277771284,0.364822026928949,0.364517698219159,0.364663676764795,0.36469656001922,0.364577973151807,0.364153579791368,0.364481141921817,0.364613306884316,0.362913010023171,0.364543434010445,0.362188841663528,0.362638571519401,0.361773214242929,0.360354924998918,0.356500189866203,0.343048332335132,0.345827601479881,0.347609817440348,0.387138633454351,0.39414270134748,0.397421393101853,0.397421393101853,0.402193010334016,0.384451328710051,0.370328615676719,0.374114276814045,0.374132821078697,0.374746581561494,0.524403308206811,0.480332752666801,0.355697238285605,0.0362250617092259,0.036172888967899,0.0192820679455506,0.0218054672130033,0.0171970150102972,0.017438202781849,0.0177928098898211,0.0239828017829295,0,0.00160793832685421,0.0223841976759163,0.0198680674512893,0.0215036229215149,0.0215036229215149,0.0216050395941176,0.02164331998863,0.0215973031169014,0.0226630537996011,0.0348257795614642,0.0368478896506323,0.0349472545164004,0.0349472545164004,0.0386000568166437,0.0386000568166437,0.0352839039648599,0.0352839039648599,0.0288283267314603,0.0436411666869184,0.0450053482673188,0.0444579517100547,0.0443791018848257,0.0480163386585815,0.047800534801266,0.0478287435683973,0.0415087011153117,0.0416559219991488,0.0416761909775446,0.0427843330799257,0.0503734361005198,0.0503940675954424,0.0783167359295486,0.0916303508903371,0.0934723962876064,0.0777316183676443,0.807328790760071,0.576174924738661,0.574376959555828,0.567932750030276,0.547248102889157,0.547248180290637,0.53960887058079,0.539669518052869,0.554557121471327,0.561100798566008,0.563427850726526,0.555475341735965,0.560718163633712,0.56291351020765,0.533862166813286,0.556082086286518,0.555961012161698,0.561150756274287,0.544859608565042,0.547074276415263,0.54773592511331,0.542239202946392
"MW316750.1",0.398904348715564,0.398838409451428,0.395028062318025,0.389736488916127,0.387880259174315,0.404460423048396,0.407098813699552,0.407117648886513,0.431604308335106,0.412525882664824,0.414323758501859,0.414368258875272,0.410984490080984,0.413480296810649,0.408557112927052,0.400092862188788,0.469181491490531,0.466215176579549,0.477782388217904,0.459301736398586,0.444212919072331,0.4532107284229,0.453258977534379,0.449652258495055,0.418401956524609,0.417813835532924,0.417268995016858,0.428558241881693,0.428626135741107,0.428535630182183,0.402378034126393,0.421445522815588,0.419269704758316,0.479461510182148,0.478944225066072,0.447211750734992,0.450921004509717,0.455186342362003,0.457313734924766,0.462717933731529,0.462620951985916,0.47671733219843,0.479736079643256,0.480439052630023,0.458044541543889,0.456417271774458,0.451856114026743,0.445971669880884,0.449930312112511,0.419280981528745,0.419332706221898,0.466582005421329,0.452201528827146,0.423047720097744,0.609310629424257,0.326774088948477,0.326671184971597,0.325443387594679,0.325576422284253,0.352132267321725,0.351060255808547,0.349702870230065,0.350590142650084,0.351333864992311,0.351084024558373,0.351064987794902,0.351046067893614,0.350714315916963,0.350426712494032,0.346563759913772,0.370137766569822,0.371632680325009,0.372477652090699,0.372792687670619,0.353813355624822,0.356188676024935,0.35659384274595,0.35831469897726,0.354438120911789,0.361612829472332,0.361548833016885,0.373436940321557,0.373242140441239,0.373280466347478,0.373661022523803,0.351118862178654,0.355882570622822,0.357099862247276,0.346900136965804,0.346900136965804,0.34764983016257,0.34916261729311,0.34916261967337,0.349124764485135,0.349143686092754,0.347869364576202,0.348083276685717,0.347924994645762,0.349467284845873,0.347949607642407,0.347968306193816,0.346502812657932,0.349199446546096,0.349199446546096,0.34929551566259,0.348810337836048,0.34877209224209,0.34875293354046,0.346751369859075,0.352372820237679,0.35486342898049,0.355073220429082,0.357888124552669,0.358540106281942,0.357570422909033,0.357507901856562,0.360282777499456,0.360086408152859,0.362441961608777,0.359065621392117,0.360297228906347,0.362972591712147,0.363050868754955,0.36328778669782,0.364061626259819,0.365333375417484,0.365029046707694,0.36517502525333,0.365207908507755,0.365089321640342,0.364664928279903,0.364992490410352,0.365124655372851,0.363424358511706,0.36505478249898,0.362700190152063,0.363149920007937,0.362284562731464,0.360866273487453,0.357011538354738,0.343559680823667,0.346338949968416,0.348121165928883,0.387649981942886,0.394654049836016,0.397932741590388,0.397932741590388,0.402704358822551,0.384962677198586,0.370839964165254,0.37462562530258,0.374644169567232,0.375257930050029,0.524914656695346,0.480844101155336,0.35620858677414,0.036736410197761,0.036684237456434,0.0197934164340857,0.0223168157015384,0.0177083634988322,0.017949551270384,0.0183041583783562,0.0244941502714646,0.00160793832685421,0,0.0228955461644513,0.0203794159398243,0.0220149714100499,0.0220149714100499,0.0221163880826526,0.022154668477165,0.0221086516054365,0.0231744022881362,0.0353371280499993,0.0373592381391673,0.0354586030049355,0.0354586030049355,0.0391114053051788,0.0391114053051788,0.0357952524533949,0.0357952524533949,0.0293396752199953,0.0441525151754534,0.0455166967558539,0.0449693001985898,0.0448904503733607,0.0485276871471166,0.048311883289801,0.0483400920569324,0.0420200496038467,0.0421672704876839,0.0421875394660797,0.0432956815684607,0.0508847845890549,0.0509054160839775,0.0788280844180837,0.0921416993788722,0.0939837447761415,0.0782429668561793,0.807840139248606,0.576686273227196,0.574888308044363,0.568444098518811,0.547759451377692,0.547759528779172,0.540120219069325,0.540180866541404,0.555068469959862,0.561612147054543,0.563939199215062,0.5559866902245,0.561229512122247,0.563424858696185,0.534373515301821,0.556593434775053,0.556472360650233,0.561662104762822,0.545370957053577,0.547585624903798,0.548247273601845,0.542750551434927
"KT922089.1",0.401013339614215,0.40094740035008,0.397137053216677,0.391845479814779,0.389989250072967,0.406569413947047,0.409207804598204,0.409226639785164,0.433713299233757,0.414634873563475,0.41643274940051,0.416477249773924,0.413093480979636,0.4155892877093,0.410666103825704,0.40220185308744,0.471290482389182,0.468324167478201,0.479891379116556,0.461410727297238,0.446321909970983,0.455319719321552,0.45536796843303,0.451761249393706,0.420510947423261,0.419922826431576,0.419377985915509,0.430667232780344,0.430735126639759,0.430644621080835,0.404487025025045,0.42355451371424,0.421378695656967,0.4815705010808,0.481053215964723,0.449320741633644,0.453029995408369,0.457295333260655,0.459422725823417,0.464826924630181,0.464729942884568,0.478826323097081,0.481845070541908,0.482548043528674,0.46015353244254,0.45852626267311,0.453965104925394,0.448080660779536,0.452039303011163,0.421389972427396,0.42144169712055,0.468690996319981,0.454310519725798,0.425156710996395,0.611419620322909,0.328883079847129,0.328780175870249,0.32755237849333,0.327685413182905,0.354241258220377,0.353169246707199,0.351811861128716,0.352699133548736,0.353442855890963,0.353193015457024,0.353173978693554,0.353155058792266,0.352823306815615,0.352535703392684,0.348672750812423,0.372246757468473,0.373741671223661,0.37458664298935,0.374901678569271,0.355922346523473,0.358297666923587,0.358702833644602,0.360423689875911,0.35654711181044,0.363721820370984,0.363657823915537,0.375545931220209,0.375351131339891,0.375389457246129,0.375770013422455,0.353227853077306,0.357991561521474,0.359208853145927,0.349009127864456,0.349009127864456,0.349758821061222,0.351271608191762,0.351271610572022,0.351233755383786,0.351252676991406,0.349978355474854,0.350192267584368,0.350033985544414,0.351576275744525,0.350058598541058,0.350077297092468,0.348611803556584,0.351308437444747,0.351308437444747,0.351404506561242,0.3509193287347,0.350881083140742,0.350861924439112,0.348860360757727,0.354481811136331,0.356972419879142,0.357182211327734,0.359997115451321,0.360649097180594,0.359679413807685,0.359616892755213,0.362391768398107,0.362195399051511,0.364550952507428,0.361174612290768,0.362406219804999,0.365081582610799,0.365159859653606,0.365396777596471,0.366170617158471,0.367442366316136,0.367138037606345,0.367284016151981,0.367316899406406,0.367198312538994,0.366773919178555,0.367101481309004,0.367233646271502,0.365533349410358,0.367163773397631,0.364809181050715,0.365258910906588,0.364393553630116,0.362975264386105,0.359120529253389,0.345668671722319,0.348447940867068,0.350230156827535,0.389758972841537,0.396763040734667,0.40004173248904,0.40004173248904,0.404813349721202,0.387071668097238,0.372948955063906,0.376734616201232,0.376753160465883,0.377366920948681,0.527023647593998,0.482953092053988,0.358317577672792,0.0388454010964126,0.0387932283550857,0.0219024073327373,0.02442580660019,0.0217975581238913,0.0220387458954431,0.0223933530034153,0.0285833448965237,0.0223841976759163,0.0228955461644513,0,0.0161628189952291,0.0177983744654547,0.0177983744654547,0.0178997911380574,0.0179380715325698,0.0178920546608413,0.018957805343541,0.0374461189486509,0.0394682290378189,0.0375675939035871,0.0375675939035871,0.0412203962038304,0.0412203962038304,0.0379042433520466,0.0379042433520466,0.031448666118647,0.0462615060741051,0.0476256876545055,0.0470782910972414,0.0469994412720124,0.0506366780457682,0.0504208741884527,0.050449082955584,0.0441290405024984,0.0442762613863355,0.0442965303647313,0.0454046724671123,0.0529937754877065,0.0530144069826291,0.0809370753167353,0.0942506902775238,0.0960927356747931,0.080351957754831,0.809949130147258,0.578795264125848,0.576997298943015,0.570553089417462,0.549868442276343,0.549868519677823,0.542229209967977,0.542289857440056,0.557177460858513,0.563721137953195,0.566048190113713,0.558095681123151,0.563338503020898,0.565533849594837,0.536482506200472,0.558702425673705,0.558581351548885,0.563771095661474,0.547479947952228,0.54969461580245,0.550356264500496,0.544859542333579
"MK965901.1",0.398497209389588,0.398431270125453,0.39462092299205,0.389329349590152,0.38747311984834,0.40405328372242,0.406691674373577,0.406710509560537,0.43119716900913,0.412118743338849,0.413916619175883,0.413961119549297,0.410577350755009,0.413073157484673,0.408149973601077,0.399685722862813,0.468774352164555,0.465808037253574,0.477375248891929,0.458894597072611,0.443805779746356,0.452803589096925,0.452851838208403,0.449245119169079,0.417994817198634,0.417406696206949,0.416861855690882,0.428151102555717,0.428218996415132,0.428128490856208,0.401970894800418,0.421038383489613,0.41886256543234,0.479054370856173,0.478537085740096,0.446804611409017,0.450513865183742,0.454779203036028,0.45690659559879,0.462310794405554,0.462213812659941,0.476310192872455,0.479328940317281,0.480031913304047,0.457637402217913,0.456010132448483,0.451448974700768,0.445564530554909,0.449523172786536,0.418873842202769,0.418925566895923,0.466174866095354,0.451794389501171,0.422640580771769,0.608903490098281,0.326366949622502,0.326264045645622,0.325036248268703,0.325169282958278,0.35172512799575,0.350653116482572,0.349295730904089,0.350183003324109,0.350926725666336,0.350676885232397,0.350657848468927,0.350638928567639,0.350307176590988,0.350019573168057,0.346156620587796,0.369730627243846,0.371225540999034,0.372070512764723,0.372385548344644,0.353406216298846,0.35578153669896,0.356186703419975,0.357907559651284,0.354030981585813,0.361205690146357,0.36114169369091,0.373029800995582,0.372835001115264,0.372873327021502,0.373253883197828,0.350711722852679,0.355475431296847,0.356692722921301,0.346492997639829,0.346492997639829,0.347242690836595,0.348755477967135,0.348755480347395,0.348717625159159,0.348736546766779,0.347462225250227,0.347676137359741,0.347517855319787,0.349060145519898,0.347542468316431,0.347561166867841,0.346095673331957,0.34879230722012,0.34879230722012,0.348888376336615,0.348403198510073,0.348364952916115,0.348345794214485,0.3463442305331,0.351965680911704,0.354456289654515,0.354666081103107,0.357480985226694,0.358132966955967,0.357163283583058,0.357100762530586,0.35987563817348,0.359679268826884,0.362034822282801,0.358658482066141,0.359890089580372,0.362565452386172,0.36264372942898,0.362880647371845,0.363654486933844,0.364926236091509,0.364621907381719,0.364767885927354,0.36480076918178,0.364682182314367,0.364257788953928,0.364585351084377,0.364717516046875,0.363017219185731,0.364647643173004,0.362293050826088,0.362742780681961,0.361877423405489,0.360459134161478,0.356604399028762,0.343152541497692,0.345931810642441,0.347714026602908,0.38724284261691,0.39424691051004,0.397525602264413,0.397525602264413,0.402297219496575,0.384555537872611,0.370432824839279,0.374218485976605,0.374237030241257,0.374850790724054,0.524507517369371,0.480436961829361,0.355801447448165,0.0363292708717857,0.0362770981304587,0.0193862771081103,0.021909676375563,0.0192814278992643,0.0195226156708161,0.0198772227787883,0.0260672146718967,0.0198680674512893,0.0203794159398243,0.0161628189952291,0,0.00961595379984076,0.00961595379984076,0.00971737047244346,0.00975565086695582,0.00970963399522731,0.010775384677927,0.034929988724024,0.036952098813192,0.0350514636789601,0.0350514636789601,0.0387042659792034,0.0387042659792034,0.0353881131274196,0.0353881131274196,0.02893253589402,0.0437453758494781,0.0451095574298785,0.0445621608726144,0.0444833110473854,0.0481205478211412,0.0479047439638257,0.047932952730957,0.0416129102778714,0.0417601311617085,0.0417804001401043,0.0428885422424854,0.0504776452630795,0.0504982767580021,0.0784209450921083,0.0917345600528968,0.0935766054501661,0.077835827530204,0.807432999922631,0.576279133901221,0.574481168718388,0.568036959192835,0.547352312051717,0.547352389453196,0.53971307974335,0.539773727215429,0.554661330633886,0.561205007728568,0.563532059889086,0.555579550898524,0.560822372796272,0.56301771937021,0.533966375975845,0.556186295449078,0.556065221324258,0.561254965436847,0.544963817727601,0.547178485577823,0.547840134275869,0.542343412108952
"MK965904.1",0.400132764859814,0.400066825595679,0.396256478462276,0.390964905060377,0.389108675318566,0.405688839192646,0.408327229843803,0.408346065030763,0.432832724479356,0.413754298809074,0.415552174646109,0.415596675019522,0.412212906225234,0.414708712954899,0.409785529071302,0.401321278333038,0.470409907634781,0.467443592723799,0.479010804362154,0.460530152542836,0.445441335216582,0.454439144567151,0.454487393678629,0.450880674639305,0.41963037266886,0.419042251677174,0.418497411161108,0.429786658025943,0.429854551885357,0.429764046326434,0.403606450270644,0.422673938959838,0.420498120902566,0.480689926326398,0.480172641210322,0.448440166879242,0.452149420653967,0.456414758506253,0.458542151069016,0.46394634987578,0.463849368130166,0.47794574834268,0.480964495787506,0.481667468774273,0.459272957688139,0.457645687918709,0.453084530170993,0.447200086025135,0.451158728256762,0.420509397672995,0.420561122366149,0.46781042156558,0.453429944971396,0.424276136241994,0.610539045568507,0.328002505092728,0.327899601115847,0.326671803738929,0.326804838428503,0.353360683465976,0.352288671952797,0.350931286374315,0.351818558794334,0.352562281136562,0.352312440702623,0.352293403939152,0.352274484037864,0.351942732061214,0.351655128638283,0.347792176058022,0.371366182714072,0.372861096469259,0.373706068234949,0.374021103814869,0.355041771769072,0.357417092169185,0.357822258890201,0.35954311512151,0.355666537056039,0.362841245616583,0.362777249161136,0.374665356465807,0.374470556585489,0.374508882491728,0.374889438668053,0.352347278322905,0.357110986767072,0.358328278391526,0.348128553110055,0.348128553110055,0.34887824630682,0.35039103343736,0.35039103581762,0.350353180629385,0.350372102237004,0.349097780720452,0.349311692829967,0.349153410790012,0.350695700990124,0.349178023786657,0.349196722338067,0.347731228802182,0.350427862690346,0.350427862690346,0.35052393180684,0.350038753980299,0.35000050838634,0.34998134968471,0.347979786003325,0.353601236381929,0.35609184512474,0.356301636573333,0.35911654069692,0.359768522426192,0.358798839053283,0.358736318000812,0.361511193643706,0.36131482429711,0.363670377753027,0.360294037536367,0.361525645050597,0.364201007856398,0.364279284899205,0.36451620284207,0.365290042404069,0.366561791561735,0.366257462851944,0.36640344139758,0.366436324652005,0.366317737784593,0.365893344424154,0.366220906554603,0.366353071517101,0.364652774655956,0.36628319864323,0.363928606296314,0.364378336152187,0.363512978875714,0.362094689631703,0.358239954498988,0.344788096967918,0.347567366112667,0.349349582073133,0.388878398087136,0.395882465980266,0.399161157734639,0.399161157734639,0.403932774966801,0.386191093342836,0.372068380309504,0.375854041446831,0.375872585711482,0.376486346194279,0.526143072839596,0.482072517299586,0.357437002918391,0.0379648263420113,0.0379126536006843,0.021021832578336,0.0235452318457886,0.02091698336949,0.0211581711410417,0.0215127782490139,0.0277027701421223,0.0215036229215149,0.0220149714100499,0.0177983744654547,0.00961595379984076,0,5.87408118033991e-07,0.00026467142066957,0.000302951815181936,0.00385611112397216,0.00969733944839322,0.0365655441942496,0.0385876542834176,0.0366870191491858,0.0366870191491858,0.040339821449429,0.040339821449429,0.0370236685976452,0.0370236685976452,0.0305680913642456,0.0453809313197037,0.0467451129001041,0.0461977163428401,0.046118866517611,0.0497561032913669,0.0495402994340513,0.0495685082011826,0.043248465748097,0.0433956866319342,0.0434159556103299,0.044524097712711,0.0521132007333051,0.0521338322282278,0.080056500562334,0.0933701155231224,0.0952121609203917,0.0794713830004296,0.809068555392856,0.577914689371447,0.576116724188613,0.569672514663061,0.548987867521942,0.548987944923422,0.541348635213575,0.541409282685655,0.556296886104112,0.562840563198793,0.565167615359312,0.55721510636875,0.562457928266497,0.564653274840436,0.535601931446071,0.557821850919303,0.557700776794483,0.562890520907072,0.546599373197827,0.548814041048048,0.549475689746095,0.543978967579178
"MW316743.1",0.400132764859814,0.400066825595679,0.396256478462276,0.390964905060377,0.389108675318566,0.405688839192646,0.408327229843803,0.408346065030763,0.432832724479356,0.413754298809074,0.415552174646109,0.415596675019522,0.412212906225234,0.414708712954899,0.409785529071302,0.401321278333038,0.470409907634781,0.467443592723799,0.479010804362154,0.460530152542836,0.445441335216582,0.454439144567151,0.454487393678629,0.450880674639305,0.41963037266886,0.419042251677174,0.418497411161108,0.429786658025943,0.429854551885357,0.429764046326434,0.403606450270644,0.422673938959838,0.420498120902566,0.480689926326398,0.480172641210322,0.448440166879242,0.452149420653967,0.456414758506253,0.458542151069016,0.46394634987578,0.463849368130166,0.47794574834268,0.480964495787506,0.481667468774273,0.459272957688139,0.457645687918709,0.453084530170993,0.447200086025135,0.451158728256762,0.420509397672995,0.420561122366149,0.46781042156558,0.453429944971396,0.424276136241994,0.610539045568507,0.328002505092728,0.327899601115847,0.326671803738929,0.326804838428503,0.353360683465976,0.352288671952797,0.350931286374315,0.351818558794334,0.352562281136562,0.352312440702623,0.352293403939152,0.352274484037864,0.351942732061214,0.351655128638283,0.347792176058022,0.371366182714072,0.372861096469259,0.373706068234949,0.374021103814869,0.355041771769072,0.357417092169185,0.357822258890201,0.35954311512151,0.355666537056039,0.362841245616583,0.362777249161136,0.374665356465807,0.374470556585489,0.374508882491728,0.374889438668053,0.352347278322905,0.357110986767072,0.358328278391526,0.348128553110055,0.348128553110055,0.34887824630682,0.35039103343736,0.35039103581762,0.350353180629385,0.350372102237004,0.349097780720452,0.349311692829967,0.349153410790012,0.350695700990124,0.349178023786657,0.349196722338067,0.347731228802182,0.350427862690346,0.350427862690346,0.35052393180684,0.350038753980299,0.35000050838634,0.34998134968471,0.347979786003325,0.353601236381929,0.35609184512474,0.356301636573333,0.35911654069692,0.359768522426192,0.358798839053283,0.358736318000812,0.361511193643706,0.36131482429711,0.363670377753027,0.360294037536367,0.361525645050597,0.364201007856398,0.364279284899205,0.36451620284207,0.365290042404069,0.366561791561735,0.366257462851944,0.36640344139758,0.366436324652005,0.366317737784593,0.365893344424154,0.366220906554603,0.366353071517101,0.364652774655956,0.36628319864323,0.363928606296314,0.364378336152187,0.363512978875714,0.362094689631703,0.358239954498988,0.344788096967918,0.347567366112667,0.349349582073133,0.388878398087136,0.395882465980266,0.399161157734639,0.399161157734639,0.403932774966801,0.386191093342836,0.372068380309504,0.375854041446831,0.375872585711482,0.376486346194279,0.526143072839596,0.482072517299586,0.357437002918391,0.0379648263420113,0.0379126536006843,0.021021832578336,0.0235452318457886,0.02091698336949,0.0211581711410417,0.0215127782490139,0.0277027701421223,0.0215036229215149,0.0220149714100499,0.0177983744654547,0.00961595379984076,5.87408118033991e-07,0,0.00026467142066957,0.000302951815181936,0.00385611112397216,0.00969733944839322,0.0365655441942496,0.0385876542834176,0.0366870191491858,0.0366870191491858,0.040339821449429,0.040339821449429,0.0370236685976452,0.0370236685976452,0.0305680913642456,0.0453809313197037,0.0467451129001041,0.0461977163428401,0.046118866517611,0.0497561032913669,0.0495402994340513,0.0495685082011826,0.043248465748097,0.0433956866319342,0.0434159556103299,0.044524097712711,0.0521132007333051,0.0521338322282278,0.080056500562334,0.0933701155231224,0.0952121609203917,0.0794713830004296,0.809068555392856,0.577914689371447,0.576116724188613,0.569672514663061,0.548987867521942,0.548987944923422,0.541348635213575,0.541409282685655,0.556296886104112,0.562840563198793,0.565167615359312,0.55721510636875,0.562457928266497,0.564653274840436,0.535601931446071,0.557821850919303,0.557700776794483,0.562890520907072,0.546599373197827,0.548814041048048,0.549475689746095,0.543978967579178
"MW316752.1",0.400234181532417,0.400168242268281,0.396357895134878,0.39106632173298,0.389210091991168,0.405790255865249,0.408428646516405,0.408447481703366,0.432934141151958,0.413855715481677,0.415653591318711,0.415698091692125,0.412314322897837,0.414810129627502,0.409886945743905,0.401422695005641,0.470511324307384,0.467545009396402,0.479112221034757,0.460631569215439,0.445542751889184,0.454540561239753,0.454588810351232,0.450982091311907,0.419731789341462,0.419143668349777,0.418598827833711,0.429888074698546,0.42995596855796,0.429865462999036,0.403707866943246,0.422775355632441,0.420599537575169,0.480791342999001,0.480274057882925,0.448541583551845,0.45225083732657,0.456516175178856,0.458643567741619,0.464047766548382,0.463950784802769,0.478047165015283,0.481065912460109,0.481768885446876,0.459374374360742,0.457747104591311,0.453185946843596,0.447301502697737,0.451260144929364,0.420610814345598,0.420662539038751,0.467911838238182,0.453531361643999,0.424377552914597,0.61064046224111,0.32810392176533,0.32800101778845,0.326773220411532,0.326906255101106,0.353462100138578,0.3523900886254,0.351032703046918,0.351919975466937,0.352663697809164,0.352413857375226,0.352394820611755,0.352375900710467,0.352044148733816,0.351756545310885,0.347893592730625,0.371467599386675,0.372962513141862,0.373807484907552,0.374122520487472,0.355143188441675,0.357518508841788,0.357923675562803,0.359644531794113,0.355767953728642,0.362942662289185,0.362878665833738,0.37476677313841,0.374571973258092,0.37461029916433,0.374990855340656,0.352448694995507,0.357212403439675,0.358429695064129,0.348229969782657,0.348229969782657,0.348979662979423,0.350492450109963,0.350492452490223,0.350454597301988,0.350473518909607,0.349199197393055,0.34941310950257,0.349254827462615,0.350797117662726,0.34927944045926,0.349298139010669,0.347832645474785,0.350529279362949,0.350529279362949,0.350625348479443,0.350140170652901,0.350101925058943,0.350082766357313,0.348081202675928,0.353702653054532,0.356193261797343,0.356403053245935,0.359217957369522,0.359869939098795,0.358900255725886,0.358837734673415,0.361612610316308,0.361416240969712,0.36377179442563,0.36039545420897,0.3616270617232,0.364302424529,0.364380701571808,0.364617619514673,0.365391459076672,0.366663208234337,0.366358879524547,0.366504858070183,0.366537741324608,0.366419154457195,0.365994761096756,0.366322323227205,0.366454488189704,0.364754191328559,0.366384615315833,0.364030022968916,0.36447975282479,0.363614395548317,0.362196106304306,0.358341371171591,0.34488951364052,0.347668782785269,0.349450998745736,0.388979814759739,0.395983882652869,0.399262574407241,0.399262574407241,0.404034191639404,0.386292510015439,0.372169796982107,0.375955458119433,0.375974002384085,0.376587762866882,0.526244489512199,0.482173933972189,0.357538419590993,0.038066243014614,0.038014070273287,0.0211232492509386,0.0236466485183913,0.0210184000420926,0.0212595878136444,0.0216141949216166,0.027804186814725,0.0216050395941176,0.0221163880826526,0.0178997911380574,0.00971737047244346,0.00026467142066957,0.00026467142066957,0,0.000360190338538174,0.00395752779657486,0.00979875612099592,0.0366669608668523,0.0386890709560203,0.0367884358217884,0.0367884358217884,0.0404412381220317,0.0404412381220317,0.0371250852702479,0.0371250852702479,0.0306695080368483,0.0454823479923064,0.0468465295727068,0.0462991330154427,0.0462202831902137,0.0498575199639695,0.049641716106654,0.0496699248737853,0.0433498824206997,0.0434971033045368,0.0435173722829326,0.0446255143853137,0.0522146174059078,0.0522352489008304,0.0801579172349366,0.0934715321957251,0.0953135775929944,0.0795727996730323,0.809169972065459,0.578016106044049,0.576218140861216,0.569773931335664,0.549089284194545,0.549089361596025,0.541450051886178,0.541510699358257,0.556398302776715,0.562941979871396,0.565269032031915,0.557316523041353,0.5625593449391,0.564754691513038,0.535703348118674,0.557923267591906,0.557802193467086,0.562991937579675,0.54670078987043,0.548915457720651,0.549577106418698,0.54408038425178
"MW316755.1",0.400272461926929,0.400206522662794,0.396396175529391,0.391104602127492,0.389248372385681,0.405828536259761,0.408466926910918,0.408485762097878,0.432972421546471,0.413893995876189,0.415691871713224,0.415736372086637,0.412352603292349,0.414848410022014,0.409925226138417,0.401460975400153,0.470549604701896,0.467583289790914,0.47915050142927,0.460669849609951,0.445581032283697,0.454578841634266,0.454627090745744,0.45102037170642,0.419770069735975,0.419181948744289,0.418637108228223,0.429926355093058,0.429994248952472,0.429903743393549,0.403746147337759,0.422813636026953,0.420637817969681,0.480829623393513,0.480312338277437,0.448579863946357,0.452289117721082,0.456554455573368,0.458681848136131,0.464086046942895,0.463989065197281,0.478085445409795,0.481104192854621,0.481807165841388,0.459412654755254,0.457785384985824,0.453224227238108,0.44733978309225,0.451298425323877,0.42064909474011,0.420700819433264,0.467950118632695,0.453569642038512,0.424415833309109,0.610678742635622,0.328142202159843,0.328039298182962,0.326811500806044,0.326944535495618,0.353500380533091,0.352428369019912,0.35107098344143,0.351958255861449,0.352701978203677,0.352452137769738,0.352433101006268,0.352414181104979,0.352082429128329,0.351794825705398,0.347931873125137,0.371505879781187,0.373000793536375,0.373845765302064,0.374160800881984,0.355181468836187,0.3575567892363,0.357961955957316,0.359682812188625,0.355806234123154,0.362980942683698,0.362916946228251,0.374805053532923,0.374610253652605,0.374648579558843,0.375029135735168,0.35248697539002,0.357250683834188,0.358467975458641,0.34826825017717,0.34826825017717,0.349017943373935,0.350530730504475,0.350530732884736,0.3504928776965,0.350511799304119,0.349237477787568,0.349451389897082,0.349293107857127,0.350835398057239,0.349317720853772,0.349336419405182,0.347870925869297,0.350567559757461,0.350567559757461,0.350663628873955,0.350178451047414,0.350140205453455,0.350121046751825,0.34811948307044,0.353740933449044,0.356231542191855,0.356441333640448,0.359256237764035,0.359908219493307,0.358938536120398,0.358876015067927,0.361650890710821,0.361454521364225,0.363810074820142,0.360433734603482,0.361665342117712,0.364340704923513,0.36441898196632,0.364655899909185,0.365429739471184,0.36670148862885,0.366397159919059,0.366543138464695,0.36657602171912,0.366457434851708,0.366033041491269,0.366360603621718,0.366492768584216,0.364792471723071,0.366422895710345,0.364068303363429,0.364518033219302,0.363652675942829,0.362234386698819,0.358379651566103,0.344927794035033,0.347707063179782,0.349489279140248,0.389018095154251,0.396022163047381,0.399300854801754,0.399300854801754,0.404072472033916,0.386330790409951,0.37220807737662,0.375993738513946,0.376012282778597,0.376626043261394,0.526282769906712,0.482212214366701,0.357576699985506,0.0381045234091263,0.0380523506677994,0.021161529645451,0.0236849289129037,0.021056680436605,0.0212978682081568,0.021652475316129,0.0278424672092373,0.02164331998863,0.022154668477165,0.0179380715325698,0.00975565086695582,0.000302951815181936,0.000302951815181936,0.000360190338538174,0,0.00399580819108722,0.00983703651550828,0.0367052412613646,0.0387273513505326,0.0368267162163008,0.0368267162163008,0.0404795185165441,0.0404795185165441,0.0371633656647602,0.0371633656647602,0.0307077884313607,0.0455206283868188,0.0468848099672192,0.0463374134099551,0.046258563584726,0.0498958003584819,0.0496799965011663,0.0497082052682977,0.0433881628152121,0.0435353836990492,0.043555652677445,0.044663794779826,0.0522528978004202,0.0522735292953428,0.080196197629449,0.0935098125902375,0.0953518579875068,0.0796110800675447,0.809208252459971,0.578054386438562,0.576256421255728,0.569812211730176,0.549127564589057,0.549127641990537,0.54148833228069,0.54154897975277,0.556436583171227,0.562980260265909,0.565307312426427,0.557354803435865,0.562597625333612,0.564792971907551,0.535741628513186,0.557961547986419,0.557840473861598,0.563030217974188,0.546739070264942,0.548953738115163,0.54961538681321,0.544118664646292
"MW316759.1",0.400226445055201,0.400160505791065,0.396350158657662,0.391058585255764,0.389202355513952,0.405782519388033,0.408420910039189,0.408439745226149,0.432926404674742,0.413847979004461,0.415645854841495,0.415690355214909,0.412306586420621,0.414802393150286,0.409879209266689,0.401414958528425,0.470503587830167,0.467537272919186,0.479104484557541,0.460623832738223,0.445535015411968,0.454532824762537,0.454581073874015,0.450974354834691,0.419724052864246,0.419135931872561,0.418591091356495,0.429880338221329,0.429948232080744,0.42985772652182,0.40370013046603,0.422767619155225,0.420591801097953,0.480783606521785,0.480266321405709,0.448533847074629,0.452243100849354,0.45650843870164,0.458635831264403,0.464040030071166,0.463943048325553,0.478039428538067,0.481058175982893,0.48176114896966,0.459366637883526,0.457739368114095,0.45317821036638,0.447293766220521,0.451252408452148,0.420603077868381,0.420654802561535,0.467904101760966,0.453523625166783,0.424369816437381,0.610632725763894,0.328096185288114,0.327993281311234,0.326765483934315,0.32689851862389,0.353454363661362,0.352382352148184,0.351024966569702,0.351912238989721,0.352655961331948,0.35240612089801,0.352387084134539,0.352368164233251,0.3520364122566,0.351748808833669,0.347885856253408,0.371459862909458,0.372954776664646,0.373799748430336,0.374114784010256,0.355135451964459,0.357510772364572,0.357915939085587,0.359636795316896,0.355760217251426,0.362934925811969,0.362870929356522,0.374759036661194,0.374564236780876,0.374602562687114,0.37498311886344,0.352440958518291,0.357204666962459,0.358421958586913,0.348222233305441,0.348222233305441,0.348971926502207,0.350484713632747,0.350484716013007,0.350446860824771,0.350465782432391,0.349191460915839,0.349405373025354,0.349247090985399,0.35078938118551,0.349271703982043,0.349290402533453,0.347824908997569,0.350521542885733,0.350521542885733,0.350617612002227,0.350132434175685,0.350094188581727,0.350075029880097,0.348073466198712,0.353694916577316,0.356185525320127,0.356395316768719,0.359210220892306,0.359862202621579,0.35889251924867,0.358829998196199,0.361604873839092,0.361408504492496,0.363764057948413,0.360387717731754,0.361619325245984,0.364294688051784,0.364372965094592,0.364609883037457,0.365383722599456,0.366655471757121,0.366351143047331,0.366497121592966,0.366530004847392,0.366411417979979,0.36598702461954,0.366314586749989,0.366446751712487,0.364746454851343,0.366376878838617,0.3640222864917,0.364472016347573,0.363606659071101,0.36218836982709,0.358333634694375,0.344881777163304,0.347661046308053,0.34944326226852,0.388972078282523,0.395976146175652,0.399254837930025,0.399254837930025,0.404026455162188,0.386284773538223,0.372162060504891,0.375947721642217,0.375966265906869,0.376580026389666,0.526236753034983,0.482166197494973,0.357530683113777,0.0380585065373978,0.0380063337960709,0.0211155127737225,0.0236389120411752,0.0210106635648765,0.0212518513364283,0.0216064584444004,0.0277964503375088,0.0215973031169014,0.0221086516054365,0.0178920546608413,0.00970963399522731,0.00385611112397216,0.00385611112397216,0.00395752779657486,0.00399580819108722,0,0.00979101964377977,0.0366592243896361,0.0386813344788041,0.0367806993445723,0.0367806993445723,0.0404335016448156,0.0404335016448156,0.0371173487930317,0.0371173487930317,0.0306617715596322,0.0454746115150903,0.0468387930954907,0.0462913965382266,0.0462125467129975,0.0498497834867534,0.0496339796294378,0.0496621883965692,0.0433421459434835,0.0434893668273207,0.0435096358057165,0.0446177779080975,0.0522068809286917,0.0522275124236143,0.0801501807577205,0.093463795718509,0.0953058411157783,0.0795650631958161,0.809162235588243,0.578008369566833,0.576210404384,0.569766194858447,0.549081547717329,0.549081625118809,0.541442315408962,0.541502962881041,0.556390566299499,0.56293424339418,0.565261295554698,0.557308786564136,0.562551608461884,0.564746955035822,0.535695611641458,0.55791553111469,0.55779445698987,0.562984201102459,0.546693053393213,0.548907721243435,0.549569369941482,0.544072647774564
"MW316751.1",0.4012921957379,0.401226256473765,0.397415909340362,0.392124335938464,0.390268106196652,0.406848270070732,0.409486660721889,0.409505495908849,0.433992155357442,0.41491372968716,0.416711605524195,0.416756105897609,0.41337233710332,0.415868143832985,0.410944959949389,0.402480709211124,0.471569338512867,0.468603023601885,0.480170235240241,0.461689583420923,0.446600766094668,0.455598575445237,0.455646824556715,0.452040105517391,0.420789803546946,0.420201682555261,0.419656842039194,0.430946088904029,0.431013982763444,0.43092347720452,0.40476588114873,0.423833369837925,0.421657551780652,0.481849357204484,0.481332072088408,0.449599597757329,0.453308851532054,0.45757418938434,0.459701581947102,0.465105780753866,0.465008799008253,0.479105179220766,0.482123926665593,0.482826899652359,0.460432388566225,0.458805118796795,0.454243961049079,0.448359516903221,0.452318159134848,0.421668828551081,0.421720553244235,0.468969852443666,0.454589375849483,0.42543556712008,0.611698476446593,0.329161935970814,0.329059031993933,0.327831234617015,0.32796426930659,0.354520114344062,0.353448102830883,0.352090717252401,0.352977989672421,0.353721712014648,0.353471871580709,0.353452834817239,0.35343391491595,0.3531021629393,0.352814559516369,0.348951606936108,0.372525613592158,0.374020527347346,0.374865499113035,0.375180534692955,0.356201202647158,0.358576523047272,0.358981689768287,0.360702545999596,0.356825967934125,0.364000676494669,0.363936680039222,0.375824787343894,0.375629987463576,0.375668313369814,0.37604886954614,0.353506709200991,0.358270417645159,0.359487709269612,0.349287983988141,0.349287983988141,0.350037677184907,0.351550464315446,0.351550466695707,0.351512611507471,0.351531533115091,0.350257211598539,0.350471123708053,0.350312841668098,0.35185513186821,0.350337454664743,0.350356153216153,0.348890659680269,0.351587293568432,0.351587293568432,0.351683362684926,0.351198184858385,0.351159939264427,0.351140780562797,0.349139216881411,0.354760667260016,0.357251276002826,0.357461067451419,0.360275971575006,0.360927953304279,0.359958269931369,0.359895748878898,0.362670624521792,0.362474255175196,0.364829808631113,0.361453468414453,0.362685075928684,0.365360438734484,0.365438715777291,0.365675633720156,0.366449473282156,0.367721222439821,0.36741689373003,0.367562872275666,0.367595755530091,0.367477168662679,0.36705277530224,0.367380337432689,0.367512502395187,0.365812205534042,0.367442629521316,0.3650880371744,0.365537767030273,0.3646724097538,0.36325412050979,0.359399385377074,0.345947527846004,0.348726796990753,0.350509012951219,0.390037828965222,0.397041896858352,0.400320588612725,0.400320588612725,0.405092205844887,0.387350524220922,0.373227811187591,0.377013472324917,0.377032016589568,0.377645777072366,0.527302503717683,0.483231948177673,0.358596433796477,0.0391242572200975,0.0390720844787706,0.0221812634564222,0.0247046627238749,0.0220764142475762,0.022317602019128,0.0226722091271001,0.0288622010202085,0.0226630537996011,0.0231744022881362,0.018957805343541,0.010775384677927,0.00969733944839322,0.00969733944839322,0.00979875612099592,0.00983703651550828,0.00979101964377977,0,0.0377249750723358,0.0397470851615038,0.037846450027272,0.037846450027272,0.0414992523275153,0.0414992523275153,0.0381830994757314,0.0381830994757314,0.0317275222423319,0.0465403621977899,0.0479045437781904,0.0473571472209263,0.0472782973956972,0.0509155341694531,0.0506997303121375,0.0507279390792689,0.0444078966261832,0.0445551175100204,0.0445753864884162,0.0456835285907972,0.0532726316113914,0.053293263106314,0.0812159314404202,0.0945295464012087,0.096371591798478,0.0806308138785159,0.810227986270943,0.579074120249533,0.5772761550667,0.570831945541147,0.550147298400028,0.550147375801508,0.542508066091662,0.542568713563741,0.557456316982198,0.56399999407688,0.566327046237398,0.558374537246836,0.563617359144583,0.565812705718522,0.536761362324157,0.55898128179739,0.55886020767257,0.564049951785159,0.547758804075913,0.549973471926135,0.550635120624181,0.545138398457264
"MK965898.1",0.398906791493648,0.398840852229512,0.395030505096109,0.389738931694211,0.387882701952399,0.40446286582648,0.407101256477636,0.407120091664597,0.431606751113189,0.412528325442908,0.414326201279942,0.414370701653356,0.410986932859068,0.413482739588733,0.408559555705136,0.400095304966872,0.469183934268615,0.466217619357633,0.477784830995988,0.45930417917667,0.444215361850415,0.453213171200984,0.453261420312463,0.449654701273139,0.418404399302693,0.417816278311008,0.417271437794942,0.428560684659777,0.428628578519191,0.428538072960267,0.402380476904477,0.421447965593672,0.4192721475364,0.479463952960232,0.478946667844156,0.447214193513076,0.450923447287801,0.455188785140087,0.45731617770285,0.462720376509613,0.462623394764,0.476719774976514,0.47973852242134,0.480441495408107,0.458046984321973,0.456419714552542,0.451858556804827,0.445974112658968,0.449932754890595,0.419283424306829,0.419335148999982,0.466584448199413,0.45220397160523,0.423050162875828,0.609313072202341,0.326776531726561,0.326673627749681,0.325445830372762,0.325578865062337,0.352134710099809,0.351062698586631,0.349705313008149,0.350592585428168,0.351336307770395,0.351086467336457,0.351067430572986,0.351048510671698,0.350716758695047,0.350429155272116,0.346566202691856,0.370140209347906,0.371635123103093,0.372480094868783,0.372795130448703,0.353815798402906,0.356191118803019,0.356596285524034,0.358317141755344,0.354440563689873,0.361615272250416,0.361551275794969,0.373439383099641,0.373244583219323,0.373282909125561,0.373663465301887,0.351121304956738,0.355885013400906,0.35710230502536,0.346902579743888,0.346902579743888,0.347652272940654,0.349165060071194,0.349165062451454,0.349127207263219,0.349146128870838,0.347871807354286,0.348085719463801,0.347927437423846,0.349469727623957,0.34795205042049,0.3479707489719,0.346505255436016,0.34920188932418,0.34920188932418,0.349297958440674,0.348812780614132,0.348774535020174,0.348755376318544,0.346753812637159,0.352375263015763,0.354865871758574,0.355075663207166,0.357890567330753,0.358542549060026,0.357572865687117,0.357510344634646,0.360285220277539,0.360088850930943,0.36244440438686,0.359068064170201,0.360299671684431,0.362975034490231,0.363053311533039,0.363290229475904,0.364064069037903,0.365335818195568,0.365031489485778,0.365177468031414,0.365210351285839,0.365091764418426,0.364667371057987,0.364994933188436,0.365127098150935,0.36342680128979,0.365057225277064,0.362702632930147,0.36315236278602,0.362287005509548,0.360868716265537,0.357013981132822,0.343562123601751,0.3463413927465,0.348123608706967,0.38765242472097,0.3946564926141,0.397935184368472,0.397935184368472,0.402706801600635,0.38496511997667,0.370842406943338,0.374628068080664,0.374646612345316,0.375260372828113,0.52491709947343,0.48084654393342,0.356211029552224,0.036738852975845,0.036686680234518,0.0322786372395268,0.0348020365069795,0.0342391400094393,0.0344803277809911,0.0348349348889632,0.0410249267820716,0.0348257795614642,0.0353371280499993,0.0374461189486509,0.034929988724024,0.0365655441942496,0.0365655441942496,0.0366669608668523,0.0367052412613646,0.0366592243896361,0.0377249750723358,0,0.00880445963673081,0.00909639804439228,0.00909639804439228,0.0165181533301095,0.0165181533301095,0.0183077650320817,0.0183077650320817,0.0174419526096716,0.0441549579535374,0.0455191395339378,0.0449717429766738,0.0448928931514447,0.0485301299252006,0.048314326067885,0.0483425348350163,0.0420224923819307,0.0421697132657679,0.0421899822441636,0.0432981243465447,0.0508872273671388,0.0509078588620615,0.0788305271961676,0.0921441421569561,0.0939861875542254,0.0782454096342633,0.80784258202669,0.57668871600528,0.574890750822447,0.568446541296895,0.547761894155776,0.547761971557256,0.540122661847409,0.540183309319488,0.555070912737946,0.561614589832627,0.563941641993146,0.555989133002584,0.561231954900331,0.563427301474269,0.534375958079905,0.556595877553137,0.556474803428317,0.561664547540906,0.545373399831661,0.547588067681882,0.548249716379929,0.542752994213011
"PP388958.1",0.400928901582816,0.40086296231868,0.397052615185277,0.391761041783379,0.389904812041567,0.406484975915648,0.409123366566804,0.409142201753765,0.433628861202357,0.414550435532076,0.41634831136911,0.416392811742524,0.413009042948236,0.415504849677901,0.410581665794304,0.40211741505604,0.471206044357783,0.468239729446801,0.479806941085156,0.461326289265838,0.446237471939583,0.455235281290152,0.45528353040163,0.451676811362306,0.420426509391861,0.419838388400176,0.41929354788411,0.430582794748945,0.430650688608359,0.430560183049435,0.404402586993645,0.42347007568284,0.421294257625568,0.4814860630494,0.480968777933324,0.449236303602244,0.452945557376969,0.457210895229255,0.459338287792018,0.464742486598781,0.464645504853168,0.478741885065682,0.481760632510508,0.482463605497275,0.460069094411141,0.45844182464171,0.453880666893995,0.447996222748136,0.451954864979763,0.421305534395997,0.42135725908915,0.468606558288581,0.454226081694398,0.425072272964996,0.611335182291509,0.328798641815729,0.328695737838849,0.32746794046193,0.327600975151505,0.354156820188977,0.353084808675799,0.351727423097317,0.352614695517336,0.353358417859563,0.353108577425625,0.353089540662154,0.353070620760866,0.352738868784215,0.352451265361284,0.348588312781024,0.372162319437074,0.373657233192261,0.374502204957951,0.374817240537871,0.355837908492074,0.358213228892187,0.358618395613202,0.360339251844512,0.356462673779041,0.363637382339584,0.363573385884137,0.375461493188809,0.375266693308491,0.37530501921473,0.375685575391055,0.353143415045906,0.357907123490074,0.359124415114528,0.348924689833056,0.348924689833056,0.349674383029822,0.351187170160362,0.351187172540622,0.351149317352387,0.351168238960006,0.349893917443454,0.350107829552969,0.349949547513014,0.351491837713125,0.349974160509658,0.349992859061068,0.348527365525184,0.351223999413348,0.351223999413348,0.351320068529842,0.3508348907033,0.350796645109342,0.350777486407712,0.348775922726327,0.354397373104931,0.356887981847742,0.357097773296334,0.359912677419921,0.360564659149194,0.359594975776285,0.359532454723814,0.362307330366707,0.362110961020111,0.364466514476028,0.361090174259369,0.362321781773599,0.364997144579399,0.365075421622207,0.365312339565072,0.366086179127071,0.367357928284736,0.367053599574946,0.367199578120582,0.367232461375007,0.367113874507594,0.366689481147155,0.367017043277604,0.367149208240103,0.365448911378958,0.367079335366232,0.364724743019315,0.365174472875188,0.364309115598716,0.362890826354705,0.35903609122199,0.345584233690919,0.348363502835668,0.350145718796135,0.389674534810138,0.396678602703267,0.39995729445764,0.39995729445764,0.404728911689803,0.386987230065838,0.372864517032506,0.376650178169832,0.376668722434484,0.377282482917281,0.526939209562598,0.482868654022588,0.358233139641392,0.038760963065013,0.038708790323686,0.0343007473286948,0.0368241465961475,0.0362612500986073,0.0365024378701591,0.0368570449781313,0.0430470368712396,0.0368478896506323,0.0373592381391673,0.0394682290378189,0.036952098813192,0.0385876542834176,0.0385876542834176,0.0386890709560203,0.0387273513505326,0.0386813344788041,0.0397470851615038,0.00880445963673081,0,0.0111185081335603,0.0111185081335603,0.0185402634192775,0.0185402634192775,0.0203298751212498,0.0203298751212498,0.0194640626988396,0.0461770680427054,0.0475412496231058,0.0469938530658418,0.0469150032406127,0.0505522400143686,0.050336436157053,0.0503646449241843,0.0440446024710987,0.0441918233549359,0.0442120923333316,0.0453202344357127,0.0529093374563068,0.0529299689512295,0.0808526372853357,0.0941662522461241,0.0960082976433934,0.0802675197234313,0.809864692115858,0.578710826094448,0.576912860911615,0.570468651386063,0.549784004244944,0.549784081646424,0.542144771936577,0.542205419408656,0.557093022827114,0.563636699921795,0.565963752082314,0.558011243091752,0.563254064989499,0.565449411563437,0.536398068169073,0.558617987642305,0.558496913517485,0.563686657630074,0.547395509920829,0.54961017777105,0.550271826469097,0.544775104302179
"MW285642.1",0.399028266448584,0.398962327184448,0.395151980051046,0.389860406649147,0.388004176907336,0.404584340781416,0.407222731432572,0.407241566619533,0.431728226068126,0.412649800397844,0.414447676234879,0.414492176608292,0.411108407814004,0.413604214543669,0.408681030660072,0.400216779921808,0.469305409223551,0.466339094312569,0.477906305950924,0.459425654131606,0.444336836805351,0.45333464615592,0.453382895267399,0.449776176228075,0.418525874257629,0.417937753265944,0.417392912749878,0.428682159614713,0.428750053474127,0.428659547915203,0.402501951859414,0.421569440548608,0.419393622491336,0.479585427915168,0.479068142799092,0.447335668468012,0.451044922242737,0.455310260095023,0.457437652657786,0.462841851464549,0.462744869718936,0.47684124993145,0.479859997376276,0.480562970363043,0.458168459276909,0.456541189507479,0.451980031759763,0.446095587613905,0.450054229845531,0.419404899261765,0.419456623954919,0.46670592315435,0.452325446560166,0.423171637830764,0.609434547157277,0.326898006681498,0.326795102704617,0.325567305327699,0.325700340017273,0.352256185054745,0.351184173541567,0.349826787963085,0.350714060383104,0.351457782725332,0.351207942291393,0.351188905527922,0.351169985626634,0.350838233649983,0.350550630227052,0.346687677646792,0.370261684302842,0.371756598058029,0.372601569823719,0.372916605403639,0.353937273357842,0.356312593757955,0.35671776047897,0.35843861671028,0.354562038644809,0.361736747205353,0.361672750749906,0.373560858054577,0.373366058174259,0.373404384080498,0.373784940256823,0.351242779911674,0.356006488355842,0.357223779980296,0.347024054698824,0.347024054698824,0.34777374789559,0.34928653502613,0.34928653740639,0.349248682218155,0.349267603825774,0.347993282309222,0.348207194418737,0.348048912378782,0.349591202578894,0.348073525375427,0.348092223926837,0.346626730390952,0.349323364279116,0.349323364279116,0.34941943339561,0.348934255569068,0.34889600997511,0.34887685127348,0.346875287592095,0.352496737970699,0.35498734671351,0.355197138162103,0.35801204228569,0.358664024014962,0.357694340642053,0.357631819589582,0.360406695232476,0.360210325885879,0.362565879341797,0.359189539125137,0.360421146639367,0.363096509445167,0.363174786487975,0.36341170443084,0.364185543992839,0.365457293150504,0.365152964440714,0.36529894298635,0.365331826240775,0.365213239373363,0.364788846012924,0.365116408143372,0.365248573105871,0.363548276244726,0.365178700232,0.362824107885083,0.363273837740957,0.362408480464484,0.360990191220473,0.357135456087758,0.343683598556688,0.346462867701437,0.348245083661903,0.387773899675906,0.394777967569036,0.398056659323408,0.398056659323408,0.402828276555571,0.385086594931606,0.370963881898274,0.374749543035601,0.374768087300252,0.375381847783049,0.525038574428366,0.480968018888356,0.356332504507161,0.0368603279307812,0.0368081551894542,0.032400112194463,0.0349235114619157,0.0343606149643755,0.0346018027359273,0.0349564098438994,0.0411464017370078,0.0349472545164004,0.0354586030049355,0.0375675939035871,0.0350514636789601,0.0366870191491858,0.0366870191491858,0.0367884358217884,0.0368267162163008,0.0367806993445723,0.037846450027272,0.00909639804439228,0.0111185081335603,0,5.87408118033991e-07,0.0166396282850457,0.0166396282850457,0.0184292399870179,0.0184292399870179,0.0175634275646078,0.0442764329084736,0.045640614488874,0.04509321793161,0.0450143681063809,0.0486516048801368,0.0484358010228212,0.0484640097899525,0.0421439673368669,0.0422911882207041,0.0423114571990998,0.0434195993014809,0.051008702322075,0.0510293338169977,0.0789520021511039,0.0922656171118923,0.0941076625091616,0.0783668845891995,0.807964056981626,0.576810190960216,0.575012225777383,0.568568016251831,0.547883369110712,0.547883446512192,0.540244136802345,0.540304784274425,0.555192387692882,0.561736064787563,0.564063116948082,0.55611060795752,0.561353429855267,0.563548776429206,0.534497433034841,0.556717352508073,0.556596278383253,0.561786022495842,0.545494874786597,0.547709542636818,0.548371191334865,0.542874469167947
"OK485000.1",0.399028266448584,0.398962327184448,0.395151980051046,0.389860406649147,0.388004176907336,0.404584340781416,0.407222731432572,0.407241566619533,0.431728226068126,0.412649800397844,0.414447676234879,0.414492176608292,0.411108407814004,0.413604214543669,0.408681030660072,0.400216779921808,0.469305409223551,0.466339094312569,0.477906305950924,0.459425654131606,0.444336836805351,0.45333464615592,0.453382895267399,0.449776176228075,0.418525874257629,0.417937753265944,0.417392912749878,0.428682159614713,0.428750053474127,0.428659547915203,0.402501951859414,0.421569440548608,0.419393622491336,0.479585427915168,0.479068142799092,0.447335668468012,0.451044922242737,0.455310260095023,0.457437652657786,0.462841851464549,0.462744869718936,0.47684124993145,0.479859997376276,0.480562970363043,0.458168459276909,0.456541189507479,0.451980031759763,0.446095587613905,0.450054229845531,0.419404899261765,0.419456623954919,0.46670592315435,0.452325446560166,0.423171637830764,0.609434547157277,0.326898006681498,0.326795102704617,0.325567305327699,0.325700340017273,0.352256185054745,0.351184173541567,0.349826787963085,0.350714060383104,0.351457782725332,0.351207942291393,0.351188905527922,0.351169985626634,0.350838233649983,0.350550630227052,0.346687677646792,0.370261684302842,0.371756598058029,0.372601569823719,0.372916605403639,0.353937273357842,0.356312593757955,0.35671776047897,0.35843861671028,0.354562038644809,0.361736747205353,0.361672750749906,0.373560858054577,0.373366058174259,0.373404384080498,0.373784940256823,0.351242779911674,0.356006488355842,0.357223779980296,0.347024054698824,0.347024054698824,0.34777374789559,0.34928653502613,0.34928653740639,0.349248682218155,0.349267603825774,0.347993282309222,0.348207194418737,0.348048912378782,0.349591202578894,0.348073525375427,0.348092223926837,0.346626730390952,0.349323364279116,0.349323364279116,0.34941943339561,0.348934255569068,0.34889600997511,0.34887685127348,0.346875287592095,0.352496737970699,0.35498734671351,0.355197138162103,0.35801204228569,0.358664024014962,0.357694340642053,0.357631819589582,0.360406695232476,0.360210325885879,0.362565879341797,0.359189539125137,0.360421146639367,0.363096509445167,0.363174786487975,0.36341170443084,0.364185543992839,0.365457293150504,0.365152964440714,0.36529894298635,0.365331826240775,0.365213239373363,0.364788846012924,0.365116408143372,0.365248573105871,0.363548276244726,0.365178700232,0.362824107885083,0.363273837740957,0.362408480464484,0.360990191220473,0.357135456087758,0.343683598556688,0.346462867701437,0.348245083661903,0.387773899675906,0.394777967569036,0.398056659323408,0.398056659323408,0.402828276555571,0.385086594931606,0.370963881898274,0.374749543035601,0.374768087300252,0.375381847783049,0.525038574428366,0.480968018888356,0.356332504507161,0.0368603279307812,0.0368081551894542,0.032400112194463,0.0349235114619157,0.0343606149643755,0.0346018027359273,0.0349564098438994,0.0411464017370078,0.0349472545164004,0.0354586030049355,0.0375675939035871,0.0350514636789601,0.0366870191491858,0.0366870191491858,0.0367884358217884,0.0368267162163008,0.0367806993445723,0.037846450027272,0.00909639804439228,0.0111185081335603,5.87408118033991e-07,0,0.0166396282850457,0.0166396282850457,0.0184292399870179,0.0184292399870179,0.0175634275646078,0.0442764329084736,0.045640614488874,0.04509321793161,0.0450143681063809,0.0486516048801368,0.0484358010228212,0.0484640097899525,0.0421439673368669,0.0422911882207041,0.0423114571990998,0.0434195993014809,0.051008702322075,0.0510293338169977,0.0789520021511039,0.0922656171118923,0.0941076625091616,0.0783668845891995,0.807964056981626,0.576810190960216,0.575012225777383,0.568568016251831,0.547883369110712,0.547883446512192,0.540244136802345,0.540304784274425,0.555192387692882,0.561736064787563,0.564063116948082,0.55611060795752,0.561353429855267,0.563548776429206,0.534497433034841,0.556717352508073,0.556596278383253,0.561786022495842,0.545494874786597,0.547709542636818,0.548371191334865,0.542874469167947
"MW285640.1",0.402681068748827,0.402615129484692,0.398804782351289,0.39351320894939,0.391656979207579,0.408237143081659,0.410875533732816,0.410894368919776,0.435381028368369,0.416302602698087,0.418100478535122,0.418144978908535,0.414761210114247,0.417257016843912,0.412333832960316,0.403869582222051,0.472958211523794,0.469991896612812,0.481559108251168,0.46307845643185,0.447989639105595,0.456987448456164,0.457035697567642,0.453428978528318,0.422178676557873,0.421590555566187,0.421045715050121,0.432334961914956,0.43240285577437,0.432312350215447,0.406154754159657,0.425222242848852,0.423046424791579,0.483238230215411,0.482720945099335,0.450988470768255,0.45469772454298,0.458963062395266,0.461090454958029,0.466494653764793,0.46639767201918,0.480494052231693,0.48351279967652,0.484215772663286,0.461821261577152,0.460193991807722,0.455632834060006,0.449748389914148,0.453707032145775,0.423057701562008,0.423109426255162,0.470358725454593,0.45597824886041,0.426824440131007,0.61308734945752,0.330550808981741,0.33044790500486,0.329220107627942,0.329353142317516,0.355908987354989,0.35483697584181,0.353479590263328,0.354366862683348,0.355110585025575,0.354860744591636,0.354841707828166,0.354822787926877,0.354491035950227,0.354203432527296,0.350340479947035,0.373914486603085,0.375409400358273,0.376254372123962,0.376569407703882,0.357590075658085,0.359965396058198,0.360370562779214,0.362091419010523,0.358214840945052,0.365389549505596,0.365325553050149,0.377213660354821,0.377018860474503,0.377057186380741,0.377437742557066,0.354895582211918,0.359659290656086,0.360876582280539,0.350676856999068,0.350676856999068,0.351426550195833,0.352939337326373,0.352939339706634,0.352901484518398,0.352920406126018,0.351646084609466,0.35185999671898,0.351701714679025,0.353244004879137,0.35172632767567,0.35174502622708,0.350279532691195,0.352976166579359,0.352976166579359,0.353072235695853,0.352587057869312,0.352548812275354,0.352529653573724,0.350528089892338,0.356149540270943,0.358640149013753,0.358849940462346,0.361664844585933,0.362316826315205,0.361347142942296,0.361284621889825,0.364059497532719,0.363863128186123,0.36621868164204,0.36284234142538,0.36407394893961,0.366749311745411,0.366827588788218,0.367064506731083,0.367838346293083,0.369110095450748,0.368805766740957,0.368951745286593,0.368984628541018,0.368866041673606,0.368441648313167,0.368769210443616,0.368901375406114,0.367201078544969,0.368831502532243,0.366476910185327,0.3669266400412,0.366061282764727,0.364642993520717,0.360788258388001,0.347336400856931,0.35011567000168,0.351897885962146,0.391426701976149,0.398430769869279,0.401709461623652,0.401709461623652,0.406481078855814,0.388739397231849,0.374616684198518,0.378402345335844,0.378420889600495,0.379034650083293,0.52869137672861,0.484620821188599,0.359985306807404,0.0405131302310244,0.0404609574896975,0.0360529144947063,0.038576313762159,0.0380134172646188,0.0382546050361706,0.0386092121441427,0.0447992040372511,0.0386000568166437,0.0391114053051788,0.0412203962038304,0.0387042659792034,0.040339821449429,0.040339821449429,0.0404412381220317,0.0404795185165441,0.0404335016448156,0.0414992523275153,0.0165181533301095,0.0185402634192775,0.0166396282850457,0.0166396282850457,0,5.87408118033991e-07,0.0220820422872612,0.0220820422872612,0.021216229864851,0.0479292352087169,0.0492934167891173,0.0487460202318532,0.0486671704066242,0.05230440718038,0.0520886033230645,0.0521168120901958,0.0457967696371102,0.0459439905209473,0.0459642594993431,0.0470724016017241,0.0546615046223183,0.0546821361172409,0.0826048044513471,0.0959184194121356,0.0977604648094049,0.0820196868894428,0.81161685928187,0.58046299326046,0.578665028077626,0.572220818552074,0.551536171410955,0.551536248812435,0.543896939102589,0.543957586574668,0.558845189993125,0.565388867087807,0.567715919248325,0.559763410257763,0.56500623215551,0.567201578729449,0.538150235335084,0.560370154808317,0.560249080683496,0.565438824796086,0.54914767708684,0.551362344937061,0.552023993635108,0.546527271468191
"OK484998.1",0.402681068748827,0.402615129484692,0.398804782351289,0.39351320894939,0.391656979207579,0.408237143081659,0.410875533732816,0.410894368919776,0.435381028368369,0.416302602698087,0.418100478535122,0.418144978908535,0.414761210114247,0.417257016843912,0.412333832960316,0.403869582222051,0.472958211523794,0.469991896612812,0.481559108251168,0.46307845643185,0.447989639105595,0.456987448456164,0.457035697567642,0.453428978528318,0.422178676557873,0.421590555566187,0.421045715050121,0.432334961914956,0.43240285577437,0.432312350215447,0.406154754159657,0.425222242848852,0.423046424791579,0.483238230215411,0.482720945099335,0.450988470768255,0.45469772454298,0.458963062395266,0.461090454958029,0.466494653764793,0.46639767201918,0.480494052231693,0.48351279967652,0.484215772663286,0.461821261577152,0.460193991807722,0.455632834060006,0.449748389914148,0.453707032145775,0.423057701562008,0.423109426255162,0.470358725454593,0.45597824886041,0.426824440131007,0.61308734945752,0.330550808981741,0.33044790500486,0.329220107627942,0.329353142317516,0.355908987354989,0.35483697584181,0.353479590263328,0.354366862683348,0.355110585025575,0.354860744591636,0.354841707828166,0.354822787926877,0.354491035950227,0.354203432527296,0.350340479947035,0.373914486603085,0.375409400358273,0.376254372123962,0.376569407703882,0.357590075658085,0.359965396058198,0.360370562779214,0.362091419010523,0.358214840945052,0.365389549505596,0.365325553050149,0.377213660354821,0.377018860474503,0.377057186380741,0.377437742557066,0.354895582211918,0.359659290656086,0.360876582280539,0.350676856999068,0.350676856999068,0.351426550195833,0.352939337326373,0.352939339706634,0.352901484518398,0.352920406126018,0.351646084609466,0.35185999671898,0.351701714679025,0.353244004879137,0.35172632767567,0.35174502622708,0.350279532691195,0.352976166579359,0.352976166579359,0.353072235695853,0.352587057869312,0.352548812275354,0.352529653573724,0.350528089892338,0.356149540270943,0.358640149013753,0.358849940462346,0.361664844585933,0.362316826315205,0.361347142942296,0.361284621889825,0.364059497532719,0.363863128186123,0.36621868164204,0.36284234142538,0.36407394893961,0.366749311745411,0.366827588788218,0.367064506731083,0.367838346293083,0.369110095450748,0.368805766740957,0.368951745286593,0.368984628541018,0.368866041673606,0.368441648313167,0.368769210443616,0.368901375406114,0.367201078544969,0.368831502532243,0.366476910185327,0.3669266400412,0.366061282764727,0.364642993520717,0.360788258388001,0.347336400856931,0.35011567000168,0.351897885962146,0.391426701976149,0.398430769869279,0.401709461623652,0.401709461623652,0.406481078855814,0.388739397231849,0.374616684198518,0.378402345335844,0.378420889600495,0.379034650083293,0.52869137672861,0.484620821188599,0.359985306807404,0.0405131302310244,0.0404609574896975,0.0360529144947063,0.038576313762159,0.0380134172646188,0.0382546050361706,0.0386092121441427,0.0447992040372511,0.0386000568166437,0.0391114053051788,0.0412203962038304,0.0387042659792034,0.040339821449429,0.040339821449429,0.0404412381220317,0.0404795185165441,0.0404335016448156,0.0414992523275153,0.0165181533301095,0.0185402634192775,0.0166396282850457,0.0166396282850457,5.87408118033991e-07,0,0.0220820422872612,0.0220820422872612,0.021216229864851,0.0479292352087169,0.0492934167891173,0.0487460202318532,0.0486671704066242,0.05230440718038,0.0520886033230645,0.0521168120901958,0.0457967696371102,0.0459439905209473,0.0459642594993431,0.0470724016017241,0.0546615046223183,0.0546821361172409,0.0826048044513471,0.0959184194121356,0.0977604648094049,0.0820196868894428,0.81161685928187,0.58046299326046,0.578665028077626,0.572220818552074,0.551536171410955,0.551536248812435,0.543896939102589,0.543957586574668,0.558845189993125,0.565388867087807,0.567715919248325,0.559763410257763,0.56500623215551,0.567201578729449,0.538150235335084,0.560370154808317,0.560249080683496,0.565438824796086,0.54914767708684,0.551362344937061,0.552023993635108,0.546527271468191
"MW285641.1",0.399364915897043,0.399298976632908,0.395488629499505,0.390197056097607,0.388340826355795,0.404920990229875,0.407559380881032,0.407578216067992,0.432064875516585,0.412986449846303,0.414784325683338,0.414828826056752,0.411445057262464,0.413940863992128,0.409017680108532,0.400553429370267,0.46964205867201,0.466675743761029,0.478242955399384,0.459762303580066,0.444673486253811,0.45367129560438,0.453719544715858,0.450112825676534,0.418862523706089,0.418274402714404,0.417729562198337,0.429018809063172,0.429086702922587,0.428996197363663,0.402838601307873,0.421906089997068,0.419730271939795,0.479922077363627,0.479404792247551,0.447672317916472,0.451381571691197,0.455646909543482,0.457774302106245,0.463178500913009,0.463081519167396,0.477177899379909,0.480196646824736,0.480899619811502,0.458505108725368,0.456877838955938,0.452316681208222,0.446432237062364,0.450390879293991,0.419741548710224,0.419793273403378,0.467042572602809,0.452662096008626,0.423508287279223,0.609771196605736,0.327234656129957,0.327131752153076,0.325903954776158,0.326036989465733,0.352592834503205,0.351520822990026,0.350163437411544,0.351050709831564,0.351794432173791,0.351544591739852,0.351525554976382,0.351506635075093,0.351174883098443,0.350887279675512,0.347024327095251,0.370598333751301,0.372093247506489,0.372938219272178,0.373253254852099,0.354273922806301,0.356649243206415,0.35705440992743,0.358775266158739,0.354898688093268,0.362073396653812,0.362009400198365,0.373897507503037,0.373702707622719,0.373741033528957,0.374121589705283,0.351579429360134,0.356343137804302,0.357560429428755,0.347360704147284,0.347360704147284,0.34811039734405,0.349623184474589,0.34962318685485,0.349585331666614,0.349604253274234,0.348329931757682,0.348543843867196,0.348385561827241,0.349927852027353,0.348410174823886,0.348428873375296,0.346963379839412,0.349660013727575,0.349660013727575,0.34975608284407,0.349270905017528,0.34923265942357,0.34921350072194,0.347211937040554,0.352833387419159,0.355323996161969,0.355533787610562,0.358348691734149,0.359000673463422,0.358030990090512,0.357968469038041,0.360743344680935,0.360546975334339,0.362902528790256,0.359526188573596,0.360757796087827,0.363433158893627,0.363511435936434,0.363748353879299,0.364522193441299,0.365793942598964,0.365489613889173,0.365635592434809,0.365668475689234,0.365549888821822,0.365125495461383,0.365453057591832,0.36558522255433,0.363884925693186,0.365515349680459,0.363160757333543,0.363610487189416,0.362745129912944,0.361326840668933,0.357472105536217,0.344020248005147,0.346799517149896,0.348581733110362,0.388110549124365,0.395114617017495,0.398393308771868,0.398393308771868,0.40316492600403,0.385423244380065,0.371300531346734,0.37508619248406,0.375104736748711,0.375718497231509,0.525375223876826,0.481304668336816,0.35666915395562,0.0371969773792406,0.0371448046379136,0.0327367616429224,0.0352601609103751,0.0346972644128349,0.0349384521843867,0.0352930592923589,0.0414830511854672,0.0352839039648599,0.0357952524533949,0.0379042433520466,0.0353881131274196,0.0370236685976452,0.0370236685976452,0.0371250852702479,0.0371633656647602,0.0371173487930317,0.0381830994757314,0.0183077650320817,0.0203298751212498,0.0184292399870179,0.0184292399870179,0.0220820422872612,0.0220820422872612,0,5.87408118033991e-07,0.0179000770130672,0.044613082356933,0.0459772639373335,0.0454298673800694,0.0453510175548403,0.0489882543285962,0.0487724504712806,0.048800659238412,0.0424806167853263,0.0426278376691635,0.0426481066475592,0.0437562487499403,0.0513453517705344,0.0513659832654571,0.0792886515995633,0.0926022665603518,0.094444311957621,0.0787035340376589,0.808300706430086,0.577146840408676,0.575348875225842,0.56890466570029,0.548220018559171,0.548220095960651,0.540580786250805,0.540641433722884,0.555529037141341,0.562072714236023,0.564399766396541,0.556447257405979,0.561690079303726,0.563885425877665,0.5348340824833,0.557054001956533,0.556932927831713,0.562122671944302,0.545831524235056,0.548046192085278,0.548707840783324,0.543211118616407
"OK484999.1",0.399364915897043,0.399298976632908,0.395488629499505,0.390197056097607,0.388340826355795,0.404920990229875,0.407559380881032,0.407578216067992,0.432064875516585,0.412986449846303,0.414784325683338,0.414828826056752,0.411445057262464,0.413940863992128,0.409017680108532,0.400553429370267,0.46964205867201,0.466675743761029,0.478242955399384,0.459762303580066,0.444673486253811,0.45367129560438,0.453719544715858,0.450112825676534,0.418862523706089,0.418274402714404,0.417729562198337,0.429018809063172,0.429086702922587,0.428996197363663,0.402838601307873,0.421906089997068,0.419730271939795,0.479922077363627,0.479404792247551,0.447672317916472,0.451381571691197,0.455646909543482,0.457774302106245,0.463178500913009,0.463081519167396,0.477177899379909,0.480196646824736,0.480899619811502,0.458505108725368,0.456877838955938,0.452316681208222,0.446432237062364,0.450390879293991,0.419741548710224,0.419793273403378,0.467042572602809,0.452662096008626,0.423508287279223,0.609771196605736,0.327234656129957,0.327131752153076,0.325903954776158,0.326036989465733,0.352592834503205,0.351520822990026,0.350163437411544,0.351050709831564,0.351794432173791,0.351544591739852,0.351525554976382,0.351506635075093,0.351174883098443,0.350887279675512,0.347024327095251,0.370598333751301,0.372093247506489,0.372938219272178,0.373253254852099,0.354273922806301,0.356649243206415,0.35705440992743,0.358775266158739,0.354898688093268,0.362073396653812,0.362009400198365,0.373897507503037,0.373702707622719,0.373741033528957,0.374121589705283,0.351579429360134,0.356343137804302,0.357560429428755,0.347360704147284,0.347360704147284,0.34811039734405,0.349623184474589,0.34962318685485,0.349585331666614,0.349604253274234,0.348329931757682,0.348543843867196,0.348385561827241,0.349927852027353,0.348410174823886,0.348428873375296,0.346963379839412,0.349660013727575,0.349660013727575,0.34975608284407,0.349270905017528,0.34923265942357,0.34921350072194,0.347211937040554,0.352833387419159,0.355323996161969,0.355533787610562,0.358348691734149,0.359000673463422,0.358030990090512,0.357968469038041,0.360743344680935,0.360546975334339,0.362902528790256,0.359526188573596,0.360757796087827,0.363433158893627,0.363511435936434,0.363748353879299,0.364522193441299,0.365793942598964,0.365489613889173,0.365635592434809,0.365668475689234,0.365549888821822,0.365125495461383,0.365453057591832,0.36558522255433,0.363884925693186,0.365515349680459,0.363160757333543,0.363610487189416,0.362745129912944,0.361326840668933,0.357472105536217,0.344020248005147,0.346799517149896,0.348581733110362,0.388110549124365,0.395114617017495,0.398393308771868,0.398393308771868,0.40316492600403,0.385423244380065,0.371300531346734,0.37508619248406,0.375104736748711,0.375718497231509,0.525375223876826,0.481304668336816,0.35666915395562,0.0371969773792406,0.0371448046379136,0.0327367616429224,0.0352601609103751,0.0346972644128349,0.0349384521843867,0.0352930592923589,0.0414830511854672,0.0352839039648599,0.0357952524533949,0.0379042433520466,0.0353881131274196,0.0370236685976452,0.0370236685976452,0.0371250852702479,0.0371633656647602,0.0371173487930317,0.0381830994757314,0.0183077650320817,0.0203298751212498,0.0184292399870179,0.0184292399870179,0.0220820422872612,0.0220820422872612,5.87408118033991e-07,0,0.0179000770130672,0.044613082356933,0.0459772639373335,0.0454298673800694,0.0453510175548403,0.0489882543285962,0.0487724504712806,0.048800659238412,0.0424806167853263,0.0426278376691635,0.0426481066475592,0.0437562487499403,0.0513453517705344,0.0513659832654571,0.0792886515995633,0.0926022665603518,0.094444311957621,0.0787035340376589,0.808300706430086,0.577146840408676,0.575348875225842,0.56890466570029,0.548220018559171,0.548220095960651,0.540580786250805,0.540641433722884,0.555529037141341,0.562072714236023,0.564399766396541,0.556447257405979,0.561690079303726,0.563885425877665,0.5348340824833,0.557054001956533,0.556932927831713,0.562122671944302,0.545831524235056,0.548046192085278,0.548707840783324,0.543211118616407
"MW316744.1",0.392909338663644,0.392843399399508,0.389033052266105,0.383741478864207,0.381885249122395,0.398465412996476,0.401103803647632,0.401122638834593,0.425609298283186,0.406530872612904,0.408328748449939,0.408373248823352,0.404989480029064,0.407485286758729,0.402562102875132,0.394097852136868,0.463186481438611,0.460220166527629,0.471787378165984,0.453306726346666,0.438217909020411,0.44721571837098,0.447263967482459,0.443657248443134,0.412406946472689,0.411818825481004,0.411273984964938,0.422563231829773,0.422631125689187,0.422540620130263,0.396383024074473,0.415450512763668,0.413274694706396,0.473466500130228,0.472949215014152,0.441216740683072,0.444925994457797,0.449191332310083,0.451318724872846,0.456722923679609,0.456625941933996,0.47072232214651,0.473741069591336,0.474444042578103,0.452049531491969,0.450422261722538,0.445861103974823,0.439976659828964,0.443935302060591,0.413285971476825,0.413337696169978,0.460586995369409,0.446206518775226,0.417052710045824,0.603315619372337,0.320779078896557,0.320676174919677,0.319448377542759,0.319581412232333,0.346137257269805,0.345065245756627,0.343707860178145,0.344595132598164,0.345338854940391,0.345089014506453,0.345069977742982,0.345051057841694,0.344719305865043,0.344431702442112,0.340568749861852,0.364142756517902,0.365637670273089,0.366482642038779,0.366797677618699,0.347818345572902,0.350193665973015,0.35059883269403,0.35231968892534,0.348443110859869,0.355617819420412,0.355553822964965,0.367441930269637,0.367247130389319,0.367285456295558,0.367666012471883,0.345123852126734,0.349887560570902,0.351104852195356,0.340905126913884,0.340905126913884,0.34165482011065,0.34316760724119,0.34316760962145,0.343129754433215,0.343148676040834,0.341874354524282,0.342088266633797,0.341929984593842,0.343472274793953,0.341954597590487,0.341973296141896,0.340507802606012,0.343204436494176,0.343204436494176,0.34330050561067,0.342815327784128,0.34277708219017,0.34275792348854,0.340756359807155,0.346377810185759,0.34886841892857,0.349078210377162,0.35189311450075,0.352545096230022,0.351575412857113,0.351512891804642,0.354287767447536,0.354091398100939,0.356446951556857,0.353070611340197,0.354302218854427,0.356977581660227,0.357055858703035,0.3572927766459,0.358066616207899,0.359338365365564,0.359034036655774,0.35918001520141,0.359212898455835,0.359094311588422,0.358669918227983,0.358997480358432,0.359129645320931,0.357429348459786,0.35905977244706,0.356705180100143,0.357154909956017,0.356289552679544,0.354871263435533,0.351016528302818,0.337564670771747,0.340343939916496,0.342126155876963,0.381654971890966,0.388659039784096,0.391937731538468,0.391937731538468,0.396709348770631,0.378967667146666,0.364844954113334,0.368630615250661,0.368649159515312,0.369262919998109,0.518919646643426,0.474849091103416,0.350213576722221,0.030741400145841,0.0306892274045141,0.0262811844095229,0.0288045836769755,0.0282416871794353,0.0284828749509871,0.0288374820589593,0.0350274739520677,0.0288283267314603,0.0293396752199953,0.031448666118647,0.02893253589402,0.0305680913642456,0.0305680913642456,0.0306695080368483,0.0307077884313607,0.0306617715596322,0.0317275222423319,0.0174419526096716,0.0194640626988396,0.0175634275646078,0.0175634275646078,0.021216229864851,0.021216229864851,0.0179000770130672,0.0179000770130672,0,0.0381575051235335,0.0395216867039339,0.0389742901466698,0.0388954403214407,0.0425326770951966,0.042316873237881,0.0423450820050124,0.0360250395519268,0.0361722604357639,0.0361925294141597,0.0373006715165407,0.0448897745371349,0.0449104060320575,0.0728330743661637,0.0861466893269522,0.0879887347242215,0.0722479568042594,0.801845129196686,0.570691263175276,0.568893297992443,0.562449088466891,0.541764441325772,0.541764518727252,0.534125209017405,0.534185856489484,0.549073459907942,0.555617137002623,0.557944189163141,0.54999168017258,0.555234502070327,0.557429848644265,0.528378505249901,0.550598424723133,0.550477350598313,0.555667094710902,0.539375947001657,0.541590614851878,0.542252263549925,0.536755541383007
"MK962337.1",0.385249091222601,0.385183151958466,0.381372804825063,0.376081231423165,0.374225001681353,0.390805165555433,0.39344355620659,0.39346239139355,0.417949050842143,0.398870625171861,0.400668501008896,0.40071300138231,0.397329232588022,0.399825039317686,0.39490185543409,0.386437604695825,0.455526233997568,0.452559919086587,0.464127130724942,0.445646478905624,0.430557661579369,0.439555470929938,0.439603720041416,0.435997001002092,0.404746699031647,0.404158578039961,0.403613737523895,0.41490298438873,0.414970878248144,0.414880372689221,0.388722776633431,0.407790265322626,0.405614447265353,0.465806252689185,0.465288967573109,0.43355649324203,0.437265747016755,0.44153108486904,0.443658477431803,0.449062676238567,0.448965694492954,0.463062074705467,0.466080822150294,0.46678379513706,0.444389284050926,0.442762014281496,0.43820085653378,0.432316412387922,0.436275054619549,0.405625724035782,0.405677448728936,0.452926747928367,0.438546271334184,0.409392462604781,0.595655371931294,0.313118831455515,0.313015927478634,0.311788130101716,0.31192116479129,0.338477009828763,0.337404998315584,0.336047612737102,0.336934885157122,0.337678607499349,0.33742876706541,0.33740973030194,0.337390810400651,0.337059058424001,0.33677145500107,0.332908502420809,0.356482509076859,0.357977422832047,0.358822394597736,0.359137430177656,0.340158098131859,0.342533418531973,0.342938585252988,0.344659441484297,0.340782863418826,0.34795757197937,0.347893575523923,0.359781682828595,0.359586882948277,0.359625208854515,0.360005765030841,0.337463604685692,0.34222731312986,0.343444604754313,0.333244879472842,0.333244879472842,0.333994572669608,0.335507359800147,0.335507362180408,0.335469506992172,0.335488428599792,0.33421410708324,0.334428019192754,0.334269737152799,0.335812027352911,0.334294350149444,0.334313048700854,0.33284755516497,0.335544189053133,0.335544189053133,0.335640258169627,0.335155080343086,0.335116834749128,0.335097676047498,0.333096112366112,0.338717562744717,0.341208171487527,0.34141796293612,0.344232867059707,0.34488484878898,0.34391516541607,0.343852644363599,0.346627520006493,0.346431150659897,0.348786704115814,0.345410363899154,0.346641971413385,0.349317334219185,0.349395611261992,0.349632529204857,0.350406368766857,0.351678117924522,0.351373789214731,0.351519767760367,0.351552651014792,0.35143406414738,0.351009670786941,0.35133723291739,0.351469397879888,0.349769101018744,0.351399525006017,0.349044932659101,0.349494662514974,0.348629305238502,0.347211015994491,0.343356280861775,0.329904423330705,0.332683692475454,0.33446590843592,0.373994724449923,0.380998792343053,0.384277484097426,0.384277484097426,0.389049101329588,0.371307419705623,0.357184706672292,0.360970367809618,0.360988912074269,0.361602672557067,0.511259399202384,0.467188843662374,0.342553329281178,0.0304886664050124,0.0304364936636854,0.041094024364981,0.0436174236324336,0.0430545271348934,0.0432957149064452,0.0436503220144174,0.0498403139075258,0.0436411666869184,0.0441525151754534,0.0462615060741051,0.0437453758494781,0.0453809313197037,0.0453809313197037,0.0454823479923064,0.0455206283868188,0.0454746115150903,0.0465403621977899,0.0441549579535374,0.0461770680427054,0.0442764329084736,0.0442764329084736,0.0479292352087169,0.0479292352087169,0.044613082356933,0.044613082356933,0.0381575051235335,0,0.014201619525965,0.0136542229687009,0.0240322370957449,0.034872429654154,0.0346566257968385,0.0346848345639698,0.0283647921108842,0.0285120129947214,0.0285322819731171,0.0296404240754982,0.0372295270960923,0.037250158591015,0.0651728269251211,0.0784864418859096,0.0803284872831789,0.0645877093632168,0.794184881755644,0.563031015734234,0.5612330505514,0.554788841025848,0.534104193884729,0.534104271286209,0.526464961576363,0.526525609048442,0.541413212466899,0.547956889561581,0.550283941722099,0.542331432731537,0.547574254629284,0.549769601203223,0.520718257808858,0.542938177282091,0.54281710315727,0.54800684726986,0.531715699560614,0.533930367410836,0.534592016108882,0.529095293941965
"MK962338.1",0.386613272803002,0.386547333538866,0.382736986405463,0.377445413003565,0.375589183261753,0.392169347135834,0.39480773778699,0.39482657297395,0.419313232422543,0.400234806752262,0.402032682589296,0.40207718296271,0.398693414168422,0.401189220898087,0.39626603701449,0.387801786276226,0.456890415577969,0.453924100666987,0.465491312305342,0.447010660486024,0.431921843159769,0.440919652510338,0.440967901621816,0.437361182582492,0.406110880612047,0.405522759620362,0.404977919104296,0.41626716596913,0.416335059828545,0.416244554269621,0.390086958213831,0.409154446903026,0.406978628845754,0.467170434269586,0.46665314915351,0.43492067482243,0.438629928597155,0.442895266449441,0.445022659012204,0.450426857818967,0.450329876073354,0.464426256285868,0.467445003730694,0.468147976717461,0.445753465631327,0.444126195861896,0.439565038114181,0.433680593968322,0.437639236199949,0.406989905616182,0.407041630309336,0.454290929508767,0.439910452914584,0.410756644185182,0.597019553511695,0.314483013035915,0.314380109059035,0.313152311682116,0.313285346371691,0.339841191409163,0.338769179895985,0.337411794317503,0.338299066737522,0.339042789079749,0.338792948645811,0.33877391188234,0.338754991981052,0.338423240004401,0.33813563658147,0.33427268400121,0.35784669065726,0.359341604412447,0.360186576178137,0.360501611758057,0.34152227971226,0.343897600112373,0.344302766833388,0.346023623064698,0.342147044999227,0.34932175355977,0.349257757104323,0.361145864408995,0.360951064528677,0.360989390434915,0.361369946611241,0.338827786266092,0.34359149471026,0.344808786334714,0.334609061053242,0.334609061053242,0.335358754250008,0.336871541380548,0.336871543760808,0.336833688572573,0.336852610180192,0.33557828866364,0.335792200773155,0.3356339187332,0.337176208933311,0.335658531729844,0.335677230281254,0.33421173674537,0.336908370633534,0.336908370633534,0.337004439750028,0.336519261923486,0.336481016329528,0.336461857627898,0.334460293946513,0.340081744325117,0.342572353067928,0.34278214451652,0.345597048640107,0.34624903036938,0.345279346996471,0.345216825944,0.347991701586893,0.347795332240297,0.350150885696214,0.346774545479555,0.348006152993785,0.350681515799585,0.350759792842393,0.350996710785258,0.351770550347257,0.353042299504922,0.352737970795132,0.352883949340768,0.352916832595193,0.35279824572778,0.352373852367341,0.35270141449779,0.352833579460289,0.351133282599144,0.352763706586418,0.350409114239501,0.350858844095374,0.349993486818902,0.348575197574891,0.344720462442176,0.331268604911105,0.334047874055854,0.335830090016321,0.375358906030324,0.382362973923453,0.385641665677826,0.385641665677826,0.390413282909989,0.372671601286024,0.358548888252692,0.362334549390018,0.36235309365467,0.362966854137467,0.512623580782784,0.468553025242774,0.343917510861578,0.0318528479854128,0.0318006752440859,0.0424582059453814,0.0449816052128341,0.0444187087152939,0.0446598964868457,0.0450145035948178,0.0512044954879262,0.0450053482673188,0.0455166967558539,0.0476256876545055,0.0451095574298785,0.0467451129001041,0.0467451129001041,0.0468465295727068,0.0468848099672192,0.0468387930954907,0.0479045437781904,0.0455191395339378,0.0475412496231058,0.045640614488874,0.045640614488874,0.0492934167891173,0.0492934167891173,0.0459772639373335,0.0459772639373335,0.0395216867039339,0.014201619525965,0,0.00241594060493893,0.0253964186761453,0.0362366112345545,0.0360208073772389,0.0360490161443703,0.0297289736912846,0.0298761945751218,0.0298964635535175,0.0310046056558986,0.0385937086764928,0.0386143401714154,0.0665370085055216,0.07985062346631,0.0816926688635793,0.0659518909436172,0.795549063336044,0.564395197314634,0.562597232131801,0.556153022606248,0.53546837546513,0.53546845286661,0.527829143156763,0.527889790628842,0.5427773940473,0.549321071141981,0.551648123302499,0.543695614311937,0.548938436209685,0.551133782783623,0.522082439389258,0.544302358862491,0.544181284737671,0.54937102885026,0.533079881141014,0.535294548991236,0.535956197689282,0.530459475522365
"MK962339.1",0.386065876245738,0.385999936981602,0.382189589848199,0.376898016446301,0.375041786704489,0.39162195057857,0.394260341229726,0.394279176416686,0.418765835865279,0.399687410194998,0.401485286032032,0.401529786405446,0.398146017611158,0.400641824340823,0.395718640457226,0.387254389718962,0.456343019020704,0.453376704109723,0.464943915748078,0.44646326392876,0.431374446602505,0.440372255953074,0.440420505064552,0.436813786025228,0.405563484054783,0.404975363063098,0.404430522547032,0.415719769411866,0.415787663271281,0.415697157712357,0.389539561656567,0.408607050345762,0.40643123228849,0.466623037712322,0.466105752596246,0.434373278265166,0.438082532039891,0.442347869892177,0.44447526245494,0.449879461261703,0.44978247951609,0.463878859728604,0.46689760717343,0.467600580160197,0.445206069074063,0.443578799304632,0.439017641556917,0.433133197411058,0.437091839642685,0.406442509058918,0.406494233752072,0.453743532951503,0.43936305635732,0.410209247627918,0.596472156954431,0.313935616478651,0.313832712501771,0.312604915124852,0.312737949814427,0.339293794851899,0.338221783338721,0.336864397760239,0.337751670180258,0.338495392522485,0.338245552088547,0.338226515325076,0.338207595423788,0.337875843447137,0.337588240024206,0.333725287443945,0.357299294099995,0.358794207855183,0.359639179620873,0.359954215200793,0.340974883154996,0.343350203555109,0.343755370276124,0.345476226507433,0.341599648441963,0.348774357002506,0.348710360547059,0.360598467851731,0.360403667971413,0.360441993877651,0.360822550053977,0.338280389708828,0.343044098152996,0.34426138977745,0.334061664495978,0.334061664495978,0.334811357692744,0.336324144823284,0.336324147203544,0.336286292015308,0.336305213622928,0.335030892106376,0.33524480421589,0.335086522175936,0.336628812376047,0.33511113517258,0.33512983372399,0.333664340188106,0.33636097407627,0.33636097407627,0.336457043192764,0.335971865366222,0.335933619772264,0.335914461070634,0.333912897389249,0.339534347767853,0.342024956510664,0.342234747959256,0.345049652082843,0.345701633812116,0.344731950439207,0.344669429386736,0.347444305029629,0.347247935683033,0.34960348913895,0.34622714892229,0.347458756436521,0.350134119242321,0.350212396285129,0.350449314227994,0.351223153789993,0.352494902947658,0.352190574237868,0.352336552783503,0.352369436037929,0.352250849170516,0.351826455810077,0.352154017940526,0.352286182903024,0.35058588604188,0.352216310029154,0.349861717682237,0.35031144753811,0.349446090261638,0.348027801017627,0.344173065884912,0.330721208353841,0.33350047749859,0.335282693459057,0.37481150947306,0.381815577366189,0.385094269120562,0.385094269120562,0.389865886352725,0.37212420472876,0.358001491695428,0.361787152832754,0.361805697097406,0.362419457580203,0.51207618422552,0.46800562868551,0.343370114304314,0.0313054514281487,0.0312532786868218,0.0419108093881173,0.04443420865557,0.0438713121580298,0.0441124999295816,0.0444671070375537,0.0506570989306621,0.0444579517100547,0.0449693001985898,0.0470782910972414,0.0445621608726144,0.0461977163428401,0.0461977163428401,0.0462991330154427,0.0463374134099551,0.0462913965382266,0.0473571472209263,0.0449717429766738,0.0469938530658418,0.04509321793161,0.04509321793161,0.0487460202318532,0.0487460202318532,0.0454298673800694,0.0454298673800694,0.0389742901466698,0.0136542229687009,0.00241594060493893,0,0.0248490221188812,0.0356892146772904,0.0354734108199748,0.0355016195871062,0.0291815771340205,0.0293287980178577,0.0293490669962535,0.0304572090986345,0.0380463121192287,0.0380669436141513,0.0659896119482575,0.079303226909046,0.0811452723063153,0.0654044943863532,0.79500166677878,0.56384780075737,0.562049835574537,0.555605626048984,0.534920978907866,0.534921056309345,0.527281746599499,0.527342394071578,0.542229997490036,0.548773674584717,0.551100726745235,0.543148217754673,0.548391039652421,0.550586386226359,0.521535042831994,0.543754962305227,0.543633888180407,0.548823632292996,0.53253248458375,0.534747152433972,0.535408801132018,0.529912078965101
"MK962340.1",0.385987026420509,0.385921087156373,0.38211074002297,0.376819166621072,0.37496293687926,0.391543100753341,0.394181491404497,0.394200326591457,0.41868698604005,0.399608560369769,0.401406436206803,0.401450936580217,0.398067167785929,0.400562974515594,0.395639790631997,0.387175539893733,0.456264169195475,0.453297854284494,0.464865065922849,0.446384414103531,0.431295596777276,0.440293406127845,0.440341655239323,0.436734936199999,0.405484634229554,0.404896513237869,0.404351672721803,0.415640919586637,0.415708813446052,0.415618307887128,0.389460711831338,0.408528200520533,0.40635238246326,0.466544187887093,0.466026902771016,0.434294428439937,0.438003682214662,0.442269020066948,0.44439641262971,0.449800611436474,0.449703629690861,0.463800009903375,0.466818757348201,0.467521730334967,0.445127219248834,0.443499949479403,0.438938791731688,0.433054347585829,0.437012989817456,0.406363659233689,0.406415383926843,0.453664683126274,0.439284206532091,0.410130397802689,0.596393307129201,0.313856766653422,0.313753862676542,0.312526065299623,0.312659099989198,0.33921494502667,0.338142933513492,0.33678554793501,0.337672820355029,0.338416542697256,0.338166702263318,0.338147665499847,0.338128745598559,0.337796993621908,0.337509390198977,0.333646437618716,0.357220444274766,0.358715358029954,0.359560329795644,0.359875365375564,0.340896033329767,0.34327135372988,0.343676520450895,0.345397376682204,0.341520798616734,0.348695507177277,0.34863151072183,0.360519618026502,0.360324818146184,0.360363144052422,0.360743700228748,0.338201539883599,0.342965248327767,0.344182539952221,0.333982814670749,0.333982814670749,0.334732507867515,0.336245294998055,0.336245297378315,0.33620744219008,0.336226363797699,0.334952042281147,0.335165954390662,0.335007672350707,0.336549962550818,0.335032285347351,0.335050983898761,0.333585490362877,0.336282124251041,0.336282124251041,0.336378193367535,0.335893015540993,0.335854769947035,0.335835611245405,0.33383404756402,0.339455497942624,0.341946106685435,0.342155898134027,0.344970802257614,0.345622783986887,0.344653100613978,0.344590579561507,0.3473654552044,0.347169085857804,0.349524639313721,0.346148299097062,0.347379906611292,0.350055269417092,0.3501335464599,0.350370464402765,0.351144303964764,0.352416053122429,0.352111724412639,0.352257702958274,0.3522905862127,0.352171999345287,0.351747605984848,0.352075168115297,0.352207333077795,0.350507036216651,0.352137460203925,0.349782867857008,0.350232597712881,0.349367240436409,0.347948951192398,0.344094216059683,0.330642358528612,0.333421627673361,0.335203843633828,0.374732659647831,0.38173672754096,0.385015419295333,0.385015419295333,0.389787036527496,0.372045354903531,0.357922641870199,0.361708303007525,0.361726847272177,0.362340607754974,0.511997334400291,0.467926778860281,0.343291264479085,0.0312266016029197,0.0311744288615927,0.0418319595628883,0.0443553588303409,0.0437924623328007,0.0440336501043525,0.0443882572123247,0.050578249105433,0.0443791018848257,0.0448904503733607,0.0469994412720124,0.0444833110473854,0.046118866517611,0.046118866517611,0.0462202831902137,0.046258563584726,0.0462125467129975,0.0472782973956972,0.0448928931514447,0.0469150032406127,0.0450143681063809,0.0450143681063809,0.0486671704066242,0.0486671704066242,0.0453510175548403,0.0453510175548403,0.0388954403214407,0.0240322370957449,0.0253964186761453,0.0248490221188812,0,0.0356103648520613,0.0353945609947458,0.0354227697618771,0.0291027273087915,0.0292499481926286,0.0292702171710244,0.0303783592734055,0.0379674622939996,0.0379880937889222,0.0659107621230284,0.0792243770838169,0.0810664224810862,0.0653256445611241,0.794922816953551,0.563768950932141,0.561970985749308,0.555526776223755,0.534842129082637,0.534842206484116,0.52720289677427,0.527263544246349,0.542151147664806,0.548694824759488,0.551021876920006,0.543069367929444,0.548312189827192,0.55050753640113,0.521456193006765,0.543676112479998,0.543555038355178,0.548744782467767,0.532453634758521,0.534668302608743,0.535329951306789,0.529833229139872
"LC215881.1",0.38597604903235,0.385910109768215,0.382099762634812,0.376808189232914,0.374951959491102,0.391532123365182,0.394170514016339,0.394189349203299,0.418676008651892,0.39959758298161,0.401395458818645,0.401439959192059,0.398056190397771,0.400551997127435,0.395628813243839,0.387164562505575,0.456253191807317,0.453286876896336,0.464854088534691,0.446373436715373,0.431284619389118,0.440282428739687,0.440330677851165,0.436723958811841,0.405473656841396,0.40488553584971,0.404340695333644,0.415629942198479,0.415697836057894,0.41560733049897,0.38944973444318,0.408517223132375,0.406341405075102,0.466533210498934,0.466015925382858,0.434283451051779,0.437992704826504,0.442258042678789,0.444385435241552,0.449789634048316,0.449692652302703,0.463789032515216,0.466807779960043,0.467510752946809,0.445116241860675,0.443488972091245,0.438927814343529,0.433043370197671,0.437002012429298,0.406352681845531,0.406404406538685,0.453653705738116,0.439273229143933,0.41011942041453,0.596382329741043,0.313845789265264,0.313742885288384,0.312515087911465,0.31264812260104,0.339203967638512,0.338131956125333,0.336774570546851,0.337661842966871,0.338405565309098,0.338155724875159,0.338136688111689,0.3381177682104,0.33778601623375,0.337498412810819,0.333635460230558,0.357209466886608,0.358704380641796,0.359549352407485,0.359864387987406,0.340885055941608,0.343260376341722,0.343665543062737,0.345386399294046,0.341509821228575,0.348684529789119,0.348620533333672,0.360508640638344,0.360313840758026,0.360352166664264,0.36073272284059,0.338190562495441,0.342954270939609,0.344171562564062,0.333971837282591,0.333971837282591,0.334721530479357,0.336234317609896,0.336234319990157,0.336196464801921,0.336215386409541,0.334941064892989,0.335154977002503,0.334996694962548,0.33653898516266,0.335021307959193,0.335040006510603,0.333574512974719,0.336271146862882,0.336271146862882,0.336367215979377,0.335882038152835,0.335843792558877,0.335824633857247,0.333823070175862,0.339444520554466,0.341935129297276,0.342144920745869,0.344959824869456,0.345611806598729,0.34464212322582,0.344579602173348,0.347354477816242,0.347158108469646,0.349513661925563,0.346137321708903,0.347368929223134,0.350044292028934,0.350122569071741,0.350359487014606,0.351133326576606,0.352405075734271,0.35210074702448,0.352246725570116,0.352279608824541,0.352161021957129,0.35173662859669,0.352064190727139,0.352196355689637,0.350496058828493,0.352126482815766,0.34977189046885,0.350221620324723,0.349356263048251,0.34793797380424,0.344083238671524,0.330631381140454,0.333410650285203,0.335192866245669,0.374721682259672,0.381725750152802,0.385004441907175,0.385004441907175,0.389776059139337,0.372034377515372,0.357911664482041,0.361697325619367,0.361715869884018,0.362329630366816,0.511986357012133,0.467915801472123,0.343280287090927,0.0348638383766755,0.0348116656353486,0.0454691963366441,0.0479925956040968,0.0474296991065566,0.0476708868781084,0.0480254939860805,0.0542154858791889,0.0480163386585815,0.0485276871471166,0.0506366780457682,0.0481205478211412,0.0497561032913669,0.0497561032913669,0.0498575199639695,0.0498958003584819,0.0498497834867534,0.0509155341694531,0.0485301299252006,0.0505522400143686,0.0486516048801368,0.0486516048801368,0.05230440718038,0.05230440718038,0.0489882543285962,0.0489882543285962,0.0425326770951966,0.034872429654154,0.0362366112345545,0.0356892146772904,0.0356103648520613,0,0.00100243888191316,0.0146855985042439,0.0290917499206332,0.0292389708044704,0.0292592397828661,0.0303673818852472,0.0379564849058414,0.037977116400764,0.0658997847348702,0.0792133996956587,0.081055445092928,0.0653146671729658,0.794911839565393,0.563757973543983,0.561960008361149,0.555515798835597,0.534831151694478,0.534831229095958,0.527191919386112,0.527252566858191,0.542140170276648,0.54868384737133,0.551010899531848,0.543058390541286,0.548301212439033,0.550496559012972,0.521445215618607,0.54366513509184,0.543544060967019,0.548733805079609,0.532442657370363,0.534657325220585,0.535318973918631,0.529822251751714
"LC215884.1",0.385760245175035,0.385694305910899,0.381883958777496,0.376592385375598,0.374736155633786,0.391316319507867,0.393954710159023,0.393973545345984,0.418460204794577,0.399381779124295,0.40117965496133,0.401224155334743,0.397840386540455,0.40033619327012,0.395413009386523,0.386948758648259,0.456037387950002,0.45307107303902,0.464638284677375,0.446157632858057,0.431068815531802,0.440066624882371,0.440114873993849,0.436508154954525,0.40525785298408,0.404669731992395,0.404124891476329,0.415414138341164,0.415482032200578,0.415391526641654,0.389233930585864,0.408301419275059,0.406125601217787,0.466317406641619,0.465800121525543,0.434067647194463,0.437776900969188,0.442042238821474,0.444169631384237,0.449573830191,0.449476848445387,0.463573228657901,0.466591976102727,0.467294949089494,0.44490043800336,0.443273168233929,0.438712010486214,0.432827566340355,0.436786208571982,0.406136877988216,0.406188602681369,0.4534379018808,0.439057425286617,0.409903616557215,0.596166525883728,0.313629985407948,0.313527081431068,0.31229928405415,0.312432318743724,0.338988163781196,0.337916152268018,0.336558766689536,0.337446039109555,0.338189761451782,0.337939921017844,0.337920884254373,0.337901964353085,0.337570212376434,0.337282608953503,0.333419656373243,0.356993663029293,0.35848857678448,0.35933354855017,0.35964858413009,0.340669252084293,0.343044572484406,0.343449739205421,0.345170595436731,0.34129401737126,0.348468725931803,0.348404729476356,0.360292836781028,0.36009803690071,0.360136362806948,0.360516918983274,0.337974758638125,0.342738467082293,0.343955758706747,0.333756033425275,0.333756033425275,0.334505726622041,0.336018513752581,0.336018516132841,0.335980660944606,0.335999582552225,0.334725261035673,0.334939173145188,0.334780891105233,0.336323181305344,0.334805504101878,0.334824202653287,0.333358709117403,0.336055343005567,0.336055343005567,0.336151412122061,0.335666234295519,0.335627988701561,0.335608829999931,0.333607266318546,0.33922871669715,0.341719325439961,0.341929116888553,0.34474402101214,0.345396002741413,0.344426319368504,0.344363798316033,0.347138673958927,0.34694230461233,0.349297858068248,0.345921517851588,0.347153125365818,0.349828488171618,0.349906765214426,0.350143683157291,0.35091752271929,0.352189271876955,0.351884943167165,0.352030921712801,0.352063804967226,0.351945218099813,0.351520824739374,0.351848386869823,0.351980551832322,0.350280254971177,0.351910678958451,0.349556086611534,0.350005816467408,0.349140459190935,0.347722169946924,0.343867434814209,0.330415577283138,0.333194846427887,0.334977062388354,0.374505878402357,0.381509946295487,0.384788638049859,0.384788638049859,0.389560255282022,0.371818573658057,0.357695860624725,0.361481521762052,0.361500066026703,0.3621138265095,0.511770553154817,0.467699997614807,0.343064483233611,0.03464803451936,0.034595861778033,0.0452533924793286,0.0477767917467812,0.047213895249241,0.0474550830207928,0.047809690128765,0.0539996820218734,0.047800534801266,0.048311883289801,0.0504208741884527,0.0479047439638257,0.0495402994340513,0.0495402994340513,0.049641716106654,0.0496799965011663,0.0496339796294378,0.0506997303121375,0.048314326067885,0.050336436157053,0.0484358010228212,0.0484358010228212,0.0520886033230645,0.0520886033230645,0.0487724504712806,0.0487724504712806,0.042316873237881,0.0346566257968385,0.0360208073772389,0.0354734108199748,0.0353945609947458,0.00100243888191316,0,0.0144697946469283,0.0288759460633177,0.0290231669471548,0.0290434359255506,0.0301515780279316,0.0377406810485258,0.0377613125434484,0.0656839808775546,0.0789975958383431,0.0808396412356124,0.0650988633156503,0.794696035708077,0.563542169686667,0.561744204503834,0.555299994978282,0.534615347837163,0.534615425238643,0.526976115528796,0.527036763000875,0.541924366419333,0.548468043514014,0.550795095674532,0.542842586683971,0.548085408581718,0.550280755155656,0.521229411761292,0.543449331234524,0.543328257109704,0.548518001222293,0.532226853513047,0.534441521363269,0.535103170061315,0.529606447894398
"LC215883.1",0.385788453942166,0.385722514678031,0.381912167544628,0.376620594142729,0.374764364400918,0.391344528274998,0.393982918926155,0.394001754113115,0.418488413561708,0.399409987891426,0.401207863728461,0.401252364101874,0.397868595307586,0.400364402037251,0.395441218153654,0.38697696741539,0.456065596717133,0.453099281806151,0.464666493444507,0.446185841625188,0.431097024298934,0.440094833649502,0.440143082760981,0.436536363721657,0.405286061751212,0.404697940759526,0.40415310024346,0.415442347108295,0.415510240967709,0.415419735408785,0.389262139352996,0.40832962804219,0.406153809984918,0.46634561540875,0.465828330292674,0.434095855961594,0.437805109736319,0.442070447588605,0.444197840151368,0.449602038958132,0.449505057212518,0.463601437425032,0.466620184869858,0.467323157856625,0.444928646770491,0.443301377001061,0.438740219253345,0.432855775107487,0.436814417339114,0.406165086755347,0.406216811448501,0.453466110647932,0.439085634053749,0.409931825324346,0.596194734650859,0.31365819417508,0.313555290198199,0.312327492821281,0.312460527510855,0.339016372548328,0.337944361035149,0.336586975456667,0.337474247876687,0.338217970218914,0.337968129784975,0.337949093021505,0.337930173120216,0.337598421143566,0.337310817720635,0.333447865140374,0.357021871796424,0.358516785551612,0.359361757317301,0.359676792897221,0.340697460851424,0.343072781251538,0.343477947972553,0.345198804203862,0.341322226138391,0.348496934698935,0.348432938243488,0.36032104554816,0.360126245667842,0.36016457157408,0.360545127750405,0.338002967405257,0.342766675849425,0.343983967473878,0.333784242192407,0.333784242192407,0.334533935389172,0.336046722519712,0.336046724899973,0.336008869711737,0.336027791319357,0.334753469802805,0.334967381912319,0.334809099872364,0.336351390072476,0.334833712869009,0.334852411420419,0.333386917884534,0.336083551772698,0.336083551772698,0.336179620889192,0.335694443062651,0.335656197468693,0.335637038767063,0.333635475085677,0.339256925464281,0.341747534207092,0.341957325655685,0.344772229779272,0.345424211508544,0.344454528135635,0.344392007083164,0.347166882726058,0.346970513379462,0.349326066835379,0.345949726618719,0.347181334132949,0.34985669693875,0.349934973981557,0.350171891924422,0.350945731486421,0.352217480644087,0.351913151934296,0.352059130479932,0.352092013734357,0.351973426866945,0.351549033506506,0.351876595636955,0.352008760599453,0.350308463738308,0.351938887725582,0.349584295378666,0.350034025234539,0.349168667958066,0.347750378714056,0.34389564358134,0.33044378605027,0.333223055195019,0.335005271155485,0.374534087169488,0.381538155062618,0.384816846816991,0.384816846816991,0.389588464049153,0.371846782425188,0.357724069391857,0.361509730529183,0.361528274793834,0.362142035276632,0.511798761921949,0.467728206381938,0.343092692000743,0.0346762432864913,0.0346240705451644,0.0452816012464599,0.0478050005139126,0.0472421040163724,0.0474832917879242,0.0478378988958963,0.0540278907890047,0.0478287435683973,0.0483400920569324,0.050449082955584,0.047932952730957,0.0495685082011826,0.0495685082011826,0.0496699248737853,0.0497082052682977,0.0496621883965692,0.0507279390792689,0.0483425348350163,0.0503646449241843,0.0484640097899525,0.0484640097899525,0.0521168120901958,0.0521168120901958,0.048800659238412,0.048800659238412,0.0423450820050124,0.0346848345639698,0.0360490161443703,0.0355016195871062,0.0354227697618771,0.0146855985042439,0.0144697946469283,0,0.028904154830449,0.0290513757142862,0.0290716446926819,0.030179786795063,0.0377688898156571,0.0377895213105798,0.065712189644686,0.0790258046054744,0.0808678500027437,0.0651270720827816,0.794724244475208,0.563570378453798,0.561772413270965,0.555328203745413,0.534643556604294,0.534643634005774,0.527004324295927,0.527064971768007,0.541952575186464,0.548496252281146,0.550823304441664,0.542870795451102,0.548113617348849,0.550308963922788,0.521257620528423,0.543477540001655,0.543356465876835,0.548546209989424,0.532255062280179,0.5344697301304,0.535131378828447,0.529634656661529
"KT922087.1",0.3759275838936,0.375861644629465,0.372051297496062,0.366759724094163,0.364903494352352,0.381483658226432,0.384122048877589,0.384140884064549,0.408627543513142,0.38954911784286,0.391346993679895,0.391391494053308,0.38800772525902,0.390503531988685,0.385580348105088,0.377116097366824,0.446204726668567,0.443238411757585,0.45480562339594,0.436324971576622,0.421236154250368,0.430233963600936,0.430282212712415,0.426675493673091,0.395425191702645,0.39483707071096,0.394292230194894,0.405581477059729,0.405649370919143,0.405558865360219,0.37940126930443,0.398468757993624,0.396292939936352,0.456484745360184,0.455967460244108,0.424234985913028,0.427944239687753,0.432209577540039,0.434336970102802,0.439741168909565,0.439644187163952,0.453740567376466,0.456759314821292,0.457462287808059,0.435067776721925,0.433440506952495,0.428879349204779,0.42299490505892,0.426953547290547,0.396304216706781,0.396355941399934,0.443605240599365,0.429224764005182,0.40007095527578,0.586333864602293,0.303797324126514,0.303694420149633,0.302466622772715,0.302599657462289,0.329155502499762,0.328083490986583,0.326726105408101,0.32761337782812,0.328357100170348,0.328107259736409,0.328088222972938,0.32806930307165,0.327737551095,0.327449947672069,0.323586995091808,0.347161001747858,0.348655915503045,0.349500887268735,0.349815922848655,0.330836590802858,0.333211911202971,0.333617077923987,0.335337934155296,0.331461356089825,0.338636064650369,0.338572068194922,0.350460175499593,0.350265375619275,0.350303701525514,0.350684257701839,0.328142097356691,0.332905805800858,0.334123097425312,0.323923372143841,0.323923372143841,0.324673065340606,0.326185852471146,0.326185854851406,0.326147999663171,0.32616692127079,0.324892599754239,0.325106511863753,0.324948229823798,0.32649052002391,0.324972842820443,0.324991541371853,0.323526047835968,0.326222681724132,0.326222681724132,0.326318750840626,0.325833573014085,0.325795327420126,0.325776168718496,0.323774605037111,0.329396055415715,0.331886664158526,0.332096455607119,0.334911359730706,0.335563341459978,0.334593658087069,0.334531137034598,0.337306012677492,0.337109643330895,0.339465196786813,0.336088856570153,0.337320464084383,0.339995826890184,0.340074103932991,0.340311021875856,0.341084861437855,0.34235661059552,0.34205228188573,0.342198260431366,0.342231143685791,0.342112556818379,0.34168816345794,0.342015725588389,0.342147890550887,0.340447593689742,0.342078017677016,0.3397234253301,0.340173155185973,0.3393077979095,0.337889508665489,0.334034773532774,0.320582916001704,0.323362185146453,0.325144401106919,0.364673217120922,0.371677285014052,0.374955976768425,0.374955976768425,0.379727594000587,0.361985912376622,0.34786319934329,0.351648860480617,0.351667404745268,0.352281165228065,0.501937891873383,0.457867336333372,0.333231821952177,0.0283562008334057,0.0283040280920787,0.0389615587933743,0.0414849580608269,0.0409220615632867,0.0411632493348385,0.0415178564428107,0.0477078483359191,0.0415087011153117,0.0420200496038467,0.0441290405024984,0.0416129102778714,0.043248465748097,0.043248465748097,0.0433498824206997,0.0433881628152121,0.0433421459434835,0.0444078966261832,0.0420224923819307,0.0440446024710987,0.0421439673368669,0.0421439673368669,0.0457967696371102,0.0457967696371102,0.0424806167853263,0.0424806167853263,0.0360250395519268,0.0283647921108842,0.0297289736912846,0.0291815771340205,0.0291027273087915,0.0290917499206332,0.0288759460633177,0.028904154830449,0,0.000181237787464608,0.000201506765860365,0.00609542523712834,0.027908019767091,0.0279286512620137,0.0558513195961198,0.0691649345569083,0.0710069799541776,0.0552662020342155,0.784863374426642,0.553709508405232,0.551911543222399,0.545467333696847,0.524782686555728,0.524782763957208,0.517143454247361,0.517204101719441,0.532091705137898,0.538635382232579,0.540962434393098,0.533009925402536,0.538252747300283,0.540448093874222,0.511396750479857,0.533616669953089,0.533495595828269,0.538685339940858,0.522394192231613,0.524608860081834,0.525270508779881,0.519773786612963
"KT922088.1",0.376074804777437,0.376008865513302,0.372198518379899,0.366906944978,0.365050715236189,0.381630879110269,0.384269269761426,0.384288104948386,0.408774764396979,0.389696338726697,0.391494214563732,0.391538714937145,0.388154946142857,0.390650752872522,0.385727568988925,0.377263318250661,0.446351947552404,0.443385632641422,0.454952844279778,0.43647219246046,0.421383375134205,0.430381184484774,0.430429433596252,0.426822714556928,0.395572412586483,0.394984291594797,0.394439451078731,0.405728697943566,0.40579659180298,0.405706086244057,0.379548490188267,0.398615978877461,0.396440160820189,0.456631966244021,0.456114681127945,0.424382206796865,0.42809146057159,0.432356798423876,0.434484190986639,0.439888389793403,0.439791408047789,0.453887788260303,0.456906535705129,0.457609508691896,0.435214997605762,0.433587727836332,0.429026570088616,0.423142125942758,0.427100768174385,0.396451437590618,0.396503162283772,0.443752461483203,0.42937198488902,0.400218176159617,0.58648108548613,0.303944545010351,0.30384164103347,0.302613843656552,0.302746878346126,0.329302723383599,0.32823071187042,0.326873326291938,0.327760598711958,0.328504321054185,0.328254480620246,0.328235443856776,0.328216523955487,0.327884771978837,0.327597168555906,0.323734215975645,0.347308222631695,0.348803136386883,0.349648108152572,0.349963143732492,0.330983811686695,0.333359132086809,0.333764298807824,0.335485155039133,0.331608576973662,0.338783285534206,0.338719289078759,0.350607396383431,0.350412596503113,0.350450922409351,0.350831478585676,0.328289318240528,0.333053026684696,0.334270318309149,0.324070593027678,0.324070593027678,0.324820286224443,0.326333073354983,0.326333075735244,0.326295220547008,0.326314142154628,0.325039820638076,0.32525373274759,0.325095450707635,0.326637740907747,0.32512006370428,0.32513876225569,0.323673268719805,0.326369902607969,0.326369902607969,0.326465971724463,0.325980793897922,0.325942548303964,0.325923389602334,0.323921825920948,0.329543276299552,0.332033885042363,0.332243676490956,0.335058580614543,0.335710562343815,0.334740878970906,0.334678357918435,0.337453233561329,0.337256864214733,0.33961241767065,0.33623607745399,0.33746768496822,0.340143047774021,0.340221324816828,0.340458242759693,0.341232082321692,0.342503831479358,0.342199502769567,0.342345481315203,0.342378364569628,0.342259777702216,0.341835384341777,0.342162946472226,0.342295111434724,0.340594814573579,0.342225238560853,0.339870646213937,0.34032037606981,0.339455018793337,0.338036729549327,0.334181994416611,0.320730136885541,0.32350940603029,0.325291621990756,0.364820438004759,0.371824505897889,0.375103197652262,0.375103197652262,0.379874814884424,0.362133133260459,0.348010420227128,0.351796081364454,0.351814625629105,0.352428386111903,0.50208511275722,0.458014557217209,0.333379042836014,0.0285034217172428,0.0284512489759159,0.0391087796772114,0.0416321789446641,0.0410692824471239,0.0413104702186757,0.0416650773266478,0.0478550692197562,0.0416559219991488,0.0421672704876839,0.0442762613863355,0.0417601311617085,0.0433956866319342,0.0433956866319342,0.0434971033045368,0.0435353836990492,0.0434893668273207,0.0445551175100204,0.0421697132657679,0.0441918233549359,0.0422911882207041,0.0422911882207041,0.0459439905209473,0.0459439905209473,0.0426278376691635,0.0426278376691635,0.0361722604357639,0.0285120129947214,0.0298761945751218,0.0293287980178577,0.0292499481926286,0.0292389708044704,0.0290231669471548,0.0290513757142862,0.000181237787464608,0,0.000140995871975757,0.00624264612096551,0.0280552406509282,0.0280758721458508,0.055998540479957,0.0693121554407455,0.0711542008380148,0.0554134229180527,0.785010595310479,0.55385672928907,0.552058764106236,0.545614554580684,0.524929907439565,0.524929984841045,0.517290675131198,0.517351322603278,0.532238926021735,0.538782603116417,0.541109655276935,0.533157146286373,0.53839996818412,0.540595314758059,0.511543971363694,0.533763890836927,0.533642816712106,0.538832560824695,0.52254141311545,0.524756080965671,0.525417729663718,0.5199210074968
"NC_000940.1",0.376095073755833,0.376029134491697,0.372218787358295,0.366927213956396,0.365070984214585,0.381651148088665,0.384289538739821,0.384308373926782,0.408795033375375,0.389716607705093,0.391514483542128,0.391558983915541,0.388175215121253,0.390671021850918,0.385747837967321,0.377283587229057,0.4463722165308,0.443405901619818,0.454973113258173,0.436492461438855,0.4214036441126,0.430401453463169,0.430449702574648,0.426842983535324,0.395592681564878,0.395004560573193,0.394459720057127,0.405748966921962,0.405816860781376,0.405726355222452,0.379568759166662,0.398636247855857,0.396460429798585,0.456652235222417,0.456134950106341,0.424402475775261,0.428111729549986,0.432377067402272,0.434504459965035,0.439908658771798,0.439811677026185,0.453908057238699,0.456926804683525,0.457629777670292,0.435235266584158,0.433607996814728,0.429046839067012,0.423162394921153,0.42712103715278,0.396471706569014,0.396523431262167,0.443772730461598,0.429392253867415,0.400238445138013,0.586501354464526,0.303964813988747,0.303861910011866,0.302634112634948,0.302767147324522,0.329322992361994,0.328250980848816,0.326893595270334,0.327780867690353,0.328524590032581,0.328274749598642,0.328255712835171,0.328236792933883,0.327905040957232,0.327617437534301,0.323754484954041,0.347328491610091,0.348823405365278,0.349668377130968,0.349983412710888,0.331004080665091,0.333379401065204,0.33378456778622,0.335505424017529,0.331628845952058,0.338803554512602,0.338739558057154,0.350627665361826,0.350432865481508,0.350471191387747,0.350851747564072,0.328309587218923,0.333073295663091,0.334290587287545,0.324090862006073,0.324090862006073,0.324840555202839,0.326353342333379,0.326353344713639,0.326315489525404,0.326334411133023,0.325060089616471,0.325274001725986,0.325115719686031,0.326658009886143,0.325140332682676,0.325159031234086,0.323693537698201,0.326390171586365,0.326390171586365,0.326486240702859,0.326001062876317,0.325962817282359,0.325943658580729,0.323942094899344,0.329563545277948,0.332054154020759,0.332263945469352,0.335078849592939,0.335730831322211,0.334761147949302,0.334698626896831,0.337473502539725,0.337277133193128,0.339632686649046,0.336256346432386,0.337487953946616,0.340163316752416,0.340241593795224,0.340478511738089,0.341252351300088,0.342524100457753,0.342219771747963,0.342365750293599,0.342398633548024,0.342280046680612,0.341855653320173,0.342183215450621,0.34231538041312,0.340615083551975,0.342245507539249,0.339890915192332,0.340340645048206,0.339475287771733,0.338056998527722,0.334202263395007,0.320750405863937,0.323529675008686,0.325311890969152,0.364840706983155,0.371844774876285,0.375123466630657,0.375123466630657,0.37989508386282,0.362153402238855,0.348030689205523,0.35181635034285,0.351834894607501,0.352448655090298,0.502105381735615,0.458034826195605,0.33339931181441,0.0285236906956386,0.0284715179543117,0.0391290486556072,0.0416524479230599,0.0410895514255197,0.0413307391970714,0.0416853463050436,0.047875338198152,0.0416761909775446,0.0421875394660797,0.0442965303647313,0.0417804001401043,0.0434159556103299,0.0434159556103299,0.0435173722829326,0.043555652677445,0.0435096358057165,0.0445753864884162,0.0421899822441636,0.0442120923333316,0.0423114571990998,0.0423114571990998,0.0459642594993431,0.0459642594993431,0.0426481066475592,0.0426481066475592,0.0361925294141597,0.0285322819731171,0.0298964635535175,0.0293490669962535,0.0292702171710244,0.0292592397828661,0.0290434359255506,0.0290716446926819,0.000201506765860365,0.000140995871975757,0,0.00626291509936126,0.028075509629324,0.0280961411242466,0.0560188094583528,0.0693324244191412,0.0711744698164105,0.0554336918964484,0.785030864288875,0.553876998267465,0.552079033084632,0.54563482355908,0.524950176417961,0.524950253819441,0.517310944109594,0.517371591581673,0.532259195000131,0.538802872094812,0.541129924255331,0.533177415264769,0.538420237162516,0.540615583736454,0.51156424034209,0.533784159815322,0.533663085690502,0.538852829803091,0.522561682093846,0.524776349944067,0.525437998642114,0.519941276475196
"KT945133.1",0.377203215858214,0.377137276594079,0.373326929460676,0.368035356058777,0.366179126316966,0.382759290191046,0.385397680842203,0.385416516029163,0.409903175477756,0.390824749807474,0.392622625644509,0.392667126017922,0.389283357223634,0.391779163953299,0.386855980069702,0.378391729331438,0.447480358633181,0.444514043722199,0.456081255360554,0.437600603541236,0.422511786214981,0.43150959556555,0.431557844677029,0.427951125637705,0.396700823667259,0.396112702675574,0.395567862159508,0.406857109024343,0.406925002883757,0.406834497324833,0.380676901269044,0.399744389958238,0.397568571900966,0.457760377324798,0.457243092208722,0.425510617877642,0.429219871652367,0.433485209504653,0.435612602067416,0.441016800874179,0.440919819128566,0.45501619934108,0.458034946785906,0.458737919772673,0.436343408686539,0.434716138917109,0.430154981169393,0.424270537023535,0.428229179255161,0.397579848671395,0.397631573364548,0.444880872563979,0.430500395969796,0.401346587240394,0.587609496566907,0.305072956091128,0.304970052114247,0.303742254737329,0.303875289426903,0.330431134464375,0.329359122951197,0.328001737372715,0.328889009792734,0.329632732134962,0.329382891701023,0.329363854937552,0.329344935036264,0.329013183059614,0.328725579636682,0.324862627056422,0.348436633712472,0.349931547467659,0.350776519233349,0.351091554813269,0.332112222767472,0.334487543167585,0.334892709888601,0.33661356611991,0.332736988054439,0.339911696614983,0.339847700159536,0.351735807464207,0.351541007583889,0.351579333490128,0.351959889666453,0.329417729321304,0.334181437765472,0.335398729389926,0.325199004108454,0.325199004108454,0.32594869730522,0.32746148443576,0.32746148681602,0.327423631627785,0.327442553235404,0.326168231718852,0.326382143828367,0.326223861788412,0.327766151988524,0.326248474785057,0.326267173336467,0.324801679800582,0.327498313688746,0.327498313688746,0.32759438280524,0.327109204978698,0.32707095938474,0.32705180068311,0.325050237001725,0.330671687380329,0.33316229612314,0.333372087571733,0.33618699169532,0.336838973424592,0.335869290051683,0.335806768999212,0.338581644642106,0.338385275295509,0.340740828751427,0.337364488534767,0.338596096048997,0.341271458854797,0.341349735897605,0.34158665384047,0.342360493402469,0.343632242560134,0.343327913850344,0.34347389239598,0.343506775650405,0.343388188782993,0.342963795422554,0.343291357553003,0.343423522515501,0.341723225654356,0.34335364964163,0.340999057294714,0.341448787150587,0.340583429874114,0.339165140630103,0.335310405497388,0.321858547966318,0.324637817111067,0.326420033071533,0.365948849085536,0.372952916978666,0.376231608733038,0.376231608733038,0.381003225965201,0.363261544341236,0.349138831307904,0.352924492445231,0.352943036709882,0.353556797192679,0.503213523837996,0.459142968297986,0.334507453916791,0.0296318327980197,0.0295796600566927,0.0402371907579882,0.0427605900254409,0.0421976935279007,0.0424388812994525,0.0427934884074247,0.048983480300533,0.0427843330799257,0.0432956815684607,0.0454046724671123,0.0428885422424854,0.044524097712711,0.044524097712711,0.0446255143853137,0.044663794779826,0.0446177779080975,0.0456835285907972,0.0432981243465447,0.0453202344357127,0.0434195993014809,0.0434195993014809,0.0470724016017241,0.0470724016017241,0.0437562487499403,0.0437562487499403,0.0373006715165407,0.0296404240754982,0.0310046056558986,0.0304572090986345,0.0303783592734055,0.0303673818852472,0.0301515780279316,0.030179786795063,0.00609542523712834,0.00624264612096551,0.00626291509936126,0,0.029183651731705,0.0292042832266276,0.0571269515607338,0.0704405665215223,0.0722826119187916,0.0565418339988295,0.786139006391256,0.554985140369846,0.553187175187013,0.546742965661461,0.526058318520342,0.526058395921822,0.518419086211975,0.518479733684055,0.533367337102512,0.539911014197193,0.542238066357712,0.53428555736715,0.539528379264897,0.541723725838836,0.512672382444471,0.534892301917703,0.534771227792883,0.539960971905472,0.523669824196227,0.525884492046448,0.526546140744495,0.521049418577577
"LC215875.1",0.377827821395294,0.377761882131159,0.373951534997756,0.368659961595858,0.366803731854046,0.383383895728126,0.386022286379283,0.386041121566243,0.410527781014836,0.391449355344555,0.393247231181589,0.393291731555003,0.389907962760715,0.39240376949038,0.387480585606783,0.379016334868519,0.448104964170261,0.44513864925928,0.456705860897635,0.438225209078317,0.423136391752062,0.432134201102631,0.432182450214109,0.428575731174785,0.39732542920434,0.396737308212655,0.396192467696589,0.407481714561423,0.407549608420838,0.407459102861914,0.381301506806124,0.400368995495319,0.398193177438046,0.458384982861879,0.457867697745802,0.426135223414723,0.429844477189448,0.434109815041734,0.436237207604496,0.44164140641126,0.441544424665647,0.455640804878161,0.458659552322987,0.459362525309753,0.43696801422362,0.435340744454189,0.430779586706474,0.424895142560615,0.428853784792242,0.398204454208475,0.398256178901629,0.44550547810106,0.431125001506877,0.401971192777475,0.588234102103988,0.305697561628208,0.305594657651328,0.304366860274409,0.304499894963984,0.331055740001456,0.329983728488278,0.328626342909795,0.329513615329815,0.330257337672042,0.330007497238104,0.329988460474633,0.329969540573345,0.329637788596694,0.329350185173763,0.325487232593502,0.349061239249552,0.35055615300474,0.351401124770429,0.35171616035035,0.332736828304553,0.335112148704666,0.335517315425681,0.33723817165699,0.33336159359152,0.340536302152063,0.340472305696616,0.352360413001288,0.35216561312097,0.352203939027208,0.352584495203534,0.330042334858385,0.334806043302553,0.336023334927007,0.325823609645535,0.325823609645535,0.326573302842301,0.328086089972841,0.328086092353101,0.328048237164865,0.328067158772485,0.326792837255933,0.327006749365447,0.326848467325493,0.328390757525604,0.326873080322137,0.326891778873547,0.325426285337663,0.328122919225827,0.328122919225827,0.328218988342321,0.327733810515779,0.327695564921821,0.327676406220191,0.325674842538806,0.33129629291741,0.333786901660221,0.333996693108813,0.3368115972324,0.337463578961673,0.336493895588764,0.336431374536292,0.339206250179186,0.33900988083259,0.341365434288507,0.337989094071847,0.339220701586078,0.341896064391878,0.341974341434686,0.342211259377551,0.34298509893955,0.344256848097215,0.343952519387425,0.34409849793306,0.344131381187486,0.344012794320073,0.343588400959634,0.343915963090083,0.344048128052581,0.342347831191437,0.34397825517871,0.341623662831794,0.342073392687667,0.341208035411195,0.339789746167184,0.335935011034468,0.322483153503398,0.325262422648147,0.327044638608614,0.366573454622616,0.373577522515746,0.376856214270119,0.376856214270119,0.381627831502282,0.363886149878317,0.349763436844985,0.353549097982311,0.353567642246963,0.35418140272976,0.503838129375077,0.459767573835067,0.335132059453871,0.0372209358186138,0.0371687630772869,0.0478262937785824,0.0503496930460351,0.0497867965484949,0.0500279843200467,0.0503825914280188,0.0565725833211272,0.0503734361005198,0.0508847845890549,0.0529937754877065,0.0504776452630795,0.0521132007333051,0.0521132007333051,0.0522146174059078,0.0522528978004202,0.0522068809286917,0.0532726316113914,0.0508872273671388,0.0529093374563068,0.051008702322075,0.051008702322075,0.0546615046223183,0.0546615046223183,0.0513453517705344,0.0513453517705344,0.0448897745371349,0.0372295270960923,0.0385937086764928,0.0380463121192287,0.0379674622939996,0.0379564849058414,0.0377406810485258,0.0377688898156571,0.027908019767091,0.0280552406509282,0.028075509629324,0.029183651731705,0,2.13378873828922e-05,0.0577515570978144,0.0710651720586029,0.0729072174558722,0.0571664395359101,0.786763611928337,0.555609745906927,0.553811780724094,0.547367571198541,0.526682924057423,0.526683001458902,0.519043691749056,0.519104339221135,0.533991942639592,0.540535619734274,0.542862671894792,0.53491016290423,0.540152984801978,0.542348331375916,0.513296987981551,0.535516907454784,0.535395833329964,0.540585577442553,0.524294429733307,0.526509097583529,0.527170746281575,0.521674024114658
"LC215876.1",0.377848452890217,0.377782513626082,0.373972166492679,0.36868059309078,0.366824363348969,0.383404527223049,0.386042917874206,0.386061753061166,0.410548412509759,0.391469986839477,0.393267862676512,0.393312363049925,0.389928594255637,0.392424400985302,0.387501217101705,0.379036966363441,0.448125595665184,0.445159280754202,0.456726492392558,0.438245840573239,0.423157023246985,0.432154832597554,0.432203081709032,0.428596362669708,0.397346060699263,0.396757939707577,0.396213099191511,0.407502346056346,0.40757023991576,0.407479734356837,0.381322138301047,0.400389626990241,0.398213808932969,0.458405614356801,0.457888329240725,0.426155854909645,0.42986510868437,0.434130446536656,0.436257839099419,0.441662037906183,0.441565056160569,0.455661436373083,0.45868018381791,0.459383156804676,0.436988645718542,0.435361375949112,0.430800218201396,0.424915774055538,0.428874416287165,0.398225085703398,0.398276810396552,0.445526109595983,0.4311456330018,0.401991824272397,0.58825473359891,0.305718193123131,0.30561528914625,0.304387491769332,0.304520526458906,0.331076371496379,0.3300043599832,0.328646974404718,0.329534246824738,0.330277969166965,0.330028128733026,0.330009091969556,0.329990172068267,0.329658420091617,0.329370816668686,0.325507864088425,0.349081870744475,0.350576784499663,0.351421756265352,0.351736791845272,0.332757459799475,0.335132780199588,0.335537946920604,0.337258803151913,0.333382225086442,0.340556933646986,0.340492937191539,0.352381044496211,0.352186244615893,0.352224570522131,0.352605126698456,0.330062966353308,0.334826674797476,0.336043966421929,0.325844241140458,0.325844241140458,0.326593934337223,0.328106721467763,0.328106723848024,0.328068868659788,0.328087790267408,0.326813468750856,0.32702738086037,0.326869098820415,0.328411389020527,0.32689371181706,0.32691241036847,0.325446916832585,0.328143550720749,0.328143550720749,0.328239619837243,0.327754442010702,0.327716196416744,0.327697037715114,0.325695474033728,0.331316924412333,0.333807533155143,0.334017324603736,0.336832228727323,0.337484210456595,0.336514527083686,0.336452006031215,0.339226881674109,0.339030512327513,0.34138606578343,0.33800972556677,0.339241333081,0.341916695886801,0.341994972929608,0.342231890872473,0.343005730434473,0.344277479592138,0.343973150882347,0.344119129427983,0.344152012682408,0.344033425814996,0.343609032454557,0.343936594585006,0.344068759547504,0.342368462686359,0.343998886673633,0.341644294326717,0.34209402418259,0.341228666906117,0.339810377662107,0.335955642529391,0.322503784998321,0.32528305414307,0.327065270103536,0.366594086117539,0.373598154010669,0.376876845765042,0.376876845765042,0.381648462997204,0.363906781373239,0.349784068339908,0.353569729477234,0.353588273741885,0.354202034224683,0.50385876087,0.459788205329989,0.335152690948794,0.0372415673135364,0.0371893945722095,0.047846925273505,0.0503703245409577,0.0498074280434175,0.0500486158149693,0.0504032229229414,0.0565932148160498,0.0503940675954424,0.0509054160839775,0.0530144069826291,0.0504982767580021,0.0521338322282278,0.0521338322282278,0.0522352489008304,0.0522735292953428,0.0522275124236143,0.053293263106314,0.0509078588620615,0.0529299689512295,0.0510293338169977,0.0510293338169977,0.0546821361172409,0.0546821361172409,0.0513659832654571,0.0513659832654571,0.0449104060320575,0.037250158591015,0.0386143401714154,0.0380669436141513,0.0379880937889222,0.037977116400764,0.0377613125434484,0.0377895213105798,0.0279286512620137,0.0280758721458508,0.0280961411242466,0.0292042832266276,2.13378873828922e-05,0,0.057772188592737,0.0710858035535255,0.0729278489507948,0.0571870710308327,0.786784243423259,0.55563037740185,0.553832412219016,0.547388202693464,0.526703555552345,0.526703632953825,0.519064323243978,0.519124970716058,0.534012574134515,0.540556251229197,0.542883303389715,0.534930794399153,0.5401736162969,0.542368962870839,0.513317619476474,0.535537538949707,0.535416464824886,0.540606208937475,0.52431506122823,0.526529729078452,0.527191377776498,0.52169465560958
"LC215874.1",0.38289011331759,0.382824174053455,0.379013826920052,0.373722253518154,0.371866023776342,0.388446187650422,0.391084578301579,0.391103413488539,0.415590072937132,0.39651164726685,0.398309523103885,0.398354023477299,0.394970254683011,0.397466061412675,0.392542877529079,0.384078626790815,0.453167256092557,0.450200941181576,0.461768152819931,0.443287501000613,0.428198683674358,0.437196493024927,0.437244742136405,0.433638023097081,0.402387721126636,0.40179960013495,0.401254759618884,0.412544006483719,0.412611900343134,0.41252139478421,0.38636379872842,0.405431287417615,0.403255469360342,0.463447274784174,0.462929989668098,0.431197515337019,0.434906769111744,0.439172106964029,0.441299499526792,0.446703698333556,0.446606716587943,0.460703096800456,0.463721844245283,0.464424817232049,0.442030306145915,0.440403036376485,0.435841878628769,0.429957434482911,0.433916076714538,0.403266746130771,0.403318470823925,0.450567770023356,0.436187293429173,0.40703348469977,0.593296394026283,0.310759853550504,0.310656949573624,0.309429152196705,0.30956218688628,0.336118031923752,0.335046020410574,0.333688634832091,0.334575907252111,0.335319629594338,0.335069789160399,0.335050752396929,0.335031832495641,0.33470008051899,0.334412477096059,0.330549524515798,0.354123531171848,0.355618444927036,0.356463416692725,0.356778452272646,0.337799120226848,0.340174440626962,0.340579607347977,0.342300463579286,0.338423885513815,0.345598594074359,0.345534597618912,0.357422704923584,0.357227905043266,0.357266230949504,0.35764678712583,0.335104626780681,0.339868335224849,0.341085626849302,0.330885901567831,0.330885901567831,0.331635594764597,0.333148381895137,0.333148384275397,0.333110529087161,0.333129450694781,0.331855129178229,0.332069041287743,0.331910759247789,0.3334530494479,0.331935372244433,0.331954070795843,0.330488577259959,0.333185211148122,0.333185211148122,0.333281280264617,0.332796102438075,0.332757856844117,0.332738698142487,0.330737134461102,0.336358584839706,0.338849193582517,0.339058985031109,0.341873889154696,0.342525870883969,0.34155618751106,0.341493666458588,0.344268542101482,0.344072172754886,0.346427726210803,0.343051385994143,0.344282993508374,0.346958356314174,0.347036633356981,0.347273551299846,0.348047390861846,0.349319140019511,0.34901481130972,0.349160789855356,0.349193673109781,0.349075086242369,0.34865069288193,0.348978255012379,0.349110419974877,0.347410123113733,0.349040547101006,0.34668595475409,0.347135684609963,0.346270327333491,0.34485203808948,0.340997302956764,0.327545445425694,0.330324714570443,0.33210693053091,0.371635746544912,0.378639814438042,0.381918506192415,0.381918506192415,0.386690123424577,0.368948441800613,0.354825728767281,0.358611389904607,0.358629934169258,0.359243694652056,0.508900421297373,0.464829865757363,0.340194351376167,0.0651642356476426,0.0651120629063157,0.0757695936076112,0.0782929928750639,0.0777300963775237,0.0779712841490755,0.0783258912570476,0.084515883150156,0.0783167359295486,0.0788280844180837,0.0809370753167353,0.0784209450921083,0.080056500562334,0.080056500562334,0.0801579172349366,0.080196197629449,0.0801501807577205,0.0812159314404202,0.0788305271961676,0.0808526372853357,0.0789520021511039,0.0789520021511039,0.0826048044513471,0.0826048044513471,0.0792886515995633,0.0792886515995633,0.0728330743661637,0.0651728269251211,0.0665370085055216,0.0659896119482575,0.0659107621230284,0.0658997847348702,0.0656839808775546,0.065712189644686,0.0558513195961198,0.055998540479957,0.0560188094583528,0.0571269515607338,0.0577515570978144,0.057772188592737,0,0.0189496200295111,0.0207916654267804,0.0160005691758969,0.791825903850633,0.560672037829223,0.558874072646389,0.552429863120837,0.531745215979718,0.531745293381198,0.524105983671352,0.524166631143431,0.539054234561888,0.54559791165657,0.547924963817088,0.539972454826526,0.545215276724274,0.547410623298212,0.518359279903847,0.54057919937708,0.54045812525226,0.545647869364849,0.529356721655603,0.531571389505825,0.532233038203871,0.526736316036954
"LC215880.1",0.396203728278379,0.396137789014243,0.392327441880841,0.387035868478942,0.38517963873713,0.401759802611211,0.404398193262367,0.404417028449328,0.428903687897921,0.409825262227639,0.411623138064674,0.411667638438087,0.408283869643799,0.410779676373464,0.405856492489867,0.397392241751603,0.466480871053346,0.463514556142364,0.475081767780719,0.456601115961401,0.441512298635146,0.450510107985715,0.450558357097194,0.44695163805787,0.415701336087424,0.415113215095739,0.414568374579673,0.425857621444508,0.425925515303922,0.425835009744998,0.399677413689208,0.418744902378403,0.416569084321131,0.476760889744963,0.476243604628887,0.444511130297807,0.448220384072532,0.452485721924818,0.454613114487581,0.460017313294344,0.459920331548731,0.474016711761245,0.477035459206071,0.477738432192838,0.455343921106704,0.453716651337273,0.449155493589558,0.443271049443699,0.447229691675326,0.41658036109156,0.416632085784713,0.463881384984144,0.449500908389961,0.420347099660559,0.606610008987072,0.324073468511293,0.323970564534412,0.322742767157494,0.322875801847068,0.34943164688454,0.348359635371362,0.34700224979288,0.347889522212899,0.348633244555127,0.348383404121188,0.348364367357717,0.348345447456429,0.348013695479778,0.347726092056847,0.343863139476587,0.367437146132637,0.368932059887824,0.369777031653514,0.370092067233434,0.351112735187637,0.35348805558775,0.353893222308766,0.355614078540075,0.351737500474604,0.358912209035148,0.3588482125797,0.370736319884372,0.370541520004054,0.370579845910293,0.370960402086618,0.348418241741469,0.353181950185637,0.354399241810091,0.344199516528619,0.344199516528619,0.344949209725385,0.346461996855925,0.346461999236185,0.34642414404795,0.346443065655569,0.345168744139017,0.345382656248532,0.345224374208577,0.346766664408689,0.345248987205222,0.345267685756632,0.343802192220747,0.346498826108911,0.346498826108911,0.346594895225405,0.346109717398863,0.346071471804905,0.346052313103275,0.34405074942189,0.349672199800494,0.352162808543305,0.352372599991898,0.355187504115485,0.355839485844757,0.354869802471848,0.354807281419377,0.357582157062271,0.357385787715674,0.359741341171592,0.356365000954932,0.357596608469162,0.360271971274962,0.36035024831777,0.360587166260635,0.361361005822634,0.362632754980299,0.362328426270509,0.362474404816145,0.36250728807057,0.362388701203158,0.361964307842719,0.362291869973167,0.362424034935666,0.360723738074521,0.362354162061795,0.359999569714878,0.360449299570752,0.359583942294279,0.358165653050268,0.354310917917553,0.340859060386483,0.343638329531232,0.345420545491698,0.384949361505701,0.391953429398831,0.395232121153203,0.395232121153203,0.400003738385366,0.382262056761401,0.368139343728069,0.371925004865396,0.371943549130047,0.372557309612844,0.522214036258161,0.478143480718151,0.353507966336956,0.0784778506084311,0.0784256778671042,0.0890832085683997,0.0916066078358524,0.0910437113383122,0.091284899109864,0.0916395062178361,0.0978294981109445,0.0916303508903371,0.0921416993788722,0.0942506902775238,0.0917345600528968,0.0933701155231224,0.0933701155231224,0.0934715321957251,0.0935098125902375,0.093463795718509,0.0945295464012087,0.0921441421569561,0.0941662522461241,0.0922656171118923,0.0922656171118923,0.0959184194121356,0.0959184194121356,0.0926022665603518,0.0926022665603518,0.0861466893269522,0.0784864418859096,0.07985062346631,0.079303226909046,0.0792243770838169,0.0792133996956587,0.0789975958383431,0.0790258046054744,0.0691649345569083,0.0693121554407455,0.0693324244191412,0.0704405665215223,0.0710651720586029,0.0710858035535255,0.0189496200295111,0,0.0146092877429337,0.0293141841366854,0.805139518811421,0.573985652790011,0.572187687607178,0.565743478081626,0.545058830940507,0.545058908341987,0.53741959863214,0.537480246104219,0.552367849522677,0.558911526617358,0.561238578777877,0.553286069787315,0.558528891685062,0.560724238259,0.531672894864636,0.553892814337868,0.553771740213048,0.558961484325637,0.542670336616392,0.544885004466613,0.54554665316466,0.540049930997742
"MW316756.1",0.398045773675648,0.397979834411513,0.39416948727811,0.388877913876211,0.3870216841344,0.40360184800848,0.406240238659637,0.406259073846597,0.43074573329519,0.411667307624908,0.413465183461943,0.413509683835356,0.410125915041068,0.412621721770733,0.407698537887137,0.399234287148872,0.468322916450615,0.465356601539633,0.476923813177989,0.45844316135867,0.443354344032416,0.452352153382985,0.452400402494463,0.448793683455139,0.417543381484694,0.416955260493008,0.416410419976942,0.427699666841777,0.427767560701191,0.427677055142268,0.401519459086478,0.420586947775672,0.4184111297184,0.478602935142232,0.478085650026156,0.446353175695076,0.450062429469801,0.454327767322087,0.45645515988485,0.461859358691614,0.461762376946,0.475858757158514,0.47887750460334,0.479580477590107,0.457185966503973,0.455558696734543,0.450997538986827,0.445113094840969,0.449071737072596,0.418422406488829,0.418474131181983,0.465723430381414,0.45134295378723,0.422189145057828,0.608452054384341,0.325915513908562,0.325812609931681,0.324584812554763,0.324717847244337,0.35127369228181,0.350201680768631,0.348844295190149,0.349731567610169,0.350475289952396,0.350225449518457,0.350206412754987,0.350187492853698,0.349855740877048,0.349568137454117,0.345705184873856,0.369279191529906,0.370774105285094,0.371619077050783,0.371934112630703,0.352954780584906,0.35533010098502,0.355735267706035,0.357456123937344,0.353579545871873,0.360754254432417,0.36069025797697,0.372578365281642,0.372383565401324,0.372421891307562,0.372802447483887,0.350260287138739,0.355023995582907,0.35624128720736,0.346041561925889,0.346041561925889,0.346791255122654,0.348304042253194,0.348304044633455,0.348266189445219,0.348285111052839,0.347010789536287,0.347224701645801,0.347066419605846,0.348608709805958,0.347091032602491,0.347109731153901,0.345644237618016,0.34834087150618,0.34834087150618,0.348436940622674,0.347951762796133,0.347913517202175,0.347894358500545,0.345892794819159,0.351514245197764,0.354004853940574,0.354214645389167,0.357029549512754,0.357681531242026,0.356711847869117,0.356649326816646,0.35942420245954,0.359227833112944,0.361583386568861,0.358207046352201,0.359438653866431,0.362114016672232,0.362192293715039,0.362429211657904,0.363203051219904,0.364474800377569,0.364170471667778,0.364316450213414,0.364349333467839,0.364230746600427,0.363806353239988,0.364133915370437,0.364266080332935,0.36256578347179,0.364196207459064,0.361841615112148,0.362291344968021,0.361425987691548,0.360007698447538,0.356152963314822,0.342701105783752,0.345480374928501,0.347262590888967,0.38679140690297,0.3937954747961,0.397074166550473,0.397074166550473,0.401845783782635,0.38410410215867,0.369981389125339,0.373767050262665,0.373785594527316,0.374399355010114,0.524056081655431,0.47998552611542,0.355350011734225,0.0803198960057004,0.0802677232643735,0.090925253965669,0.0934486532331216,0.0928857567355815,0.0931269445071332,0.0934815516151054,0.0996715435082138,0.0934723962876064,0.0939837447761415,0.0960927356747931,0.0935766054501661,0.0952121609203917,0.0952121609203917,0.0953135775929944,0.0953518579875068,0.0953058411157783,0.096371591798478,0.0939861875542254,0.0960082976433934,0.0941076625091616,0.0941076625091616,0.0977604648094049,0.0977604648094049,0.094444311957621,0.094444311957621,0.0879887347242215,0.0803284872831789,0.0816926688635793,0.0811452723063153,0.0810664224810862,0.081055445092928,0.0808396412356124,0.0808678500027437,0.0710069799541776,0.0711542008380148,0.0711744698164105,0.0722826119187916,0.0729072174558722,0.0729278489507948,0.0207916654267804,0.0146092877429337,0,0.0311562295339547,0.80698156420869,0.57582769818728,0.574029733004447,0.567585523478895,0.546900876337776,0.546900953739256,0.539261644029409,0.539322291501489,0.554209894919946,0.560753572014628,0.563080624175146,0.555128115184584,0.560370937082331,0.56256628365627,0.533514940261905,0.555734859735138,0.555613785610317,0.560803529722906,0.544512382013661,0.546727049863882,0.547388698561929,0.541891976395012
"LC215882.1",0.382304995755686,0.382239056491551,0.378428709358148,0.373137135956249,0.371280906214438,0.387861070088518,0.390499460739675,0.390518295926635,0.415004955375228,0.395926529704946,0.397724405541981,0.397768905915394,0.394385137121106,0.396880943850771,0.391957759967174,0.38349350922891,0.452582138530653,0.449615823619671,0.461183035258027,0.442702383438708,0.427613566112454,0.436611375463022,0.436659624574501,0.433052905535177,0.401802603564731,0.401214482573046,0.40066964205698,0.411958888921815,0.412026782781229,0.411936277222305,0.385778681166516,0.40484616985571,0.402670351798438,0.46286215722227,0.462344872106194,0.430612397775114,0.434321651549839,0.438586989402125,0.440714381964888,0.446118580771652,0.446021599026038,0.460117979238552,0.463136726683378,0.463839699670145,0.441445188584011,0.439817918814581,0.435256761066865,0.429372316921007,0.433330959152633,0.402681628568867,0.402733353262021,0.449982652461452,0.435602175867268,0.406448367137866,0.592711276464379,0.3101747359886,0.310071832011719,0.308844034634801,0.308977069324375,0.335532914361848,0.334460902848669,0.333103517270187,0.333990789690206,0.334734512032434,0.334484671598495,0.334465634835025,0.334446714933736,0.334114962957086,0.333827359534155,0.329964406953894,0.353538413609944,0.355033327365132,0.355878299130821,0.356193334710741,0.337214002664944,0.339589323065057,0.339994489786073,0.341715346017382,0.337838767951911,0.345013476512455,0.344949480057008,0.35683758736168,0.356642787481362,0.3566811133876,0.357061669563925,0.334519509218777,0.339283217662945,0.340500509287398,0.330300784005927,0.330300784005927,0.331050477202692,0.332563264333232,0.332563266713493,0.332525411525257,0.332544333132876,0.331270011616325,0.331483923725839,0.331325641685884,0.332867931885996,0.331350254682529,0.331368953233939,0.329903459698054,0.332600093586218,0.332600093586218,0.332696162702712,0.332210984876171,0.332172739282212,0.332153580580582,0.330152016899197,0.335773467277801,0.338264076020612,0.338473867469205,0.341288771592792,0.341940753322064,0.340971069949155,0.340908548896684,0.343683424539578,0.343487055192982,0.345842608648899,0.342466268432239,0.343697875946469,0.34637323875227,0.346451515795077,0.346688433737942,0.347462273299941,0.348734022457607,0.348429693747816,0.348575672293452,0.348608555547877,0.348489968680465,0.348065575320026,0.348393137450475,0.348525302412973,0.346825005551828,0.348455429539102,0.346100837192186,0.346550567048059,0.345685209771586,0.344266920527576,0.34041218539486,0.32696032786379,0.329739597008539,0.331521812969005,0.371050628983008,0.378054696876138,0.381333388630511,0.381333388630511,0.386105005862673,0.368363324238708,0.354240611205376,0.358026272342703,0.358044816607354,0.358658577090151,0.508315303735469,0.464244748195458,0.339609233814263,0.0645791180857383,0.0645269453444113,0.0751844760457069,0.0777078753131595,0.0771449788156193,0.0773861665871711,0.0777407736951433,0.0839307655882517,0.0777316183676443,0.0782429668561793,0.080351957754831,0.077835827530204,0.0794713830004296,0.0794713830004296,0.0795727996730323,0.0796110800675447,0.0795650631958161,0.0806308138785159,0.0782454096342633,0.0802675197234313,0.0783668845891995,0.0783668845891995,0.0820196868894428,0.0820196868894428,0.0787035340376589,0.0787035340376589,0.0722479568042594,0.0645877093632168,0.0659518909436172,0.0654044943863532,0.0653256445611241,0.0653146671729658,0.0650988633156503,0.0651270720827816,0.0552662020342155,0.0554134229180527,0.0554336918964484,0.0565418339988295,0.0571664395359101,0.0571870710308327,0.0160005691758969,0.0293141841366854,0.0311562295339547,0,0.791240786288728,0.560086920267318,0.558288955084485,0.551844745558933,0.531160098417814,0.531160175819294,0.523520866109447,0.523581513581527,0.538469116999984,0.545012794094666,0.547339846255184,0.539387337264622,0.544630159162369,0.546825505736308,0.517774162341943,0.539994081815175,0.539873007690355,0.545062751802944,0.528771604093699,0.53098627194392,0.531647920641967,0.526151198475049
"OR951101.1",0.789593719291307,0.789527780027172,0.785717432893769,0.78042585949187,0.778569629750059,0.795149793624139,0.797788184275296,0.797807019462256,0.822293678910849,0.803215253240567,0.805013129077602,0.805057629451015,0.801673860656727,0.804169667386392,0.799246483502795,0.790782232764531,0.859870862066274,0.856904547155292,0.868471758793647,0.849991106974329,0.834902289648075,0.843900098998644,0.843948348110122,0.840341629070798,0.809091327100352,0.808503206108667,0.807958365592601,0.819247612457436,0.81931550631685,0.819225000757926,0.793067404702137,0.812134893391331,0.809959075334059,0.870150880757891,0.869633595641815,0.837901121310735,0.84161037508546,0.845875712937746,0.848003105500509,0.853407304307273,0.853310322561659,0.867406702774173,0.870425450218999,0.871128423205766,0.848733912119632,0.847106642350202,0.842545484602486,0.836661040456627,0.840619682688254,0.809970352104488,0.810022076797641,0.857271375997072,0.842890899402889,0.813737090673487,1,0.740164393476114,0.740061489499233,0.738833692122315,0.73896672681189,0.765522571849362,0.764450560336183,0.763093174757701,0.763980447177721,0.764724169519948,0.764474329086009,0.764455292322539,0.76443637242125,0.7641046204446,0.763817017021669,0.759954064441408,0.783528071097458,0.785022984852646,0.785867956618335,0.786182992198255,0.767203660152458,0.769578980552572,0.769984147273587,0.771705003504896,0.767828425439425,0.775003133999969,0.774939137544522,0.786827244849194,0.786632444968876,0.786670770875114,0.78705132705144,0.764509166706291,0.769272875150459,0.770490166774912,0.760290441493441,0.760290441493441,0.761040134690207,0.762552921820746,0.762552924201007,0.762515069012771,0.762533990620391,0.761259669103839,0.761473581213353,0.761315299173398,0.76285758937351,0.761339912170043,0.761358610721453,0.759893117185569,0.762589751073732,0.762589751073732,0.762685820190226,0.762200642363685,0.762162396769727,0.762143238068097,0.760141674386711,0.765763124765316,0.768253733508126,0.768463524956719,0.771278429080306,0.771930410809579,0.770960727436669,0.770898206384198,0.773673082027092,0.773476712680496,0.775832266136413,0.772455925919753,0.773687533433984,0.776362896239784,0.776441173282591,0.776678091225456,0.777451930787456,0.778723679945121,0.77841935123533,0.778565329780966,0.778598213035391,0.778479626167979,0.77805523280754,0.778382794937989,0.778514959900487,0.776814663039343,0.778445087026616,0.7760904946797,0.776540224535573,0.7756748672591,0.77425657801509,0.770401842882374,0.756949985351304,0.759729254496053,0.76151147045652,0.801040286470522,0.808044354363652,0.811323046118025,0.811323046118025,0.816094663350187,0.798352981726222,0.784230268692891,0.788015929830217,0.788034474094868,0.788648234577666,0.938304961222983,0.894234405682973,0.769598891301777,0.794176290478165,0.794124117736838,0.804781648438134,0.807305047705586,0.806742151208046,0.806983338979598,0.80733794608757,0.813527937980678,0.807328790760071,0.807840139248606,0.809949130147258,0.807432999922631,0.809068555392856,0.809068555392856,0.809169972065459,0.809208252459971,0.809162235588243,0.810227986270943,0.80784258202669,0.809864692115858,0.807964056981626,0.807964056981626,0.81161685928187,0.81161685928187,0.808300706430086,0.808300706430086,0.801845129196686,0.794184881755644,0.795549063336044,0.79500166677878,0.794922816953551,0.794911839565393,0.794696035708077,0.794724244475208,0.784863374426642,0.785010595310479,0.785030864288875,0.786139006391256,0.786763611928337,0.786784243423259,0.791825903850633,0.805139518811421,0.80698156420869,0.791240786288728,0,0.328110864841531,0.326312899658698,0.319868690133146,0.408842655273898,0.408842732675378,0.401203422965532,0.401264070437611,0.466260737588394,0.472804414683076,0.475131466843594,0.467178957853032,0.472421779750779,0.474617126324718,0.445565782930353,0.496458538323223,0.496337464198403,0.501527208310992,0.485236060601747,0.487450728451968,0.488112377150015,0.564245172512722
"LC215896.2",0.558439853269897,0.558373914005762,0.554563566872359,0.54927199347046,0.547415763728649,0.563995927602729,0.566634318253886,0.566653153440846,0.591139812889439,0.572061387219157,0.573859263056192,0.573903763429606,0.570519994635318,0.573015801364982,0.568092617481386,0.559628366743121,0.628716996044864,0.625750681133882,0.637317892772238,0.61883724095292,0.603748423626665,0.612746232977234,0.612794482088712,0.609187763049388,0.577937461078943,0.577349340087257,0.576804499571191,0.588093746436026,0.588161640295441,0.588071134736517,0.561913538680727,0.580981027369922,0.578805209312649,0.638997014736481,0.638479729620405,0.606747255289325,0.61045650906405,0.614721846916336,0.616849239479099,0.622253438285863,0.622156456540249,0.636252836752763,0.63927158419759,0.639974557184356,0.617580046098222,0.615952776328792,0.611391618581076,0.605507174435218,0.609465816666845,0.578816486083078,0.578868210776232,0.626117509975663,0.61173703338148,0.582583224652077,0.76884613397859,0.509010527454704,0.508907623477824,0.507679826100905,0.50781286079048,0.534368705827952,0.533296694314774,0.531939308736291,0.532826581156311,0.533570303498538,0.533320463064599,0.533301426301129,0.533282506399841,0.53295075442319,0.532663151000259,0.528800198419998,0.552374205076048,0.553869118831236,0.554714090596925,0.555029126176846,0.536049794131048,0.538425114531162,0.538830281252177,0.540551137483486,0.536674559418015,0.543849267978559,0.543785271523112,0.555673378827784,0.555478578947466,0.555516904853704,0.55589746103003,0.533355300684881,0.538119009129049,0.539336300753502,0.529136575472031,0.529136575472031,0.529886268668797,0.531399055799337,0.531399058179597,0.531361202991361,0.531380124598981,0.530105803082429,0.530319715191943,0.530161433151988,0.5317037233521,0.530186046148633,0.530204744700043,0.528739251164159,0.531435885052322,0.531435885052322,0.531531954168817,0.531046776342275,0.531008530748317,0.530989372046687,0.528987808365302,0.534609258743906,0.537099867486717,0.537309658935309,0.540124563058896,0.540776544788169,0.53980686141526,0.539744340362788,0.542519216005682,0.542322846659086,0.544678400115003,0.541302059898343,0.542533667412574,0.545209030218374,0.545287307261181,0.545524225204046,0.546298064766046,0.547569813923711,0.54726548521392,0.547411463759556,0.547444347013981,0.547325760146569,0.54690136678613,0.547228928916579,0.547361093879077,0.545660797017933,0.547291221005206,0.54493662865829,0.545386358514163,0.544521001237691,0.54310271199368,0.539247976860964,0.525796119329894,0.528575388474643,0.53035760443511,0.569886420449112,0.576890488342242,0.580169180096615,0.580169180096615,0.584940797328777,0.567199115704813,0.553076402671481,0.556862063808807,0.556880608073459,0.557494368556256,0.707151095201573,0.663080539661563,0.538445025280367,0.563022424456755,0.562970251715428,0.573627782416724,0.576151181684176,0.575588285186636,0.575829472958188,0.57618408006616,0.582374071959268,0.576174924738661,0.576686273227196,0.578795264125848,0.576279133901221,0.577914689371447,0.577914689371447,0.578016106044049,0.578054386438562,0.578008369566833,0.579074120249533,0.57668871600528,0.578710826094448,0.576810190960216,0.576810190960216,0.58046299326046,0.58046299326046,0.577146840408676,0.577146840408676,0.570691263175276,0.563031015734234,0.564395197314634,0.56384780075737,0.563768950932141,0.563757973543983,0.563542169686667,0.563570378453798,0.553709508405232,0.55385672928907,0.553876998267465,0.554985140369846,0.555609745906927,0.55563037740185,0.560672037829223,0.573985652790011,0.57582769818728,0.560086920267318,0.328110864841531,0,0.0395944173958726,0.056657302782472,0.177688789252489,0.177688866653968,0.170049556944122,0.170110204416201,0.235106871566984,0.241650548661666,0.243977600822184,0.236025091831622,0.241267913729369,0.243463260303308,0.214411916908943,0.265304672301813,0.265183598176993,0.270373342289582,0.254082194580337,0.256296862430558,0.256958511128605,0.333091306491312
"PP105600.1",0.556641888087064,0.556575948822929,0.552765601689526,0.547474028287627,0.545617798545816,0.562197962419896,0.564836353071053,0.564855188258013,0.589341847706606,0.570263422036324,0.572061297873359,0.572105798246772,0.568722029452484,0.571217836182149,0.566294652298552,0.557830401560288,0.626919030862031,0.623952715951049,0.635519927589404,0.617039275770086,0.601950458443832,0.6109482677944,0.610996516905879,0.607389797866555,0.57613949589611,0.575551374904424,0.575006534388358,0.586295781253193,0.586363675112607,0.586273169553683,0.560115573497894,0.579183062187088,0.577007244129816,0.637199049553648,0.636681764437572,0.604949290106492,0.608658543881217,0.612923881733503,0.615051274296266,0.620455473103029,0.620358491357416,0.63445487156993,0.637473619014756,0.638176592001523,0.615782080915389,0.614154811145959,0.609593653398243,0.603709209252384,0.607667851484011,0.577018520900245,0.577070245593398,0.624319544792829,0.609939068198646,0.580785259469244,0.767048168795757,0.507212562271871,0.50710965829499,0.505881860918072,0.506014895607646,0.532570740645119,0.53149872913194,0.530141343553458,0.531028615973478,0.531772338315705,0.531522497881766,0.531503461118296,0.531484541217007,0.531152789240357,0.530865185817426,0.527002233237165,0.550576239893215,0.552071153648403,0.552916125414092,0.553231160994012,0.534251828948215,0.536627149348328,0.537032316069344,0.538753172300653,0.534876594235182,0.542051302795726,0.541987306340279,0.55387541364495,0.553680613764633,0.553718939670871,0.554099495847196,0.531557335502048,0.536321043946215,0.537538335570669,0.527338610289198,0.527338610289198,0.528088303485963,0.529601090616503,0.529601092996764,0.529563237808528,0.529582159416148,0.528307837899596,0.52852175000911,0.528363467969155,0.529905758169267,0.5283880809658,0.52840677951721,0.526941285981326,0.529637919869489,0.529637919869489,0.529733988985983,0.529248811159442,0.529210565565484,0.529191406863854,0.527189843182468,0.532811293561072,0.535301902303883,0.535511693752476,0.538326597876063,0.538978579605335,0.538008896232426,0.537946375179955,0.540721250822849,0.540524881476253,0.54288043493217,0.53950409471551,0.54073570222974,0.543411065035541,0.543489342078348,0.543726260021213,0.544500099583213,0.545771848740878,0.545467520031087,0.545613498576723,0.545646381831148,0.545527794963736,0.545103401603297,0.545430963733746,0.545563128696244,0.543862831835099,0.545493255822373,0.543138663475457,0.54358839333133,0.542723036054857,0.541304746810847,0.537450011678131,0.523998154147061,0.52677742329181,0.528559639252276,0.568088455266279,0.575092523159409,0.578371214913782,0.578371214913782,0.583142832145944,0.565401150521979,0.551278437488648,0.555064098625974,0.555082642890625,0.555696403373423,0.70535313001874,0.661282574478729,0.536647060097534,0.561224459273922,0.561172286532595,0.57182981723389,0.574353216501343,0.573790320003803,0.574031507775355,0.574386114883327,0.580576106776435,0.574376959555828,0.574888308044363,0.576997298943015,0.574481168718388,0.576116724188613,0.576116724188613,0.576218140861216,0.576256421255728,0.576210404384,0.5772761550667,0.574890750822447,0.576912860911615,0.575012225777383,0.575012225777383,0.578665028077626,0.578665028077626,0.575348875225842,0.575348875225842,0.568893297992443,0.5612330505514,0.562597232131801,0.562049835574537,0.561970985749308,0.561960008361149,0.561744204503834,0.561772413270965,0.551911543222399,0.552058764106236,0.552079033084632,0.553187175187013,0.553811780724094,0.553832412219016,0.558874072646389,0.572187687607178,0.574029733004447,0.558288955084485,0.326312899658698,0.0395944173958726,0,0.0548593375996387,0.175890824069655,0.175890901471135,0.168251591761289,0.168312239233368,0.233308906384151,0.239852583478832,0.242179635639351,0.234227126648789,0.239469948546536,0.241665295120475,0.21261395172611,0.26350670711898,0.26338563299416,0.268575377106749,0.252284229397503,0.254498897247725,0.255160545945771,0.331293341308479
"LC215897.2",0.550197678561512,0.550131739297376,0.546321392163973,0.541029818762075,0.539173589020263,0.555753752894344,0.5583921435455,0.55841097873246,0.582897638181053,0.563819212510772,0.565617088347806,0.56566158872122,0.562277819926932,0.564773626656597,0.559850442773,0.551386192034736,0.620474821336478,0.617508506425497,0.629075718063852,0.610595066244534,0.595506248918279,0.604504058268848,0.604552307380327,0.600945588341002,0.569695286370557,0.569107165378872,0.568562324862806,0.579851571727641,0.579919465587055,0.579828960028131,0.553671363972341,0.572738852661536,0.570563034604264,0.630754840028096,0.63023755491202,0.59850508058094,0.602214334355665,0.606479672207951,0.608607064770713,0.614011263577477,0.613914281831864,0.628010662044378,0.631029409489204,0.63173238247597,0.609337871389837,0.607710601620406,0.603149443872691,0.597264999726832,0.601223641958459,0.570574311374692,0.570626036067846,0.617875335267277,0.603494858673094,0.574341049943692,0.760603959270205,0.500768352746318,0.500665448769438,0.49943765139252,0.499570686082094,0.526126531119566,0.525054519606388,0.523697134027906,0.524584406447925,0.525328128790153,0.525078288356214,0.525059251592743,0.525040331691455,0.524708579714804,0.524420976291873,0.520558023711613,0.544132030367663,0.54562694412285,0.54647191588854,0.54678695146846,0.527807619422663,0.530182939822776,0.530588106543791,0.532308962775101,0.52843238470963,0.535607093270173,0.535543096814726,0.547431204119398,0.54723640423908,0.547274730145319,0.547655286321644,0.525113125976495,0.529876834420663,0.531094126045117,0.520894400763645,0.520894400763645,0.521644093960411,0.523156881090951,0.523156883471211,0.523119028282976,0.523137949890595,0.521863628374043,0.522077540483558,0.521919258443603,0.523461548643715,0.521943871440248,0.521962569991657,0.520497076455773,0.523193710343937,0.523193710343937,0.523289779460431,0.522804601633889,0.522766356039931,0.522747197338301,0.520745633656916,0.52636708403552,0.528857692778331,0.529067484226924,0.53188238835051,0.532534370079783,0.531564686706874,0.531502165654403,0.534277041297297,0.5340806719507,0.536436225406618,0.533059885189958,0.534291492704188,0.536966855509988,0.537045132552796,0.537282050495661,0.53805589005766,0.539327639215325,0.539023310505535,0.539169289051171,0.539202172305596,0.539083585438183,0.538659192077744,0.538986754208193,0.539118919170692,0.537418622309547,0.539049046296821,0.536694453949904,0.537144183805778,0.536278826529305,0.534860537285294,0.531005802152579,0.517553944621508,0.520333213766258,0.522115429726724,0.561644245740727,0.568648313633857,0.571927005388229,0.571927005388229,0.576698622620392,0.558956940996427,0.544834227963095,0.548619889100422,0.548638433365073,0.54925219384787,0.698908920493187,0.654838364953177,0.530202850571982,0.55478024974837,0.554728077007043,0.565385607708338,0.567909006975791,0.567346110478251,0.567587298249802,0.567941905357775,0.574131897250883,0.567932750030276,0.568444098518811,0.570553089417462,0.568036959192835,0.569672514663061,0.569672514663061,0.569773931335664,0.569812211730176,0.569766194858447,0.570831945541147,0.568446541296895,0.570468651386063,0.568568016251831,0.568568016251831,0.572220818552074,0.572220818552074,0.56890466570029,0.56890466570029,0.562449088466891,0.554788841025848,0.556153022606248,0.555605626048984,0.555526776223755,0.555515798835597,0.555299994978282,0.555328203745413,0.545467333696847,0.545614554580684,0.54563482355908,0.546742965661461,0.547367571198541,0.547388202693464,0.552429863120837,0.565743478081626,0.567585523478895,0.551844745558933,0.319868690133146,0.056657302782472,0.0548593375996387,0,0.169446614544103,0.169446691945583,0.161807382235736,0.161868029707816,0.226864696858599,0.23340837395328,0.235735426113798,0.227782917123236,0.233025739020984,0.235221085594922,0.206169742200557,0.257062497593428,0.256941423468607,0.262131167581197,0.245840019871951,0.248054687722173,0.248716336420219,0.324849131782927
"LC215889.1",0.529513031420393,0.529447092156258,0.525636745022855,0.520345171620956,0.518488941879145,0.535069105753225,0.537707496404382,0.537726331591342,0.562212991039935,0.543134565369653,0.544932441206688,0.544976941580101,0.541593172785813,0.544088979515478,0.539165795631881,0.530701544893617,0.59979017419536,0.596823859284378,0.608391070922733,0.589910419103415,0.57482160177716,0.583819411127729,0.583867660239208,0.580260941199884,0.549010639229438,0.548422518237753,0.547877677721687,0.559166924586522,0.559234818445936,0.559144312887012,0.532986716831223,0.552054205520417,0.549878387463145,0.610070192886977,0.609552907770901,0.577820433439821,0.581529687214546,0.585795025066832,0.587922417629595,0.593326616436358,0.593229634690745,0.607326014903259,0.610344762348085,0.611047735334852,0.588653224248718,0.587025954479288,0.582464796731572,0.576580352585713,0.58053899481734,0.549889664233574,0.549941388926727,0.597190688126158,0.582810211531975,0.553656402802573,0.739919312129086,0.4800837056052,0.479980801628319,0.478753004251401,0.478886038940975,0.505441883978448,0.504369872465269,0.503012486886787,0.503899759306806,0.504643481649034,0.504393641215095,0.504374604451625,0.504355684550336,0.504023932573686,0.503736329150755,0.499873376570494,0.523447383226544,0.524942296981731,0.525787268747421,0.526102304327341,0.507122972281544,0.509498292681657,0.509903459402673,0.511624315633982,0.507747737568511,0.514922446129055,0.514858449673608,0.526746556978279,0.526551757097962,0.5265900830042,0.526970639180525,0.504428478835377,0.509192187279544,0.510409478903998,0.500209753622527,0.500209753622527,0.500959446819292,0.502472233949832,0.502472236330093,0.502434381141857,0.502453302749476,0.501178981232925,0.501392893342439,0.501234611302484,0.502776901502596,0.501259224299129,0.501277922850539,0.499812429314654,0.502509063202818,0.502509063202818,0.502605132319312,0.502119954492771,0.502081708898812,0.502062550197182,0.500060986515797,0.505682436894401,0.508173045637212,0.508382837085805,0.511197741209392,0.511849722938664,0.510880039565755,0.510817518513284,0.513592394156178,0.513396024809582,0.515751578265499,0.512375238048839,0.513606845563069,0.51628220836887,0.516360485411677,0.516597403354542,0.517371242916541,0.518642992074207,0.518338663364416,0.518484641910052,0.518517525164477,0.518398938297065,0.517974544936626,0.518302107067075,0.518434272029573,0.516733975168428,0.518364399155702,0.516009806808786,0.516459536664659,0.515594179388186,0.514175890144176,0.51032115501146,0.49686929748039,0.499648566625139,0.501430782585605,0.540959598599608,0.547963666492738,0.551242358247111,0.551242358247111,0.556013975479273,0.538272293855308,0.524149580821976,0.527935241959303,0.527953786223954,0.528567546706751,0.678224273352069,0.634153717812058,0.509518203430863,0.534095602607251,0.534043429865924,0.544700960567219,0.547224359834672,0.546661463337132,0.546902651108684,0.547257258216656,0.553447250109764,0.547248102889157,0.547759451377692,0.549868442276343,0.547352312051717,0.548987867521942,0.548987867521942,0.549089284194545,0.549127564589057,0.549081547717329,0.550147298400028,0.547761894155776,0.549784004244944,0.547883369110712,0.547883369110712,0.551536171410955,0.551536171410955,0.548220018559171,0.548220018559171,0.541764441325772,0.534104193884729,0.53546837546513,0.534920978907866,0.534842129082637,0.534831151694478,0.534615347837163,0.534643556604294,0.524782686555728,0.524929907439565,0.524950176417961,0.526058318520342,0.526682924057423,0.526703555552345,0.531745215979718,0.545058830940507,0.546900876337776,0.531160098417814,0.408842655273898,0.177688789252489,0.175890824069655,0.169446614544103,0,6.64809597825708e-07,0.0367158569216365,0.0367765043937158,0.20618004971748,0.212723726812161,0.21505077897268,0.207098269982118,0.212341091879865,0.214536438453804,0.185485095059439,0.236377850452309,0.236256776327489,0.241446520440078,0.225155372730832,0.227370040581054,0.2280316892791,0.304164484641808
"LC215890.1",0.529513108821873,0.529447169557737,0.525636822424334,0.520345249022436,0.518489019280624,0.535069183154705,0.537707573805861,0.537726408992822,0.562213068441414,0.543134642771133,0.544932518608167,0.544977018981581,0.541593250187293,0.544089056916958,0.539165873033361,0.530701622295097,0.59979025159684,0.596823936685858,0.608391148324213,0.589910496504895,0.57482167917864,0.583819488529209,0.583867737640687,0.580261018601363,0.549010716630918,0.548422595639233,0.547877755123167,0.559167001988002,0.559234895847416,0.559144390288492,0.532986794232702,0.552054282921897,0.549878464864625,0.610070270288457,0.609552985172381,0.577820510841301,0.581529764616026,0.585795102468312,0.587922495031075,0.593326693837838,0.593229712092225,0.607326092304739,0.610344839749565,0.611047812736332,0.588653301650198,0.587026031880767,0.582464874133052,0.576580429987193,0.58053907221882,0.549889741635053,0.549941466328207,0.597190765527638,0.582810288933455,0.553656480204053,0.739919389530566,0.48008378300668,0.479980879029799,0.478753081652881,0.478886116342455,0.505441961379927,0.504369949866749,0.503012564288267,0.503899836708286,0.504643559050514,0.504393718616575,0.504374681853104,0.504355761951816,0.504024009975165,0.503736406552234,0.499873453971974,0.523447460628024,0.524942374383211,0.525787346148901,0.526102381728821,0.507123049683024,0.509498370083137,0.509903536804152,0.511624393035462,0.507747814969991,0.514922523530534,0.514858527075088,0.526746634379759,0.526551834499441,0.52659016040568,0.526970716582005,0.504428556236856,0.509192264681024,0.510409556305478,0.500209831024006,0.500209831024006,0.500959524220772,0.502472311351312,0.502472313731572,0.502434458543337,0.502453380150956,0.501179058634404,0.501392970743919,0.501234688703964,0.502776978904076,0.501259301700609,0.501278000252019,0.499812506716134,0.502509140604298,0.502509140604298,0.502605209720792,0.50212003189425,0.502081786300292,0.502062627598662,0.500061063917277,0.505682514295881,0.508173123038692,0.508382914487285,0.511197818610872,0.511849800340144,0.510880116967235,0.510817595914764,0.513592471557658,0.513396102211061,0.515751655666979,0.512375315450319,0.513606922964549,0.516282285770349,0.516360562813157,0.516597480756022,0.517371320318021,0.518643069475686,0.518338740765896,0.518484719311532,0.518517602565957,0.518399015698545,0.517974622338106,0.518302184468554,0.518434349431053,0.516734052569908,0.518364476557182,0.516009884210266,0.516459614066139,0.515594256789666,0.514175967545655,0.51032123241294,0.49686937488187,0.499648644026619,0.501430859987085,0.540959676001088,0.547963743894218,0.55124243564859,0.55124243564859,0.556014052880753,0.538272371256788,0.524149658223456,0.527935319360783,0.527953863625434,0.528567624108231,0.678224350753548,0.634153795213538,0.509518280832343,0.534095680008731,0.534043507267404,0.544701037968699,0.547224437236152,0.546661540738612,0.546902728510163,0.547257335618136,0.553447327511244,0.547248180290637,0.547759528779172,0.549868519677823,0.547352389453196,0.548987944923422,0.548987944923422,0.549089361596025,0.549127641990537,0.549081625118809,0.550147375801508,0.547761971557256,0.549784081646424,0.547883446512192,0.547883446512192,0.551536248812435,0.551536248812435,0.548220095960651,0.548220095960651,0.541764518727252,0.534104271286209,0.53546845286661,0.534921056309345,0.534842206484116,0.534831229095958,0.534615425238643,0.534643634005774,0.524782763957208,0.524929984841045,0.524950253819441,0.526058395921822,0.526683001458902,0.526703632953825,0.531745293381198,0.545058908341987,0.546900953739256,0.531160175819294,0.408842732675378,0.177688866653968,0.175890901471135,0.169446691945583,6.64809597825708e-07,0,0.0367159343231163,0.0367765817951956,0.20618012711896,0.212723804213641,0.215050856374159,0.207098347383598,0.212341169281345,0.214536515855283,0.185485172460919,0.236377927853789,0.236256853728969,0.241446597841558,0.225155450132312,0.227370117982534,0.22803176668058,0.304164562043288
"LC215892.1",0.521873799112026,0.521807859847891,0.517997512714488,0.512705939312589,0.510849709570778,0.527429873444858,0.530068264096015,0.530087099282975,0.554573758731568,0.535495333061286,0.537293208898321,0.537337709271735,0.533953940477446,0.536449747207111,0.531526563323514,0.52306231258525,0.592150941886993,0.589184626976011,0.600751838614367,0.582271186795049,0.567182369468794,0.576180178819363,0.576228427930841,0.572621708891517,0.541371406921072,0.540783285929386,0.54023844541332,0.551527692278155,0.551595586137569,0.551505080578646,0.525347484522856,0.544414973212051,0.542239155154778,0.60243096057861,0.601913675462534,0.570181201131454,0.57389045490618,0.578155792758465,0.580283185321228,0.585687384127992,0.585590402382378,0.599686782594892,0.602705530039718,0.603408503026485,0.581013991940351,0.579386722170921,0.574825564423205,0.568941120277347,0.572899762508974,0.542250431925207,0.542302156618361,0.589551455817792,0.575170979223608,0.546017170494206,0.732280079820719,0.472444473296833,0.472341569319953,0.471113771943034,0.471246806632609,0.497802651670081,0.496730640156902,0.49537325457842,0.49626052699844,0.497004249340667,0.496754408906728,0.496735372143258,0.49671645224197,0.496384700265319,0.496097096842388,0.492234144262127,0.515808150918177,0.517303064673365,0.518148036439054,0.518463072018975,0.499483739973177,0.501859060373291,0.502264227094306,0.503985083325615,0.500108505260144,0.507283213820688,0.507219217365241,0.519107324669913,0.518912524789595,0.518950850695833,0.519331406872159,0.49678924652701,0.501552954971178,0.502770246595631,0.49257052131416,0.49257052131416,0.493320214510926,0.494833001641465,0.494833004021726,0.49479514883349,0.49481407044111,0.493539748924558,0.493753661034072,0.493595378994117,0.495137669194229,0.493619991990762,0.493638690542172,0.492173197006288,0.494869830894451,0.494869830894451,0.494965900010946,0.494480722184404,0.494442476590446,0.494423317888816,0.49242175420743,0.498043204586035,0.500533813328846,0.500743604777438,0.503558508901025,0.504210490630298,0.503240807257389,0.503178286204917,0.505953161847811,0.505756792501215,0.508112345957132,0.504736005740472,0.505967613254703,0.508642976060503,0.50872125310331,0.508958171046175,0.509732010608175,0.51100375976584,0.510699431056049,0.510845409601685,0.51087829285611,0.510759705988698,0.510335312628259,0.510662874758708,0.510795039721206,0.509094742860062,0.510725166847335,0.508370574500419,0.508820304356292,0.50795494707982,0.506536657835809,0.502681922703093,0.489230065172023,0.492009334316772,0.493791550277238,0.533320366291241,0.540324434184371,0.543603125938744,0.543603125938744,0.548374743170906,0.530633061546941,0.51651034851361,0.520296009650936,0.520314553915587,0.520928314398385,0.670585041043702,0.626514485503692,0.501878971122496,0.526456370298884,0.526404197557557,0.537061728258853,0.539585127526305,0.539022231028765,0.539263418800317,0.539618025908289,0.545808017801397,0.53960887058079,0.540120219069325,0.542229209967977,0.53971307974335,0.541348635213575,0.541348635213575,0.541450051886178,0.54148833228069,0.541442315408962,0.542508066091662,0.540122661847409,0.542144771936577,0.540244136802345,0.540244136802345,0.543896939102589,0.543896939102589,0.540580786250805,0.540580786250805,0.534125209017405,0.526464961576363,0.527829143156763,0.527281746599499,0.52720289677427,0.527191919386112,0.526976115528796,0.527004324295927,0.517143454247361,0.517290675131198,0.517310944109594,0.518419086211975,0.519043691749056,0.519064323243978,0.524105983671352,0.53741959863214,0.539261644029409,0.523520866109447,0.401203422965532,0.170049556944122,0.168251591761289,0.161807382235736,0.0367158569216365,0.0367159343231163,0,0.00010173119677076,0.198540817409113,0.205084494503795,0.207411546664313,0.199459037673751,0.204701859571498,0.206897206145437,0.177845862751072,0.228738618143942,0.228617544019122,0.233807288131711,0.217516140422466,0.219730808272687,0.220392456970734,0.296525252333441
"LC215894.1",0.521934446584105,0.52186850731997,0.518058160186567,0.512766586784669,0.510910357042857,0.527490520916937,0.530128911568094,0.530147746755054,0.554634406203647,0.535555980533366,0.5373538563704,0.537398356743814,0.534014587949526,0.53651039467919,0.531587210795594,0.52312296005733,0.592211589359072,0.589245274448091,0.600812486086446,0.582331834267128,0.567243016940873,0.576240826291442,0.57628907540292,0.572682356363596,0.541432054393151,0.540843933401466,0.540299092885399,0.551588339750234,0.551656233609649,0.551565728050725,0.525408131994935,0.54447562068413,0.542299802626858,0.60249160805069,0.601974322934613,0.570241848603534,0.573951102378259,0.578216440230545,0.580343832793307,0.585748031600071,0.585651049854458,0.599747430066971,0.602766177511798,0.603469150498564,0.58107463941243,0.579447369643,0.574886211895284,0.569001767749426,0.572960409981053,0.542311079397286,0.54236280409044,0.589612103289871,0.575231626695688,0.546077817966285,0.732340727292799,0.472505120768912,0.472402216792032,0.471174419415113,0.471307454104688,0.49786329914216,0.496791287628982,0.4954339020505,0.496321174470519,0.497064896812746,0.496815056378808,0.496796019615337,0.496777099714049,0.496445347737398,0.496157744314467,0.492294791734206,0.515868798390256,0.517363712145444,0.518208683911134,0.518523719491054,0.499544387445257,0.50191970784537,0.502324874566385,0.504045730797694,0.500169152732224,0.507343861292767,0.50727986483732,0.519167972141992,0.518973172261674,0.519011498167912,0.519392054344238,0.496849893999089,0.501613602443257,0.502830894067711,0.492631168786239,0.492631168786239,0.493380861983005,0.494893649113545,0.494893651493805,0.49485579630557,0.494874717913189,0.493600396396637,0.493814308506152,0.493656026466197,0.495198316666308,0.493680639462841,0.493699338014251,0.492233844478367,0.494930478366531,0.494930478366531,0.495026547483025,0.494541369656483,0.494503124062525,0.494483965360895,0.49248240167951,0.498103852058114,0.500594460800925,0.500804252249517,0.503619156373104,0.504271138102377,0.503301454729468,0.503238933676997,0.50601380931989,0.505817439973294,0.508172993429211,0.504796653212552,0.506028260726782,0.508703623532582,0.50878190057539,0.509018818518255,0.509792658080254,0.511064407237919,0.510760078528129,0.510906057073764,0.51093894032819,0.510820353460777,0.510395960100338,0.510723522230787,0.510855687193285,0.509155390332141,0.510785814319414,0.508431221972498,0.508880951828371,0.508015594551899,0.506597305307888,0.502742570175173,0.489290712644102,0.492069981788851,0.493852197749318,0.533381013763321,0.54038508165645,0.543663773410823,0.543663773410823,0.548435390642986,0.530693709019021,0.516570995985689,0.520356657123015,0.520375201387667,0.520988961870464,0.670645688515781,0.626575132975771,0.501939618594575,0.526517017770963,0.526464845029636,0.537122375730932,0.539645774998385,0.539082878500844,0.539324066272396,0.539678673380368,0.545868665273477,0.539669518052869,0.540180866541404,0.542289857440056,0.539773727215429,0.541409282685655,0.541409282685655,0.541510699358257,0.54154897975277,0.541502962881041,0.542568713563741,0.540183309319488,0.542205419408656,0.540304784274425,0.540304784274425,0.543957586574668,0.543957586574668,0.540641433722884,0.540641433722884,0.534185856489484,0.526525609048442,0.527889790628842,0.527342394071578,0.527263544246349,0.527252566858191,0.527036763000875,0.527064971768007,0.517204101719441,0.517351322603278,0.517371591581673,0.518479733684055,0.519104339221135,0.519124970716058,0.524166631143431,0.537480246104219,0.539322291501489,0.523581513581527,0.401264070437611,0.170110204416201,0.168312239233368,0.161868029707816,0.0367765043937158,0.0367765817951956,0.00010173119677076,0,0.198601464881192,0.205145141975874,0.207472194136392,0.19951968514583,0.204762507043578,0.206957853617516,0.177906510223151,0.228799265616022,0.228678191491201,0.23386793560379,0.217576787894545,0.219791455744766,0.220453104442813,0.296585899805521
"KX000384.1",0.536822050002563,0.536756110738427,0.532945763605025,0.527654190203126,0.525797960461314,0.542378124335395,0.545016514986551,0.545035350173512,0.569522009622105,0.550443583951823,0.552241459788858,0.552285960162271,0.548902191367983,0.551397998097648,0.546474814214051,0.538010563475787,0.60709919277753,0.604132877866548,0.615700089504903,0.597219437685585,0.58213062035933,0.591128429709899,0.591176678821377,0.587569959782054,0.556319657811608,0.555731536819923,0.555186696303857,0.566475943168692,0.566543837028106,0.566453331469182,0.540295735413392,0.559363224102587,0.557187406045315,0.617379211469147,0.616861926353071,0.585129452021991,0.588838705796716,0.593104043649002,0.595231436211765,0.600635635018528,0.600538653272915,0.614635033485429,0.617653780930255,0.618356753917022,0.595962242830888,0.594334973061457,0.589773815313742,0.583889371167883,0.58784801339951,0.557198682815743,0.557250407508897,0.604499706708328,0.590119230114145,0.560965421384743,0.747228330711256,0.48739272418737,0.487289820210489,0.486062022833571,0.486195057523145,0.512750902560618,0.511678891047439,0.510321505468957,0.511208777888976,0.511952500231204,0.511702659797265,0.511683623033794,0.511664703132506,0.511332951155856,0.511045347732925,0.507182395152664,0.530756401808714,0.532251315563901,0.533096287329591,0.533411322909511,0.514431990863714,0.516807311263827,0.517212477984843,0.518933334216152,0.515056756150681,0.522231464711225,0.522167468255778,0.534055575560449,0.533860775680131,0.53389910158637,0.534279657762695,0.511737497417546,0.516501205861714,0.517718497486168,0.507518772204696,0.507518772204696,0.508268465401462,0.509781252532002,0.509781254912262,0.509743399724027,0.509762321331646,0.508487999815094,0.508701911924609,0.508543629884654,0.510085920084766,0.508568242881299,0.508586941432709,0.507121447896824,0.509818081784988,0.509818081784988,0.509914150901482,0.509428973074941,0.509390727480982,0.509371568779352,0.507370005097967,0.512991455476571,0.515482064219382,0.515691855667975,0.518506759791562,0.519158741520834,0.518189058147925,0.518126537095454,0.520901412738348,0.520705043391751,0.523060596847669,0.519684256631009,0.520915864145239,0.52359122695104,0.523669503993847,0.523906421936712,0.524680261498711,0.525952010656376,0.525647681946586,0.525793660492222,0.525826543746647,0.525707956879235,0.525283563518796,0.525611125649245,0.525743290611743,0.524042993750598,0.525673417737872,0.523318825390956,0.523768555246829,0.522903197970356,0.521484908726345,0.51763017359363,0.50417831606256,0.506957585207309,0.508739801167775,0.548268617181778,0.555272685074908,0.558551376829281,0.558551376829281,0.563322994061443,0.545581312437478,0.531458599404146,0.535244260541473,0.535262804806124,0.535876565288921,0.685533291934239,0.641462736394228,0.516827222013033,0.541404621189421,0.541352448448094,0.552009979149389,0.554533378416842,0.553970481919302,0.554211669690853,0.554566276798826,0.560756268691934,0.554557121471327,0.555068469959862,0.557177460858513,0.554661330633886,0.556296886104112,0.556296886104112,0.556398302776715,0.556436583171227,0.556390566299499,0.557456316982198,0.555070912737946,0.557093022827114,0.555192387692882,0.555192387692882,0.558845189993125,0.558845189993125,0.555529037141341,0.555529037141341,0.549073459907942,0.541413212466899,0.5427773940473,0.542229997490036,0.542151147664806,0.542140170276648,0.541924366419333,0.541952575186464,0.532091705137898,0.532238926021735,0.532259195000131,0.533367337102512,0.533991942639592,0.534012574134515,0.539054234561888,0.552367849522677,0.554209894919946,0.538469116999984,0.466260737588394,0.235106871566984,0.233308906384151,0.226864696858599,0.20618004971748,0.20618012711896,0.198540817409113,0.198601464881192,0,0.0354940344284925,0.0378210865890108,0.176677896603321,0.181920718501069,0.184116065075007,0.155064721680642,0.243686869034479,0.243565794909659,0.248755539022248,0.232464391313002,0.234679059163224,0.23534070786127,0.311473503223978
"LC215891.1",0.543365727097244,0.543299787833109,0.539489440699706,0.534197867297808,0.532341637555996,0.548921801430076,0.551560192081233,0.551579027268193,0.576065686716786,0.556987261046504,0.558785136883539,0.558829637256953,0.555445868462665,0.557941675192329,0.553018491308733,0.544554240570469,0.613642869872211,0.61067655496123,0.622243766599585,0.603763114780267,0.588674297454012,0.597672106804581,0.597720355916059,0.594113636876735,0.56286333490629,0.562275213914605,0.561730373398538,0.573019620263373,0.573087514122787,0.572997008563864,0.546839412508074,0.565906901197269,0.563731083139996,0.623922888563828,0.623405603447752,0.591673129116673,0.595382382891398,0.599647720743683,0.601775113306446,0.60717931211321,0.607082330367597,0.62117871058011,0.624197458024937,0.624900431011703,0.602505919925569,0.600878650156139,0.596317492408423,0.590433048262565,0.594391690494192,0.563742359910425,0.563794084603579,0.61104338380301,0.596662907208827,0.567509098479424,0.753772007805937,0.493936401282051,0.493833497305171,0.492605699928252,0.492738734617827,0.519294579655299,0.518222568142121,0.516865182563638,0.517752454983658,0.518496177325885,0.518246336891947,0.518227300128476,0.518208380227188,0.517876628250537,0.517589024827606,0.513726072247345,0.537300078903395,0.538794992658583,0.539639964424272,0.539955000004193,0.520975667958396,0.523350988358509,0.523756155079524,0.525477011310833,0.521600433245363,0.528775141805906,0.528711145350459,0.540599252655131,0.540404452774813,0.540442778681051,0.540823334857377,0.518281174512228,0.523044882956396,0.52426217458085,0.514062449299378,0.514062449299378,0.514812142496144,0.516324929626684,0.516324932006944,0.516287076818708,0.516305998426328,0.515031676909776,0.51524558901929,0.515087306979336,0.516629597179447,0.51511191997598,0.51513061852739,0.513665124991506,0.51636175887967,0.51636175887967,0.516457827996164,0.515972650169622,0.515934404575664,0.515915245874034,0.513913682192649,0.519535132571253,0.522025741314064,0.522235532762656,0.525050436886243,0.525702418615516,0.524732735242607,0.524670214190135,0.527445089833029,0.527248720486433,0.52960427394235,0.52622793372569,0.527459541239921,0.530134904045721,0.530213181088529,0.530450099031394,0.531223938593393,0.532495687751058,0.532191359041268,0.532337337586903,0.532370220841329,0.532251633973916,0.531827240613477,0.532154802743926,0.532286967706424,0.53058667084528,0.532217094832553,0.529862502485637,0.53031223234151,0.529446875065038,0.528028585821027,0.524173850688311,0.510721993157241,0.51350126230199,0.515283478262457,0.55481229427646,0.561816362169589,0.565095053923962,0.565095053923962,0.569866671156125,0.55212498953216,0.538002276498828,0.541787937636154,0.541806481900806,0.542420242383603,0.69207696902892,0.64800641348891,0.523370899107714,0.547948298284102,0.547896125542775,0.558553656244071,0.561077055511523,0.560514159013983,0.560755346785535,0.561109953893507,0.567299945786616,0.561100798566008,0.561612147054543,0.563721137953195,0.561205007728568,0.562840563198793,0.562840563198793,0.562941979871396,0.562980260265909,0.56293424339418,0.56399999407688,0.561614589832627,0.563636699921795,0.561736064787563,0.561736064787563,0.565388867087807,0.565388867087807,0.562072714236023,0.562072714236023,0.555617137002623,0.547956889561581,0.549321071141981,0.548773674584717,0.548694824759488,0.54868384737133,0.548468043514014,0.548496252281146,0.538635382232579,0.538782603116417,0.538802872094812,0.539911014197193,0.540535619734274,0.540556251229197,0.54559791165657,0.558911526617358,0.560753572014628,0.545012794094666,0.472804414683076,0.241650548661666,0.239852583478832,0.23340837395328,0.212723726812161,0.212723804213641,0.205084494503795,0.205145141975874,0.0354940344284925,0,0.02739490868139,0.183221573698003,0.18846439559575,0.190659742169689,0.161608398775324,0.25023054612916,0.25010947200434,0.255299216116929,0.239008068407684,0.241222736257905,0.241884384955952,0.318017180318659
"LC215893.1",0.545692779257762,0.545626839993627,0.541816492860224,0.536524919458326,0.534668689716514,0.551248853590595,0.553887244241751,0.553906079428711,0.578392738877304,0.559314313207023,0.561112189044057,0.561156689417471,0.557772920623183,0.560268727352847,0.555345543469251,0.546881292730987,0.61596992203273,0.613003607121748,0.624570818760103,0.606090166940785,0.59100134961453,0.599999158965099,0.600047408076577,0.596440689037253,0.565190387066808,0.564602266075123,0.564057425559057,0.575346672423891,0.575414566283306,0.575324060724382,0.549166464668592,0.568233953357787,0.566058135300515,0.626249940724346,0.62573265560827,0.594000181277191,0.597709435051916,0.601974772904202,0.604102165466964,0.609506364273728,0.609409382528115,0.623505762740629,0.626524510185455,0.627227483172221,0.604832972086088,0.603205702316657,0.598644544568942,0.592760100423083,0.59671874265471,0.566069412070943,0.566121136764097,0.613370435963528,0.598989959369345,0.569836150639943,0.756099059966456,0.496263453442569,0.496160549465689,0.494932752088771,0.495065786778345,0.521621631815817,0.520549620302639,0.519192234724157,0.520079507144176,0.520823229486403,0.520573389052465,0.520554352288994,0.520535432387706,0.520203680411055,0.519916076988124,0.516053124407864,0.539627131063914,0.541122044819101,0.541967016584791,0.542282052164711,0.523302720118914,0.525678040519027,0.526083207240042,0.527804063471352,0.523927485405881,0.531102193966424,0.531038197510977,0.542926304815649,0.542731504935331,0.54276983084157,0.543150387017895,0.520608226672746,0.525371935116914,0.526589226741368,0.516389501459896,0.516389501459896,0.517139194656662,0.518651981787202,0.518651984167462,0.518614128979227,0.518633050586846,0.517358729070294,0.517572641179809,0.517414359139854,0.518956649339965,0.517438972136499,0.517457670687908,0.515992177152024,0.518688811040188,0.518688811040188,0.518784880156682,0.51829970233014,0.518261456736182,0.518242298034552,0.516240734353167,0.521862184731771,0.524352793474582,0.524562584923174,0.527377489046761,0.528029470776034,0.527059787403125,0.526997266350654,0.529772141993547,0.529575772646951,0.531931326102869,0.528554985886209,0.529786593400439,0.532461956206239,0.532540233249047,0.532777151191912,0.533550990753911,0.534822739911576,0.534518411201786,0.534664389747422,0.534697273001847,0.534578686134434,0.534154292773996,0.534481854904444,0.534614019866943,0.532913723005798,0.534544146993072,0.532189554646155,0.532639284502029,0.531773927225556,0.530355637981545,0.52650090284883,0.51304904531776,0.515828314462508,0.517610530422975,0.557139346436978,0.564143414330108,0.56742210608448,0.56742210608448,0.572193723316643,0.554452041692678,0.540329328659346,0.544114989796672,0.544133534061324,0.544747294544121,0.694404021189438,0.650333465649428,0.525697951268233,0.55027535044462,0.550223177703294,0.560880708404589,0.563404107672042,0.562841211174502,0.563082398946053,0.563437006054025,0.569626997947134,0.563427850726526,0.563939199215062,0.566048190113713,0.563532059889086,0.565167615359312,0.565167615359312,0.565269032031915,0.565307312426427,0.565261295554698,0.566327046237398,0.563941641993146,0.565963752082314,0.564063116948082,0.564063116948082,0.567715919248325,0.567715919248325,0.564399766396541,0.564399766396541,0.557944189163141,0.550283941722099,0.551648123302499,0.551100726745235,0.551021876920006,0.551010899531848,0.550795095674532,0.550823304441664,0.540962434393098,0.541109655276935,0.541129924255331,0.542238066357712,0.542862671894792,0.542883303389715,0.547924963817088,0.561238578777877,0.563080624175146,0.547339846255184,0.475131466843594,0.243977600822184,0.242179635639351,0.235735426113798,0.21505077897268,0.215050856374159,0.207411546664313,0.207472194136392,0.0378210865890108,0.02739490868139,0,0.185548625858521,0.190791447756268,0.192986794330207,0.163935450935842,0.252557598289679,0.252436524164858,0.257626268277448,0.241335120568202,0.243549788418424,0.24421143711647,0.320344232479178
"LC215898.1",0.537740270267201,0.537674331003065,0.533863983869662,0.528572410467764,0.526716180725952,0.543296344600033,0.545934735251189,0.54595357043815,0.570440229886742,0.551361804216461,0.553159680053495,0.553204180426909,0.549820411632621,0.552316218362286,0.547393034478689,0.538928783740425,0.608017413042167,0.605051098131186,0.616618309769541,0.598137657950223,0.583048840623968,0.592046649974537,0.592094899086016,0.588488180046691,0.557237878076246,0.556649757084561,0.556104916568495,0.56739416343333,0.567462057292744,0.56737155173382,0.54121395567803,0.560281444367225,0.558105626309953,0.618297431733785,0.617780146617709,0.586047672286629,0.589756926061354,0.59402226391364,0.596149656476402,0.601553855283166,0.601456873537553,0.615553253750067,0.618572001194893,0.61927497418166,0.596880463095526,0.595253193326095,0.59069203557838,0.584807591432521,0.588766233664148,0.558116903080381,0.558168627773535,0.605417926972966,0.591037450378783,0.561883641649381,0.748146550975894,0.488310944452007,0.488208040475127,0.486980243098209,0.487113277787783,0.513669122825255,0.512597111312077,0.511239725733595,0.512126998153614,0.512870720495841,0.512620880061903,0.512601843298432,0.512582923397144,0.512251171420493,0.511963567997562,0.508100615417302,0.531674622073352,0.533169535828539,0.534014507594229,0.534329543174149,0.515350211128352,0.517725531528465,0.51813069824948,0.51985155448079,0.515974976415319,0.523149684975862,0.523085688520415,0.534973795825087,0.534778995944769,0.534817321851007,0.535197878027333,0.512655717682184,0.517419426126352,0.518636717750806,0.508436992469334,0.508436992469334,0.5091866856661,0.51069947279664,0.5106994751769,0.510661619988665,0.510680541596284,0.509406220079732,0.509620132189247,0.509461850149292,0.511004140349403,0.509486463145937,0.509505161697346,0.508039668161462,0.510736302049626,0.510736302049626,0.51083237116612,0.510347193339578,0.51030894774562,0.51028978904399,0.508288225362605,0.513909675741209,0.51640028448402,0.516610075932612,0.5194249800562,0.520076961785472,0.519107278412563,0.519044757360092,0.521819633002986,0.521623263656389,0.523978817112307,0.520602476895647,0.521834084409877,0.524509447215677,0.524587724258485,0.52482464220135,0.525598481763349,0.526870230921014,0.526565902211224,0.52671188075686,0.526744764011285,0.526626177143872,0.526201783783434,0.526529345913882,0.526661510876381,0.524961214015236,0.52659163800251,0.524237045655593,0.524686775511467,0.523821418234994,0.522403128990983,0.518548393858268,0.505096536327198,0.507875805471946,0.509658021432413,0.549186837446416,0.556190905339546,0.559469597093918,0.559469597093918,0.564241214326081,0.546499532702116,0.532376819668784,0.53616248080611,0.536181025070762,0.536794785553559,0.686451512198876,0.642380956658866,0.517745442277671,0.542322841454059,0.542270668712732,0.552928199414027,0.55545159868148,0.55488870218394,0.555129889955491,0.555484497063464,0.561674488956572,0.555475341735965,0.5559866902245,0.558095681123151,0.555579550898524,0.55721510636875,0.55721510636875,0.557316523041353,0.557354803435865,0.557308786564136,0.558374537246836,0.555989133002584,0.558011243091752,0.55611060795752,0.55611060795752,0.559763410257763,0.559763410257763,0.556447257405979,0.556447257405979,0.54999168017258,0.542331432731537,0.543695614311937,0.543148217754673,0.543069367929444,0.543058390541286,0.542842586683971,0.542870795451102,0.533009925402536,0.533157146286373,0.533177415264769,0.53428555736715,0.53491016290423,0.534930794399153,0.539972454826526,0.553286069787315,0.555128115184584,0.539387337264622,0.467178957853032,0.236025091831622,0.234227126648789,0.227782917123236,0.207098269982118,0.207098347383598,0.199459037673751,0.19951968514583,0.176677896603321,0.183221573698003,0.185548625858521,0,0.0359622593378502,0.0381576059117886,0.0919364807833221,0.244605089299117,0.244484015174297,0.249673759286886,0.23338261157764,0.235597279427862,0.236258928125908,0.312391723488616
"LC215899.2",0.542983092164948,0.542917152900813,0.53910680576741,0.533815232365511,0.5319590026237,0.54853916649778,0.551177557148937,0.551196392335897,0.57568305178449,0.556604626114208,0.558402501951243,0.558447002324656,0.555063233530368,0.557559040260033,0.552635856376436,0.544171605638172,0.613260234939915,0.610293920028933,0.621861131667288,0.60338047984797,0.588291662521715,0.597289471872285,0.597337720983763,0.593731001944439,0.562480699973994,0.561892578982308,0.561347738466242,0.572636985331077,0.572704879190491,0.572614373631567,0.546456777575778,0.565524266264972,0.5633484482077,0.623540253631532,0.623022968515456,0.591290494184376,0.594999747959101,0.599265085811387,0.60139247837415,0.606796677180913,0.6066996954353,0.620796075647814,0.62381482309264,0.624517796079407,0.602123284993273,0.600496015223843,0.595934857476127,0.590050413330268,0.594009055561895,0.563359724978129,0.563411449671282,0.610660748870713,0.59628027227653,0.567126463547128,0.753389372873641,0.493553766349755,0.493450862372874,0.492223064995956,0.49235609968553,0.518911944723003,0.517839933209824,0.516482547631342,0.517369820051361,0.518113542393589,0.51786370195965,0.51784466519618,0.517825745294891,0.517493993318241,0.51720638989531,0.513343437315049,0.536917443971099,0.538412357726287,0.539257329491976,0.539572365071896,0.520593033026099,0.522968353426213,0.523373520147228,0.525094376378537,0.521217798313066,0.52839250687361,0.528328510418163,0.540216617722835,0.540021817842517,0.540060143748755,0.54044069992508,0.517898539579932,0.522662248024099,0.523879539648553,0.513679814367082,0.513679814367082,0.514429507563847,0.515942294694387,0.515942297074648,0.515904441886412,0.515923363494031,0.51464904197748,0.514862954086994,0.514704672047039,0.516246962247151,0.514729285043684,0.514747983595094,0.513282490059209,0.515979123947373,0.515979123947373,0.516075193063867,0.515590015237326,0.515551769643367,0.515532610941738,0.513531047260352,0.519152497638956,0.521643106381767,0.52185289783036,0.524667801953947,0.525319783683219,0.52435010031031,0.524287579257839,0.527062454900733,0.526866085554137,0.529221639010054,0.525845298793394,0.527076906307624,0.529752269113425,0.529830546156232,0.530067464099097,0.530841303661096,0.532113052818762,0.531808724108971,0.531954702654607,0.531987585909032,0.53186899904162,0.531444605681181,0.53177216781163,0.531904332774128,0.530204035912983,0.531834459900257,0.529479867553341,0.529929597409214,0.529064240132741,0.527645950888731,0.523791215756015,0.510339358224945,0.513118627369694,0.51490084333016,0.554429659344163,0.561433727237293,0.564712418991666,0.564712418991666,0.569484036223828,0.551742354599863,0.537619641566532,0.541405302703858,0.541423846968509,0.542037607451306,0.691694334096624,0.647623778556613,0.522988264175418,0.547565663351806,0.547513490610479,0.558171021311775,0.560694420579227,0.560131524081687,0.560372711853239,0.560727318961211,0.566917310854319,0.560718163633712,0.561229512122247,0.563338503020898,0.560822372796272,0.562457928266497,0.562457928266497,0.5625593449391,0.562597625333612,0.562551608461884,0.563617359144583,0.561231954900331,0.563254064989499,0.561353429855267,0.561353429855267,0.56500623215551,0.56500623215551,0.561690079303726,0.561690079303726,0.555234502070327,0.547574254629284,0.548938436209685,0.548391039652421,0.548312189827192,0.548301212439033,0.548085408581718,0.548113617348849,0.538252747300283,0.53839996818412,0.538420237162516,0.539528379264897,0.540152984801978,0.5401736162969,0.545215276724274,0.558528891685062,0.560370937082331,0.544630159162369,0.472421779750779,0.241267913729369,0.239469948546536,0.233025739020984,0.212341091879865,0.212341169281345,0.204701859571498,0.204762507043578,0.181920718501069,0.18846439559575,0.190791447756268,0.0359622593378502,0,0.0277346143268488,0.0971793026810694,0.249847911196864,0.249726837072044,0.254916581184633,0.238625433475387,0.240840101325609,0.241501750023656,0.317634545386363
"LC469052.1",0.545178438738886,0.545112499474751,0.541302152341348,0.53601057893945,0.534154349197638,0.550734513071718,0.553372903722875,0.553391738909835,0.577878398358428,0.558799972688147,0.560597848525181,0.560642348898595,0.557258580104307,0.559754386833971,0.554831202950375,0.546366952212111,0.615455581513853,0.612489266602872,0.624056478241227,0.605575826421909,0.590487009095654,0.599484818446223,0.599533067557701,0.595926348518377,0.564676046547932,0.564087925556247,0.563543085040181,0.574832331905015,0.57490022576443,0.574809720205506,0.548652124149716,0.567719612838911,0.565543794781639,0.62573560020547,0.625218315089394,0.593485840758315,0.59719509453304,0.601460432385326,0.603587824948088,0.608992023754852,0.608895042009239,0.622991422221752,0.626010169666579,0.626713142653345,0.604318631567211,0.602691361797781,0.598130204050065,0.592245759904207,0.596204402135834,0.565555071552067,0.565606796245221,0.612856095444652,0.598475618850469,0.569321810121067,0.755584719447579,0.495749112923693,0.495646208946813,0.494418411569894,0.494551446259469,0.521107291296941,0.520035279783763,0.518677894205281,0.5195651666253,0.520308888967527,0.520059048533589,0.520040011770118,0.52002109186883,0.519689339892179,0.519401736469248,0.515538783888987,0.539112790545037,0.540607704300225,0.541452676065915,0.541767711645835,0.522788379600038,0.525163700000151,0.525568866721166,0.527289722952475,0.523413144887005,0.530587853447548,0.530523856992101,0.542411964296773,0.542217164416455,0.542255490322693,0.542636046499019,0.52009388615387,0.524857594598038,0.526074886222492,0.51587516094102,0.51587516094102,0.516624854137786,0.518137641268326,0.518137643648586,0.51809978846035,0.51811871006797,0.516844388551418,0.517058300660933,0.516900018620978,0.518442308821089,0.516924631617622,0.516943330169032,0.515477836633148,0.518174470521312,0.518174470521312,0.518270539637806,0.517785361811264,0.517747116217306,0.517727957515676,0.515726393834291,0.521347844212895,0.523838452955706,0.524048244404298,0.526863148527885,0.527515130257158,0.526545446884249,0.526482925831778,0.529257801474671,0.529061432128075,0.531416985583992,0.528040645367333,0.529272252881563,0.531947615687363,0.532025892730171,0.532262810673036,0.533036650235035,0.5343083993927,0.53400407068291,0.534150049228545,0.534182932482971,0.534064345615558,0.533639952255119,0.533967514385568,0.534099679348067,0.532399382486922,0.534029806474196,0.531675214127279,0.532124943983152,0.53125958670668,0.529841297462669,0.525986562329954,0.512534704798883,0.515313973943632,0.517096189904099,0.556625005918102,0.563629073811232,0.566907765565604,0.566907765565604,0.571679382797767,0.553937701173802,0.53981498814047,0.543600649277796,0.543619193542448,0.544232954025245,0.693889680670562,0.649819125130552,0.525183610749356,0.549761009925744,0.549708837184417,0.560366367885713,0.562889767153166,0.562326870655625,0.562568058427177,0.562922665535149,0.569112657428258,0.56291351020765,0.563424858696185,0.565533849594837,0.56301771937021,0.564653274840436,0.564653274840436,0.564754691513038,0.564792971907551,0.564746955035822,0.565812705718522,0.563427301474269,0.565449411563437,0.563548776429206,0.563548776429206,0.567201578729449,0.567201578729449,0.563885425877665,0.563885425877665,0.557429848644265,0.549769601203223,0.551133782783623,0.550586386226359,0.55050753640113,0.550496559012972,0.550280755155656,0.550308963922788,0.540448093874222,0.540595314758059,0.540615583736454,0.541723725838836,0.542348331375916,0.542368962870839,0.547410623298212,0.560724238259,0.56256628365627,0.546825505736308,0.474617126324718,0.243463260303308,0.241665295120475,0.235221085594922,0.214536438453804,0.214536515855283,0.206897206145437,0.206957853617516,0.184116065075007,0.190659742169689,0.192986794330207,0.0381576059117886,0.0277346143268488,0,0.0993746492550079,0.252043257770803,0.251922183645982,0.257111927758571,0.240820780049326,0.243035447899547,0.243697096597594,0.319829891960302
"MF766258.1",0.516127095344522,0.516061156080386,0.512250808946983,0.506959235545085,0.505103005803273,0.521683169677354,0.52432156032851,0.52434039551547,0.548827054964063,0.529748629293782,0.531546505130816,0.53159100550423,0.528207236709942,0.530703043439607,0.52577985955601,0.517315608817746,0.586404238119488,0.583437923208507,0.595005134846862,0.576524483027544,0.561435665701289,0.570433475051858,0.570481724163336,0.566875005124012,0.535624703153567,0.535036582161882,0.534491741645816,0.54578098851065,0.545848882370065,0.545758376811141,0.519600780755351,0.538668269444546,0.536492451387274,0.596684256811106,0.59616697169503,0.56443449736395,0.568143751138675,0.572409088990961,0.574536481553723,0.579940680360487,0.579843698614874,0.593940078827388,0.596958826272214,0.59766179925898,0.575267288172847,0.573640018403416,0.569078860655701,0.563194416509842,0.567153058741469,0.536503728157702,0.536555452850856,0.583804752050287,0.569424275456104,0.540270466726702,0.726533376053215,0.466697769529328,0.466594865552448,0.46536706817553,0.465500102865104,0.492055947902576,0.490983936389398,0.489626550810916,0.490513823230935,0.491257545573162,0.491007705139224,0.490988668375753,0.490969748474465,0.490637996497814,0.490350393074883,0.486487440494623,0.510061447150673,0.51155636090586,0.51240133267155,0.51271636825147,0.493737036205673,0.496112356605786,0.496517523326801,0.498238379558111,0.49436180149264,0.501536510053183,0.501472513597736,0.513360620902408,0.51316582102209,0.513204146928329,0.513584703104654,0.491042542759505,0.495806251203673,0.497023542828127,0.486823817546655,0.486823817546655,0.487573510743421,0.489086297873961,0.489086300254221,0.489048445065986,0.489067366673605,0.487793045157053,0.488006957266568,0.487848675226613,0.489390965426724,0.487873288223258,0.487891986774667,0.486426493238783,0.489123127126947,0.489123127126947,0.489219196243441,0.488734018416899,0.488695772822941,0.488676614121311,0.486675050439926,0.49229650081853,0.494787109561341,0.494996901009933,0.49781180513352,0.498463786862793,0.497494103489884,0.497431582437413,0.500206458080307,0.50001008873371,0.502365642189628,0.498989301972968,0.500220909487198,0.502896272292998,0.502974549335806,0.503211467278671,0.50398530684067,0.505257055998335,0.504952727288545,0.505098705834181,0.505131589088606,0.505013002221193,0.504588608860755,0.504916170991203,0.505048335953702,0.503348039092557,0.504978463079831,0.502623870732914,0.503073600588788,0.502208243312315,0.500789954068304,0.496935218935589,0.483483361404519,0.486262630549267,0.488044846509734,0.527573662523737,0.534577730416867,0.537856422171239,0.537856422171239,0.542628039403402,0.524886357779437,0.510763644746105,0.514549305883432,0.514567850148083,0.51518161063088,0.664838337276197,0.620767781736187,0.496132267354992,0.52070966653138,0.520657493790053,0.531315024491348,0.533838423758801,0.533275527261261,0.533516715032812,0.533871322140785,0.540061314033893,0.533862166813286,0.534373515301821,0.536482506200472,0.533966375975845,0.535601931446071,0.535601931446071,0.535703348118674,0.535741628513186,0.535695611641458,0.536761362324157,0.534375958079905,0.536398068169073,0.534497433034841,0.534497433034841,0.538150235335084,0.538150235335084,0.5348340824833,0.5348340824833,0.528378505249901,0.520718257808858,0.522082439389258,0.521535042831994,0.521456193006765,0.521445215618607,0.521229411761292,0.521257620528423,0.511396750479857,0.511543971363694,0.51156424034209,0.512672382444471,0.513296987981551,0.513317619476474,0.518359279903847,0.531672894864636,0.533514940261905,0.517774162341943,0.445565782930353,0.214411916908943,0.21261395172611,0.206169742200557,0.185485095059439,0.185485172460919,0.177845862751072,0.177906510223151,0.155064721680642,0.161608398775324,0.163935450935842,0.0919364807833221,0.0971793026810694,0.0993746492550079,0,0.222991914376438,0.222870840251618,0.228060584364207,0.211769436654961,0.213984104505183,0.214645753203229,0.290778548565937
"AY974192.2",0.538347014817754,0.538281075553619,0.534470728420216,0.529179155018318,0.527322925276506,0.543903089150586,0.546541479801743,0.546560314988703,0.571046974437296,0.551968548767014,0.553766424604049,0.553810924977463,0.550427156183175,0.552922962912839,0.547999779029243,0.539535528290979,0.608624157592721,0.60565784268174,0.617225054320095,0.598744402500777,0.583655585174522,0.592653394525091,0.592701643636569,0.589094924597245,0.5578446226268,0.557256501635115,0.556711661119048,0.568000907983883,0.568068801843297,0.567978296284374,0.541820700228584,0.560888188917779,0.558712370860506,0.618904176284338,0.618386891168262,0.586654416837182,0.590363670611908,0.594629008464193,0.596756401026956,0.60216059983372,0.602063618088106,0.61615999830062,0.619178745745447,0.619881718732213,0.597487207646079,0.595859937876649,0.591298780128933,0.585414335983075,0.589372978214702,0.558723647630935,0.558775372324089,0.60602467152352,0.591644194929337,0.562490386199934,0.748753295526447,0.488917689002561,0.488814785025681,0.487586987648762,0.487720022338337,0.514275867375809,0.513203855862631,0.511846470284148,0.512733742704168,0.513477465046395,0.513227624612456,0.513208587848986,0.513189667947698,0.512857915971047,0.512570312548116,0.508707359967855,0.532281366623905,0.533776280379093,0.534621252144782,0.534936287724703,0.515956955678906,0.518332276079019,0.518737442800034,0.520458299031343,0.516581720965872,0.523756429526416,0.523692433070969,0.535580540375641,0.535385740495323,0.535424066401561,0.535804622577887,0.513262462232738,0.518026170676906,0.51924346230136,0.509043737019888,0.509043737019888,0.509793430216654,0.511306217347194,0.511306219727454,0.511268364539218,0.511287286146838,0.510012964630286,0.5102268767398,0.510068594699846,0.511610884899957,0.51009320769649,0.5101119062479,0.508646412712016,0.51134304660018,0.51134304660018,0.511439115716674,0.510953937890132,0.510915692296174,0.510896533594544,0.508894969913159,0.514516420291763,0.517007029034574,0.517216820483166,0.520031724606753,0.520683706336026,0.519714022963117,0.519651501910645,0.522426377553539,0.522230008206943,0.52458556166286,0.5212092214462,0.522440828960431,0.525116191766231,0.525194468809039,0.525431386751903,0.526205226313903,0.527476975471568,0.527172646761778,0.527318625307413,0.527351508561838,0.527232921694426,0.526808528333987,0.527136090464436,0.527268255426934,0.52556795856579,0.527198382553063,0.524843790206147,0.52529352006202,0.524428162785548,0.523009873541537,0.519155138408821,0.505703280877751,0.5084825500225,0.510264765982966,0.549793581996969,0.556797649890099,0.560076341644472,0.560076341644472,0.564847958876635,0.54710627725267,0.532983564219338,0.536769225356664,0.536787769621316,0.537401530104113,0.68705825674943,0.64298770120942,0.518352186828224,0.542929586004612,0.542877413263285,0.553534943964581,0.556058343232033,0.555495446734493,0.555736634506045,0.556091241614017,0.562281233507126,0.556082086286518,0.556593434775053,0.558702425673705,0.556186295449078,0.557821850919303,0.557821850919303,0.557923267591906,0.557961547986419,0.55791553111469,0.55898128179739,0.556595877553137,0.558617987642305,0.556717352508073,0.556717352508073,0.560370154808317,0.560370154808317,0.557054001956533,0.557054001956533,0.550598424723133,0.542938177282091,0.544302358862491,0.543754962305227,0.543676112479998,0.54366513509184,0.543449331234524,0.543477540001655,0.533616669953089,0.533763890836927,0.533784159815322,0.534892301917703,0.535516907454784,0.535537538949707,0.54057919937708,0.553892814337868,0.555734859735138,0.539994081815175,0.496458538323223,0.265304672301813,0.26350670711898,0.257062497593428,0.236377850452309,0.236377927853789,0.228738618143942,0.228799265616022,0.243686869034479,0.25023054612916,0.252557598289679,0.244605089299117,0.249847911196864,0.252043257770803,0.222991914376438,0,0.000121906298269853,0.0247074190080637,0.0303715663686935,0.055634824588614,0.0562964732866604,0.312998468039169
"KJ508818.1",0.538225940692934,0.538160001428799,0.534349654295396,0.529058080893497,0.527201851151686,0.543782015025766,0.546420405676923,0.546439240863883,0.570925900312476,0.551847474642194,0.553645350479229,0.553689850852642,0.550306082058354,0.552801888788019,0.547878704904422,0.539414454166158,0.608503083467901,0.605536768556919,0.617103980195275,0.598623328375956,0.583534511049702,0.592532320400271,0.592580569511749,0.588973850472425,0.55772354850198,0.557135427510294,0.556590586994228,0.567879833859063,0.567947727718477,0.567857222159553,0.541699626103764,0.560767114792958,0.558591296735686,0.618783102159518,0.618265817043442,0.586533342712362,0.590242596487087,0.594507934339373,0.596635326902136,0.602039525708899,0.601942543963286,0.6160389241758,0.619057671620626,0.619760644607393,0.597366133521259,0.595738863751829,0.591177706004113,0.585293261858254,0.589251904089881,0.558602573506115,0.558654298199269,0.6059035973987,0.591523120804517,0.562369312075114,0.748632221401627,0.488796614877741,0.48869371090086,0.487465913523942,0.487598948213516,0.514154793250989,0.51308278173781,0.511725396159328,0.512612668579348,0.513356390921575,0.513106550487636,0.513087513724166,0.513068593822877,0.512736841846227,0.512449238423296,0.508586285843035,0.532160292499085,0.533655206254273,0.534500178019962,0.534815213599882,0.515835881554085,0.518211201954199,0.518616368675214,0.520337224906523,0.516460646841052,0.523635355401596,0.523571358946149,0.535459466250821,0.535264666370503,0.535302992276741,0.535683548453067,0.513141388107918,0.517905096552086,0.519122388176539,0.508922662895068,0.508922662895068,0.509672356091834,0.511185143222373,0.511185145602634,0.511147290414398,0.511166212022018,0.509891890505466,0.51010580261498,0.509947520575025,0.511489810775137,0.50997213357167,0.50999083212308,0.508525338587196,0.511221972475359,0.511221972475359,0.511318041591853,0.510832863765312,0.510794618171354,0.510775459469724,0.508773895788338,0.514395346166943,0.516885954909753,0.517095746358346,0.519910650481933,0.520562632211205,0.519592948838296,0.519530427785825,0.522305303428719,0.522108934082123,0.52446448753804,0.52108814732138,0.522319754835611,0.524995117641411,0.525073394684218,0.525310312627083,0.526084152189083,0.527355901346748,0.527051572636957,0.527197551182593,0.527230434437018,0.527111847569606,0.526687454209167,0.527015016339616,0.527147181302114,0.52544688444097,0.527077308428243,0.524722716081327,0.5251724459372,0.524307088660728,0.522888799416717,0.519034064284001,0.505582206752931,0.50836147589768,0.510143691858146,0.549672507872149,0.556676575765279,0.559955267519652,0.559955267519652,0.564726884751814,0.546985203127849,0.532862490094518,0.536648151231844,0.536666695496495,0.537280455979293,0.68693718262461,0.6428666270846,0.518231112703404,0.542808511879792,0.542756339138465,0.55341386983976,0.555937269107213,0.555374372609673,0.555615560381225,0.555970167489197,0.562160159382305,0.555961012161698,0.556472360650233,0.558581351548885,0.556065221324258,0.557700776794483,0.557700776794483,0.557802193467086,0.557840473861598,0.55779445698987,0.55886020767257,0.556474803428317,0.558496913517485,0.556596278383253,0.556596278383253,0.560249080683496,0.560249080683496,0.556932927831713,0.556932927831713,0.550477350598313,0.54281710315727,0.544181284737671,0.543633888180407,0.543555038355178,0.543544060967019,0.543328257109704,0.543356465876835,0.533495595828269,0.533642816712106,0.533663085690502,0.534771227792883,0.535395833329964,0.535416464824886,0.54045812525226,0.553771740213048,0.555613785610317,0.539873007690355,0.496337464198403,0.265183598176993,0.26338563299416,0.256941423468607,0.236256776327489,0.236256853728969,0.228617544019122,0.228678191491201,0.243565794909659,0.25010947200434,0.252436524164858,0.244484015174297,0.249726837072044,0.251922183645982,0.222870840251618,0.000121906298269853,0,0.0245863448832435,0.0302504922438733,0.0555137504637937,0.0561753991618402,0.312877393914349
"LC215886.1",0.543415684805523,0.543349745541388,0.539539398407985,0.534247825006086,0.532391595264275,0.548971759138355,0.551610149789512,0.551628984976472,0.576115644425065,0.557037218754783,0.558835094591818,0.558879594965232,0.555495826170944,0.557991632900608,0.553068449017012,0.544604198278747,0.61369282758049,0.610726512669508,0.622293724307864,0.603813072488545,0.588724255162291,0.59772206451286,0.597770313624338,0.594163594585014,0.562913292614569,0.562325171622883,0.561780331106817,0.573069577971652,0.573137471831066,0.573046966272143,0.546889370216353,0.565956858905547,0.563781040848275,0.623972846272107,0.623455561156031,0.591723086824951,0.595432340599676,0.599697678451962,0.601825071014725,0.607229269821489,0.607132288075875,0.621228668288389,0.624247415733215,0.624950388719982,0.602555877633848,0.600928607864418,0.596367450116702,0.590483005970844,0.594441648202471,0.563792317618704,0.563844042311858,0.611093341511289,0.596712864917106,0.567559056187703,0.753821965514216,0.49398635899033,0.49388345501345,0.492655657636531,0.492788692326106,0.519344537363578,0.5182725258504,0.516915140271917,0.517802412691937,0.518546135034164,0.518296294600225,0.518277257836755,0.518258337935466,0.517926585958816,0.517638982535885,0.513776029955624,0.537350036611674,0.538844950366862,0.539689922132551,0.540004957712472,0.521025625666674,0.523400946066788,0.523806112787803,0.525526969019112,0.521650390953641,0.528825099514185,0.528761103058738,0.54064921036341,0.540454410483092,0.54049273638933,0.540873292565656,0.518331132220507,0.523094840664675,0.524312132289128,0.514112407007657,0.514112407007657,0.514862100204423,0.516374887334962,0.516374889715223,0.516337034526987,0.516355956134607,0.515081634618055,0.515295546727569,0.515137264687614,0.516679554887726,0.515161877684259,0.515180576235669,0.513715082699785,0.516411716587948,0.516411716587948,0.516507785704443,0.516022607877901,0.515984362283943,0.515965203582313,0.513963639900928,0.519585090279532,0.522075699022342,0.522285490470935,0.525100394594522,0.525752376323795,0.524782692950886,0.524720171898414,0.527495047541308,0.527298678194712,0.529654231650629,0.526277891433969,0.5275094989482,0.530184861754,0.530263138796807,0.530500056739672,0.531273896301672,0.532545645459337,0.532241316749546,0.532387295295182,0.532420178549607,0.532301591682195,0.531877198321756,0.532204760452205,0.532336925414703,0.530636628553559,0.532267052540832,0.529912460193916,0.530362190049789,0.529496832773317,0.528078543529306,0.52422380839659,0.51077195086552,0.513551220010269,0.515333435970735,0.554862251984738,0.561866319877868,0.565145011632241,0.565145011632241,0.569916628864403,0.552174947240438,0.538052234207107,0.541837895344433,0.541856439609084,0.542470200091882,0.692126926737199,0.648056371197189,0.523420856815993,0.547998255992381,0.547946083251054,0.55860361395235,0.561127013219802,0.560564116722262,0.560805304493814,0.561159911601786,0.567349903494894,0.561150756274287,0.561662104762822,0.563771095661474,0.561254965436847,0.562890520907072,0.562890520907072,0.562991937579675,0.563030217974188,0.562984201102459,0.564049951785159,0.561664547540906,0.563686657630074,0.561786022495842,0.561786022495842,0.565438824796086,0.565438824796086,0.562122671944302,0.562122671944302,0.555667094710902,0.54800684726986,0.54937102885026,0.548823632292996,0.548744782467767,0.548733805079609,0.548518001222293,0.548546209989424,0.538685339940858,0.538832560824695,0.538852829803091,0.539960971905472,0.540585577442553,0.540606208937475,0.545647869364849,0.558961484325637,0.560803529722906,0.545062751802944,0.501527208310992,0.270373342289582,0.268575377106749,0.262131167581197,0.241446520440078,0.241446597841558,0.233807288131711,0.23386793560379,0.248755539022248,0.255299216116929,0.257626268277448,0.249673759286886,0.254916581184633,0.257111927758571,0.228060584364207,0.0247074190080637,0.0245863448832435,0,0.0354402363564624,0.0607034945763828,0.0613651432744293,0.318067138026938
"LC215887.1",0.527124537096278,0.527058597832142,0.523248250698739,0.517956677296841,0.516100447555029,0.53268061142911,0.535319002080266,0.535337837267227,0.559824496715819,0.540746071045538,0.542543946882572,0.542588447255986,0.539204678461698,0.541700485191362,0.536777301307766,0.528313050569502,0.597401679871244,0.594435364960263,0.606002576598618,0.5875219247793,0.572433107453045,0.581430916803614,0.581479165915092,0.577872446875768,0.546622144905323,0.546034023913638,0.545489183397572,0.556778430262406,0.556846324121821,0.556755818562897,0.530598222507107,0.549665711196302,0.54748989313903,0.607681698562861,0.607164413446786,0.575431939115706,0.579141192890431,0.583406530742717,0.585533923305479,0.590938122112243,0.59084114036663,0.604937520579144,0.60795626802397,0.608659241010737,0.586264729924602,0.584637460155172,0.580076302407457,0.574191858261598,0.578150500493225,0.547501169909458,0.547552894602612,0.594802193802043,0.58042171720786,0.551267908478458,0.73753081780497,0.477695211281084,0.477592307304204,0.476364509927286,0.47649754461686,0.503053389654332,0.501981378141154,0.500623992562672,0.501511264982691,0.502254987324918,0.50200514689098,0.501986110127509,0.501967190226221,0.50163543824957,0.501347834826639,0.497484882246379,0.521058888902429,0.522553802657616,0.523398774423306,0.523713810003226,0.504734477957429,0.507109798357542,0.507514965078557,0.509235821309867,0.505359243244396,0.512533951804939,0.512469955349492,0.524358062654164,0.524163262773846,0.524201588680084,0.52458214485641,0.502039984511261,0.506803692955429,0.508020984579883,0.497821259298411,0.497821259298411,0.498570952495177,0.500083739625717,0.500083742005977,0.500045886817742,0.500064808425361,0.498790486908809,0.499004399018324,0.498846116978369,0.50038840717848,0.498870729975014,0.498889428526423,0.497423934990539,0.500120568878703,0.500120568878703,0.500216637995197,0.499731460168655,0.499693214574697,0.499674055873067,0.497672492191682,0.503293942570286,0.505784551313097,0.505994342761689,0.508809246885277,0.509461228614549,0.50849154524164,0.508429024189169,0.511203899832062,0.511007530485466,0.513363083941384,0.509986743724724,0.511218351238954,0.513893714044754,0.513971991087562,0.514208909030427,0.514982748592426,0.516254497750091,0.515950169040301,0.516096147585937,0.516129030840362,0.51601044397295,0.51558605061251,0.515913612742959,0.516045777705458,0.514345480844313,0.515975904831587,0.51362131248467,0.514071042340544,0.513205685064071,0.51178739582006,0.507932660687345,0.494480803156274,0.497260072301023,0.49904228826149,0.538571104275493,0.545575172168623,0.548853863922995,0.548853863922995,0.553625481155158,0.535883799531193,0.521761086497861,0.525546747635187,0.525565291899839,0.526179052382636,0.675835779027953,0.631765223487943,0.507129709106747,0.531707108283135,0.531654935541808,0.542312466243104,0.544835865510557,0.544272969013017,0.544514156784568,0.54486876389254,0.551058755785649,0.544859608565042,0.545370957053577,0.547479947952228,0.544963817727601,0.546599373197827,0.546599373197827,0.54670078987043,0.546739070264942,0.546693053393213,0.547758804075913,0.545373399831661,0.547395509920829,0.545494874786597,0.545494874786597,0.54914767708684,0.54914767708684,0.545831524235056,0.545831524235056,0.539375947001657,0.531715699560614,0.533079881141014,0.53253248458375,0.532453634758521,0.532442657370363,0.532226853513047,0.532255062280179,0.522394192231613,0.52254141311545,0.522561682093846,0.523669824196227,0.524294429733307,0.52431506122823,0.529356721655603,0.542670336616392,0.544512382013661,0.528771604093699,0.485236060601747,0.254082194580337,0.252284229397503,0.245840019871951,0.225155372730832,0.225155450132312,0.217516140422466,0.217576787894545,0.232464391313002,0.239008068407684,0.241335120568202,0.23338261157764,0.238625433475387,0.240820780049326,0.211769436654961,0.0303715663686935,0.0302504922438733,0.0354402363564624,0,0.0444123468671372,0.0450739955651837,0.301775990317693
"LC215888.1",0.529339204946499,0.529273265682364,0.525462918548961,0.520171345147063,0.518315115405251,0.534895279279331,0.537533669930488,0.537552505117448,0.562039164566041,0.542960738895759,0.544758614732794,0.544803115106207,0.541419346311919,0.543915153041584,0.538991969157988,0.530527718419723,0.599616347721466,0.596650032810484,0.60821724444884,0.589736592629521,0.574647775303267,0.583645584653836,0.583693833765314,0.58008711472599,0.548836812755545,0.548248691763859,0.547703851247793,0.558993098112628,0.559060991972042,0.558970486413119,0.532812890357329,0.551880379046524,0.549704560989251,0.609896366413083,0.609379081297007,0.577646606965927,0.581355860740652,0.585621198592938,0.587748591155701,0.593152789962465,0.593055808216851,0.607152188429365,0.610170935874191,0.610873908860958,0.588479397774824,0.586852128005394,0.582290970257678,0.57640652611182,0.580365168343447,0.54971583775968,0.549767562452834,0.597016861652265,0.582636385058082,0.553482576328679,0.739745485655192,0.479909879131306,0.479806975154426,0.478579177777507,0.478712212467082,0.505268057504554,0.504196045991375,0.502838660412893,0.503725932832913,0.50446965517514,0.504219814741201,0.504200777977731,0.504181858076442,0.503850106099792,0.503562502676861,0.4996995500966,0.52327355675265,0.524768470507838,0.525613442273527,0.525928477853448,0.50694914580765,0.509324466207764,0.509729632928779,0.511450489160088,0.507573911094617,0.514748619655161,0.514684623199714,0.526572730504386,0.526377930624068,0.526416256530306,0.526796812706632,0.504254652361483,0.509018360805651,0.510235652430104,0.500035927148633,0.500035927148633,0.500785620345399,0.502298407475938,0.502298409856199,0.502260554667963,0.502279476275583,0.501005154759031,0.501219066868545,0.50106078482859,0.502603075028702,0.501085397825235,0.501104096376645,0.499638602840761,0.502335236728924,0.502335236728924,0.502431305845419,0.501946128018877,0.501907882424919,0.501888723723289,0.499887160041904,0.505508610420508,0.507999219163318,0.508209010611911,0.511023914735498,0.511675896464771,0.510706213091861,0.51064369203939,0.513418567682284,0.513222198335688,0.515577751791605,0.512201411574945,0.513433019089176,0.516108381894976,0.516186658937783,0.516423576880648,0.517197416442648,0.518469165600313,0.518164836890522,0.518310815436158,0.518343698690583,0.518225111823171,0.517800718462732,0.518128280593181,0.518260445555679,0.516560148694535,0.518190572681808,0.515835980334892,0.516285710190765,0.515420352914293,0.514002063670282,0.510147328537566,0.496695471006496,0.499474740151245,0.501256956111711,0.540785772125714,0.547789840018844,0.551068531773217,0.551068531773217,0.555840149005379,0.538098467381415,0.523975754348083,0.527761415485409,0.52777995975006,0.528393720232858,0.678050446878175,0.633979891338165,0.509344376956969,0.533921776133357,0.53386960339203,0.544527134093326,0.547050533360778,0.546487636863238,0.54672882463479,0.547083431742762,0.55327342363587,0.547074276415263,0.547585624903798,0.54969461580245,0.547178485577823,0.548814041048048,0.548814041048048,0.548915457720651,0.548953738115163,0.548907721243435,0.549973471926135,0.547588067681882,0.54961017777105,0.547709542636818,0.547709542636818,0.551362344937061,0.551362344937061,0.548046192085278,0.548046192085278,0.541590614851878,0.533930367410836,0.535294548991236,0.534747152433972,0.534668302608743,0.534657325220585,0.534441521363269,0.5344697301304,0.524608860081834,0.524756080965671,0.524776349944067,0.525884492046448,0.526509097583529,0.526529729078452,0.531571389505825,0.544885004466613,0.546727049863882,0.53098627194392,0.487450728451968,0.256296862430558,0.254498897247725,0.248054687722173,0.227370040581054,0.227370117982534,0.219730808272687,0.219791455744766,0.234679059163224,0.241222736257905,0.243549788418424,0.235597279427862,0.240840101325609,0.243035447899547,0.213984104505183,0.055634824588614,0.0555137504637937,0.0607034945763828,0.0444123468671372,0,0.038709694378132,0.303990658167914
"LC483441.1",0.530000853644546,0.52993491438041,0.526124567247007,0.520832993845109,0.518976764103297,0.535556927977378,0.538195318628534,0.538214153815495,0.562700813264087,0.543622387593806,0.54542026343084,0.545464763804254,0.542080995009966,0.544576801739631,0.539653617856034,0.53118936711777,0.600277996419513,0.597311681508531,0.608878893146886,0.590398241327568,0.575309424001313,0.584307233351882,0.58435548246336,0.580748763424036,0.549498461453591,0.548910340461906,0.54836549994584,0.559654746810674,0.559722640670089,0.559632135111165,0.533474539055375,0.55254202774457,0.550366209687298,0.61055801511113,0.610040729995054,0.578308255663974,0.582017509438699,0.586282847290985,0.588410239853748,0.593814438660511,0.593717456914898,0.607813837127412,0.610832584572238,0.611535557559005,0.589141046472871,0.58751377670344,0.582952618955725,0.577068174809866,0.581026817041493,0.550377486457726,0.55042921115088,0.597678510350311,0.583298033756128,0.554144225026726,0.740407134353239,0.480571527829352,0.480468623852472,0.479240826475554,0.479373861165128,0.5059297062026,0.504857694689422,0.50350030911094,0.504387581530959,0.505131303873186,0.504881463439248,0.504862426675777,0.504843506774489,0.504511754797838,0.504224151374907,0.500361198794647,0.523935205450697,0.525430119205884,0.526275090971574,0.526590126551494,0.507610794505697,0.50998611490581,0.510391281626825,0.512112137858135,0.508235559792664,0.515410268353207,0.51534627189776,0.527234379202432,0.527039579322114,0.527077905228353,0.527458461404678,0.504916301059529,0.509680009503697,0.510897301128151,0.500697575846679,0.500697575846679,0.501447269043445,0.502960056173985,0.502960058554245,0.50292220336601,0.502941124973629,0.501666803457077,0.501880715566592,0.501722433526637,0.503264723726748,0.501747046523282,0.501765745074692,0.500300251538807,0.502996885426971,0.502996885426971,0.503092954543465,0.502607776716923,0.502569531122965,0.502550372421335,0.50054880873995,0.506170259118554,0.508660867861365,0.508870659309957,0.511685563433545,0.512337545162817,0.511367861789908,0.511305340737437,0.514080216380331,0.513883847033734,0.516239400489652,0.512863060272992,0.514094667787222,0.516770030593022,0.51684830763583,0.517085225578695,0.517859065140694,0.519130814298359,0.518826485588569,0.518972464134205,0.51900534738863,0.518886760521218,0.518462367160779,0.518789929291227,0.518922094253726,0.517221797392581,0.518852221379855,0.516497629032938,0.516947358888812,0.516082001612339,0.514663712368328,0.510808977235613,0.497357119704542,0.500136388849291,0.501918604809758,0.541447420823761,0.548451488716891,0.551730180471263,0.551730180471263,0.556501797703426,0.538760116079461,0.524637403046129,0.528423064183456,0.528441608448107,0.529055368930904,0.678712095576221,0.634641540036211,0.510006025655016,0.534583424831404,0.534531252090077,0.545188782791372,0.547712182058825,0.547149285561285,0.547390473332836,0.547745080440808,0.553935072333917,0.54773592511331,0.548247273601845,0.550356264500496,0.547840134275869,0.549475689746095,0.549475689746095,0.549577106418698,0.54961538681321,0.549569369941482,0.550635120624181,0.548249716379929,0.550271826469097,0.548371191334865,0.548371191334865,0.552023993635108,0.552023993635108,0.548707840783324,0.548707840783324,0.542252263549925,0.534592016108882,0.535956197689282,0.535408801132018,0.535329951306789,0.535318973918631,0.535103170061315,0.535131378828447,0.525270508779881,0.525417729663718,0.525437998642114,0.526546140744495,0.527170746281575,0.527191377776498,0.532233038203871,0.54554665316466,0.547388698561929,0.531647920641967,0.488112377150015,0.256958511128605,0.255160545945771,0.248716336420219,0.2280316892791,0.22803176668058,0.220392456970734,0.220453104442813,0.23534070786127,0.241884384955952,0.24421143711647,0.236258928125908,0.241501750023656,0.243697096597594,0.214645753203229,0.0562964732866604,0.0561753991618402,0.0613651432744293,0.0450739955651837,0.038709694378132,0,0.304652306865961
"MH003837.1",0.524504131477628,0.524438192213493,0.52062784508009,0.515336271678192,0.51348004193638,0.53006020581046,0.532698596461617,0.532717431648577,0.55720409109717,0.538125665426888,0.539923541263923,0.539968041637337,0.536584272843049,0.539080079572713,0.534156895689117,0.525692644950852,0.594781274252595,0.591814959341614,0.603382170979969,0.584901519160651,0.569812701834396,0.578810511184965,0.578858760296443,0.575252041257119,0.544001739286674,0.543413618294988,0.542868777778922,0.554158024643757,0.554225918503171,0.554135412944248,0.527977816888458,0.547045305577653,0.54486948752038,0.605061292944212,0.604544007828136,0.572811533497056,0.576520787271781,0.580786125124067,0.58291351768683,0.588317716493594,0.58822073474798,0.602317114960494,0.60533586240532,0.606038835392087,0.583644324305953,0.582017054536523,0.577455896788807,0.571571452642949,0.575530094874576,0.544880764290809,0.544932488983963,0.592181788183394,0.577801311589211,0.548647502859808,0.734910412186321,0.475074805662435,0.474971901685555,0.473744104308636,0.473877138998211,0.500432984035683,0.499360972522505,0.498003586944022,0.498890859364042,0.499634581706269,0.49938474127233,0.49936570450886,0.499346784607572,0.499015032630921,0.49872742920799,0.494864476627729,0.518438483283779,0.519933397038967,0.520778368804656,0.521093404384577,0.50211407233878,0.504489392738893,0.504894559459908,0.506615415691217,0.502738837625746,0.50991354618629,0.509849549730843,0.521737657035515,0.521542857155197,0.521581183061435,0.521961739237761,0.499419578892612,0.50418328733678,0.505400578961233,0.495200853679762,0.495200853679762,0.495950546876528,0.497463334007068,0.497463336387328,0.497425481199092,0.497444402806712,0.49617008129016,0.496383993399674,0.49622571135972,0.497768001559831,0.496250324356364,0.496269022907774,0.49480352937189,0.497500163260053,0.497500163260053,0.497596232376548,0.497111054550006,0.497072808956048,0.497053650254418,0.495052086573033,0.500673536951637,0.503164145694448,0.50337393714304,0.506188841266627,0.5068408229959,0.505871139622991,0.505808618570519,0.508583494213413,0.508387124866817,0.510742678322734,0.507366338106074,0.508597945620305,0.511273308426105,0.511351585468912,0.511588503411777,0.512362342973777,0.513634092131442,0.513329763421651,0.513475741967287,0.513508625221713,0.5133900383543,0.512965644993861,0.51329320712431,0.513425372086808,0.511725075225664,0.513355499212937,0.511000906866021,0.511450636721894,0.510585279445422,0.509166990201411,0.505312255068695,0.491860397537625,0.494639666682374,0.496421882642841,0.535950698656843,0.542954766549973,0.546233458304346,0.546233458304346,0.551005075536508,0.533263393912544,0.519140680879212,0.522926342016538,0.52294488628119,0.523558646763987,0.673215373409304,0.629144817869294,0.504509303488098,0.529086702664486,0.529034529923159,0.539692060624455,0.542215459891907,0.541652563394367,0.541893751165919,0.542248358273891,0.548438350167,0.542239202946392,0.542750551434927,0.544859542333579,0.542343412108952,0.543978967579178,0.543978967579178,0.54408038425178,0.544118664646292,0.544072647774564,0.545138398457264,0.542752994213011,0.544775104302179,0.542874469167947,0.542874469167947,0.546527271468191,0.546527271468191,0.543211118616407,0.543211118616407,0.536755541383007,0.529095293941965,0.530459475522365,0.529912078965101,0.529833229139872,0.529822251751714,0.529606447894398,0.529634656661529,0.519773786612963,0.5199210074968,0.519941276475196,0.521049418577577,0.521674024114658,0.52169465560958,0.526736316036954,0.540049930997742,0.541891976395012,0.526151198475049,0.564245172512722,0.333091306491312,0.331293341308479,0.324849131782927,0.304164484641808,0.304164562043288,0.296525252333441,0.296585899805521,0.311473503223978,0.318017180318659,0.320344232479178,0.312391723488616,0.317634545386363,0.319829891960302,0.290778548565937,0.312998468039169,0.312877393914349,0.318067138026938,0.301775990317693,0.303990658167914,0.304652306865961,0
